class,person,video,path,processed
College office,person1,office_1_aug_1.mp4,/content/drive/MyDrive/all dataset/College office/person1/office_1_aug_1.mp4,0
College office,person1,office_1_aug_2.mp4,/content/drive/MyDrive/all dataset/College office/person1/office_1_aug_2.mp4,0
College office,person1,office_1_aug_5.mp4,/content/drive/MyDrive/all dataset/College office/person1/office_1_aug_5.mp4,0
College office,person1,office_1_aug_6.mp4,/content/drive/MyDrive/all dataset/College office/person1/office_1_aug_6.mp4,0
College office,person1,office_1_aug_7.mp4,/content/drive/MyDrive/all dataset/College office/person1/office_1_aug_7.mp4,0
College office,person1,office_1_aug_8.mp4,/content/drive/MyDrive/all dataset/College office/person1/office_1_aug_8.mp4,0
College office,person1,office_1_aug_9.mp4,/content/drive/MyDrive/all dataset/College office/person1/office_1_aug_9.mp4,0
College office,person1,office_1_aug_10.mp4,/content/drive/MyDrive/all dataset/College office/person1/office_1_aug_10.mp4,0
College office,person1,office_1_aug_11.mp4,/content/drive/MyDrive/all dataset/College office/person1/office_1_aug_11.mp4,0
College office,person1,office_1_aug_13.mp4,/content/drive/MyDrive/all dataset/College office/person1/office_1_aug_13.mp4,0
College office,person1,office_1_aug_1_aug_38999f26.mp4,/content/drive/MyDrive/all dataset/College office/person1/office_1_aug_1_aug_38999f26.mp4,0
College office,person1,office_1_aug_10_aug_321f0cec.mp4,/content/drive/MyDrive/all dataset/College office/person1/office_1_aug_10_aug_321f0cec.mp4,0
College office,person1,office_1_aug_11_aug_4921bd52.mp4,/content/drive/MyDrive/all dataset/College office/person1/office_1_aug_11_aug_4921bd52.mp4,0
College office,person1,office_1_aug_13_aug_dfafd2d9.mp4,/content/drive/MyDrive/all dataset/College office/person1/office_1_aug_13_aug_dfafd2d9.mp4,0
College office,person1,office_1_aug_2_aug_1f1b538a.mp4,/content/drive/MyDrive/all dataset/College office/person1/office_1_aug_2_aug_1f1b538a.mp4,0
College office,person1,office_1_aug_5_aug_dfcb2574.mp4,/content/drive/MyDrive/all dataset/College office/person1/office_1_aug_5_aug_dfcb2574.mp4,0
College office,person1,office_1_aug_6_aug_8191fc7c.mp4,/content/drive/MyDrive/all dataset/College office/person1/office_1_aug_6_aug_8191fc7c.mp4,0
College office,person1,office_1_aug_7_aug_001178d3.mp4,/content/drive/MyDrive/all dataset/College office/person1/office_1_aug_7_aug_001178d3.mp4,0
College office,person1,office_1_aug_1_aug_d981e34a.mp4,/content/drive/MyDrive/all dataset/College office/person1/office_1_aug_1_aug_d981e34a.mp4,0
College office,person1,office_1_aug_10_aug_fdd30ce6.mp4,/content/drive/MyDrive/all dataset/College office/person1/office_1_aug_10_aug_fdd30ce6.mp4,0
College office,person2,office_1.mp4,/content/drive/MyDrive/all dataset/College office/person2/office_1.mp4,0
College office,person2,office_1_aug_1.mp4,/content/drive/MyDrive/all dataset/College office/person2/office_1_aug_1.mp4,0
College office,person2,office_1_aug_2.mp4,/content/drive/MyDrive/all dataset/College office/person2/office_1_aug_2.mp4,0
College office,person2,office_1_aug_3.mp4,/content/drive/MyDrive/all dataset/College office/person2/office_1_aug_3.mp4,0
College office,person2,office_1_aug_5.mp4,/content/drive/MyDrive/all dataset/College office/person2/office_1_aug_5.mp4,0
College office,person2,office_1_aug_6.mp4,/content/drive/MyDrive/all dataset/College office/person2/office_1_aug_6.mp4,0
College office,person2,office_1_aug_7.mp4,/content/drive/MyDrive/all dataset/College office/person2/office_1_aug_7.mp4,0
College office,person2,office_1_aug_8.mp4,/content/drive/MyDrive/all dataset/College office/person2/office_1_aug_8.mp4,0
College office,person2,office_1_aug_10.mp4,/content/drive/MyDrive/all dataset/College office/person2/office_1_aug_10.mp4,0
College office,person2,office_1_aug_13.mp4,/content/drive/MyDrive/all dataset/College office/person2/office_1_aug_13.mp4,0
College office,person2,office_1_aug1.mp4,/content/drive/MyDrive/all dataset/College office/person2/office_1_aug1.mp4,0
College office,person2,office_1_aug_262dbdd8.mp4,/content/drive/MyDrive/all dataset/College office/person2/office_1_aug_262dbdd8.mp4,0
College office,person2,office_1_aug_dd0f3eed.mp4,/content/drive/MyDrive/all dataset/College office/person2/office_1_aug_dd0f3eed.mp4,0
College office,person2,office_1_aug_3ca7b801.mp4,/content/drive/MyDrive/all dataset/College office/person2/office_1_aug_3ca7b801.mp4,0
College office,person2,office_1_aug_c3f10a13.mp4,/content/drive/MyDrive/all dataset/College office/person2/office_1_aug_c3f10a13.mp4,0
College office,person2,office_1_aug_9e2a82ca.mp4,/content/drive/MyDrive/all dataset/College office/person2/office_1_aug_9e2a82ca.mp4,0
College office,person2,office_1_aug_02cd7050.mp4,/content/drive/MyDrive/all dataset/College office/person2/office_1_aug_02cd7050.mp4,0
College office,person2,office_1_aug_c61e3333.mp4,/content/drive/MyDrive/all dataset/College office/person2/office_1_aug_c61e3333.mp4,0
College office,person2,office_1_aug_0ab32866.mp4,/content/drive/MyDrive/all dataset/College office/person2/office_1_aug_0ab32866.mp4,0
College office,person2,office_1_aug_8ffb5a9a.mp4,/content/drive/MyDrive/all dataset/College office/person2/office_1_aug_8ffb5a9a.mp4,0
College office,person3,office_1.mp4,/content/drive/MyDrive/all dataset/College office/person3/office_1.mp4,0
College office,person3,office_1_aug_1.mp4,/content/drive/MyDrive/all dataset/College office/person3/office_1_aug_1.mp4,0
College office,person3,office_1_aug_3.mp4,/content/drive/MyDrive/all dataset/College office/person3/office_1_aug_3.mp4,0
College office,person3,office_1_aug_7.mp4,/content/drive/MyDrive/all dataset/College office/person3/office_1_aug_7.mp4,0
College office,person3,office_1_aug_8.mp4,/content/drive/MyDrive/all dataset/College office/person3/office_1_aug_8.mp4,0
College office,person3,office_1_aug_9.mp4,/content/drive/MyDrive/all dataset/College office/person3/office_1_aug_9.mp4,0
College office,person3,office_1_aug_10.mp4,/content/drive/MyDrive/all dataset/College office/person3/office_1_aug_10.mp4,0
College office,person3,office_1_aug_11.mp4,/content/drive/MyDrive/all dataset/College office/person3/office_1_aug_11.mp4,0
College office,person3,office_1_aug_12.mp4,/content/drive/MyDrive/all dataset/College office/person3/office_1_aug_12.mp4,0
College office,person3,office_1_aug_14.mp4,/content/drive/MyDrive/all dataset/College office/person3/office_1_aug_14.mp4,0
College office,person3,office_1_aug1.mp4,/content/drive/MyDrive/all dataset/College office/person3/office_1_aug1.mp4,0
College office,person3,office_1_aug_bb5bb25d.mp4,/content/drive/MyDrive/all dataset/College office/person3/office_1_aug_bb5bb25d.mp4,0
College office,person3,office_1_aug_b3b09939.mp4,/content/drive/MyDrive/all dataset/College office/person3/office_1_aug_b3b09939.mp4,0
College office,person3,office_1_aug_44501898.mp4,/content/drive/MyDrive/all dataset/College office/person3/office_1_aug_44501898.mp4,0
College office,person3,office_1_aug_f9b45fe6.mp4,/content/drive/MyDrive/all dataset/College office/person3/office_1_aug_f9b45fe6.mp4,0
College office,person3,office_1_aug_2e15ae95.mp4,/content/drive/MyDrive/all dataset/College office/person3/office_1_aug_2e15ae95.mp4,0
College office,person3,office_1_aug_bc330b5e.mp4,/content/drive/MyDrive/all dataset/College office/person3/office_1_aug_bc330b5e.mp4,0
College office,person3,office_1_aug_ff180d7d.mp4,/content/drive/MyDrive/all dataset/College office/person3/office_1_aug_ff180d7d.mp4,0
College office,person3,office_1_aug_3dc0b386.mp4,/content/drive/MyDrive/all dataset/College office/person3/office_1_aug_3dc0b386.mp4,0
College office,person3,office_1_aug_967a2629.mp4,/content/drive/MyDrive/all dataset/College office/person3/office_1_aug_967a2629.mp4,0
College office,person4,office_1.mp4,/content/drive/MyDrive/all dataset/College office/person4/office_1.mp4,0
College office,person4,office_1_aug_1.mp4,/content/drive/MyDrive/all dataset/College office/person4/office_1_aug_1.mp4,0
College office,person4,office_1_aug_4.mp4,/content/drive/MyDrive/all dataset/College office/person4/office_1_aug_4.mp4,0
College office,person4,office_1_aug_6.mp4,/content/drive/MyDrive/all dataset/College office/person4/office_1_aug_6.mp4,0
College office,person4,office_1_aug_7.mp4,/content/drive/MyDrive/all dataset/College office/person4/office_1_aug_7.mp4,0
College office,person4,office_1_aug_8.mp4,/content/drive/MyDrive/all dataset/College office/person4/office_1_aug_8.mp4,0
College office,person4,office_1_aug_10.mp4,/content/drive/MyDrive/all dataset/College office/person4/office_1_aug_10.mp4,0
College office,person4,office_1_aug_12.mp4,/content/drive/MyDrive/all dataset/College office/person4/office_1_aug_12.mp4,0
College office,person4,office_1_aug_13.mp4,/content/drive/MyDrive/all dataset/College office/person4/office_1_aug_13.mp4,0
College office,person4,office_1_aug_14.mp4,/content/drive/MyDrive/all dataset/College office/person4/office_1_aug_14.mp4,0
College office,person4,office_1_aug1.mp4,/content/drive/MyDrive/all dataset/College office/person4/office_1_aug1.mp4,0
College office,person4,office_1_aug_70f601e6.mp4,/content/drive/MyDrive/all dataset/College office/person4/office_1_aug_70f601e6.mp4,0
College office,person4,office_1_aug_00bd45bc.mp4,/content/drive/MyDrive/all dataset/College office/person4/office_1_aug_00bd45bc.mp4,0
College office,person4,office_1_aug_49b84d2c.mp4,/content/drive/MyDrive/all dataset/College office/person4/office_1_aug_49b84d2c.mp4,0
College office,person4,office_1_aug_dd9a5962.mp4,/content/drive/MyDrive/all dataset/College office/person4/office_1_aug_dd9a5962.mp4,0
College office,person4,office_1_aug_3088496f.mp4,/content/drive/MyDrive/all dataset/College office/person4/office_1_aug_3088496f.mp4,0
College office,person4,office_1_aug_214b8474.mp4,/content/drive/MyDrive/all dataset/College office/person4/office_1_aug_214b8474.mp4,0
College office,person4,office_1_aug_447a7251.mp4,/content/drive/MyDrive/all dataset/College office/person4/office_1_aug_447a7251.mp4,0
College office,person4,office_1_aug_def3c1ce.mp4,/content/drive/MyDrive/all dataset/College office/person4/office_1_aug_def3c1ce.mp4,0
College office,person4,office_1_aug_1b293474.mp4,/content/drive/MyDrive/all dataset/College office/person4/office_1_aug_1b293474.mp4,0
College office,person5,office_1.mp4,/content/drive/MyDrive/all dataset/College office/person5/office_1.mp4,0
College office,person5,office_1_aug_1.mp4,/content/drive/MyDrive/all dataset/College office/person5/office_1_aug_1.mp4,0
College office,person5,office_1_aug_2.mp4,/content/drive/MyDrive/all dataset/College office/person5/office_1_aug_2.mp4,0
College office,person5,office_1_aug_3.mp4,/content/drive/MyDrive/all dataset/College office/person5/office_1_aug_3.mp4,0
College office,person5,office_1_aug_4.mp4,/content/drive/MyDrive/all dataset/College office/person5/office_1_aug_4.mp4,0
College office,person5,office_1_aug_8.mp4,/content/drive/MyDrive/all dataset/College office/person5/office_1_aug_8.mp4,0
College office,person5,office_1_aug_11.mp4,/content/drive/MyDrive/all dataset/College office/person5/office_1_aug_11.mp4,0
College office,person5,office_1_aug_12.mp4,/content/drive/MyDrive/all dataset/College office/person5/office_1_aug_12.mp4,0
College office,person5,office_1_aug_13.mp4,/content/drive/MyDrive/all dataset/College office/person5/office_1_aug_13.mp4,0
College office,person5,office_1_aug_14.mp4,/content/drive/MyDrive/all dataset/College office/person5/office_1_aug_14.mp4,0
College office,person5,office_1_aug1.mp4,/content/drive/MyDrive/all dataset/College office/person5/office_1_aug1.mp4,0
College office,person5,office_1_aug_e8e9c70d.mp4,/content/drive/MyDrive/all dataset/College office/person5/office_1_aug_e8e9c70d.mp4,0
College office,person5,office_1_aug_5ecb650a.mp4,/content/drive/MyDrive/all dataset/College office/person5/office_1_aug_5ecb650a.mp4,0
College office,person5,office_1_aug_6c438fb7.mp4,/content/drive/MyDrive/all dataset/College office/person5/office_1_aug_6c438fb7.mp4,0
College office,person5,office_1_aug_4ec4b642.mp4,/content/drive/MyDrive/all dataset/College office/person5/office_1_aug_4ec4b642.mp4,0
College office,person5,office_1_aug_0800a2fc.mp4,/content/drive/MyDrive/all dataset/College office/person5/office_1_aug_0800a2fc.mp4,0
College office,person5,office_1_aug_a44e76e6.mp4,/content/drive/MyDrive/all dataset/College office/person5/office_1_aug_a44e76e6.mp4,0
College office,person5,office_1_aug_f5754191.mp4,/content/drive/MyDrive/all dataset/College office/person5/office_1_aug_f5754191.mp4,0
College office,person5,office_1_aug_03098fc4.mp4,/content/drive/MyDrive/all dataset/College office/person5/office_1_aug_03098fc4.mp4,0
College office,person5,office_1_aug_a3f99ebf.mp4,/content/drive/MyDrive/all dataset/College office/person5/office_1_aug_a3f99ebf.mp4,0
College office,person6,office_1.mp4,/content/drive/MyDrive/all dataset/College office/person6/office_1.mp4,0
College office,person6,office_1_aug_2.mp4,/content/drive/MyDrive/all dataset/College office/person6/office_1_aug_2.mp4,0
College office,person6,office_1_aug_4.mp4,/content/drive/MyDrive/all dataset/College office/person6/office_1_aug_4.mp4,0
College office,person6,office_1_aug_7.mp4,/content/drive/MyDrive/all dataset/College office/person6/office_1_aug_7.mp4,0
College office,person6,office_1_aug_8.mp4,/content/drive/MyDrive/all dataset/College office/person6/office_1_aug_8.mp4,0
College office,person6,office_1_aug_9.mp4,/content/drive/MyDrive/all dataset/College office/person6/office_1_aug_9.mp4,0
College office,person6,office_1_aug_10.mp4,/content/drive/MyDrive/all dataset/College office/person6/office_1_aug_10.mp4,0
College office,person6,office_1_aug_11.mp4,/content/drive/MyDrive/all dataset/College office/person6/office_1_aug_11.mp4,0
College office,person6,office_1_aug_13.mp4,/content/drive/MyDrive/all dataset/College office/person6/office_1_aug_13.mp4,0
College office,person6,office_1_aug_14.mp4,/content/drive/MyDrive/all dataset/College office/person6/office_1_aug_14.mp4,0
College office,person6,office_1_aug1.mp4,/content/drive/MyDrive/all dataset/College office/person6/office_1_aug1.mp4,0
College office,person6,office_1_aug_b50a93fb.mp4,/content/drive/MyDrive/all dataset/College office/person6/office_1_aug_b50a93fb.mp4,0
College office,person6,office_1_aug_c764a57c.mp4,/content/drive/MyDrive/all dataset/College office/person6/office_1_aug_c764a57c.mp4,0
College office,person6,office_1_aug_4f7bdc42.mp4,/content/drive/MyDrive/all dataset/College office/person6/office_1_aug_4f7bdc42.mp4,0
College office,person6,office_1_aug_c87f91be.mp4,/content/drive/MyDrive/all dataset/College office/person6/office_1_aug_c87f91be.mp4,0
College office,person6,office_1_aug_8e425934.mp4,/content/drive/MyDrive/all dataset/College office/person6/office_1_aug_8e425934.mp4,0
College office,person6,office_1_aug_53e0f872.mp4,/content/drive/MyDrive/all dataset/College office/person6/office_1_aug_53e0f872.mp4,0
College office,person6,office_1_aug_0da70858.mp4,/content/drive/MyDrive/all dataset/College office/person6/office_1_aug_0da70858.mp4,0
College office,person6,office_1_aug_9cc2bfab.mp4,/content/drive/MyDrive/all dataset/College office/person6/office_1_aug_9cc2bfab.mp4,0
College office,person6,office_1_aug_493a03f1.mp4,/content/drive/MyDrive/all dataset/College office/person6/office_1_aug_493a03f1.mp4,0
College office,person7,office_1.mp4,/content/drive/MyDrive/all dataset/College office/person7/office_1.mp4,0
College office,person7,office_1_aug_2.mp4,/content/drive/MyDrive/all dataset/College office/person7/office_1_aug_2.mp4,0
College office,person7,office_1_aug_3.mp4,/content/drive/MyDrive/all dataset/College office/person7/office_1_aug_3.mp4,0
College office,person7,office_1_aug_6.mp4,/content/drive/MyDrive/all dataset/College office/person7/office_1_aug_6.mp4,0
College office,person7,office_1_aug_7.mp4,/content/drive/MyDrive/all dataset/College office/person7/office_1_aug_7.mp4,0
College office,person7,office_1_aug_8.mp4,/content/drive/MyDrive/all dataset/College office/person7/office_1_aug_8.mp4,0
College office,person7,office_1_aug_9.mp4,/content/drive/MyDrive/all dataset/College office/person7/office_1_aug_9.mp4,0
College office,person7,office_1_aug_10.mp4,/content/drive/MyDrive/all dataset/College office/person7/office_1_aug_10.mp4,0
College office,person7,office_1_aug_12.mp4,/content/drive/MyDrive/all dataset/College office/person7/office_1_aug_12.mp4,0
College office,person7,office_1_aug_14.mp4,/content/drive/MyDrive/all dataset/College office/person7/office_1_aug_14.mp4,0
College office,person7,office_1_aug1.mp4,/content/drive/MyDrive/all dataset/College office/person7/office_1_aug1.mp4,0
College office,person7,office_1_aug_a8f4b91e.mp4,/content/drive/MyDrive/all dataset/College office/person7/office_1_aug_a8f4b91e.mp4,0
College office,person7,office_1_aug_1cec6439.mp4,/content/drive/MyDrive/all dataset/College office/person7/office_1_aug_1cec6439.mp4,0
College office,person7,office_1_aug_05a11322.mp4,/content/drive/MyDrive/all dataset/College office/person7/office_1_aug_05a11322.mp4,0
College office,person7,office_1_aug_b0faa69b.mp4,/content/drive/MyDrive/all dataset/College office/person7/office_1_aug_b0faa69b.mp4,0
College office,person7,office_1_aug_a23b9a18.mp4,/content/drive/MyDrive/all dataset/College office/person7/office_1_aug_a23b9a18.mp4,0
College office,person7,office_1_aug_159c79cc.mp4,/content/drive/MyDrive/all dataset/College office/person7/office_1_aug_159c79cc.mp4,0
College office,person7,office_1_aug_9cdcb16e.mp4,/content/drive/MyDrive/all dataset/College office/person7/office_1_aug_9cdcb16e.mp4,0
College office,person7,office_1_aug_7b3b8f90.mp4,/content/drive/MyDrive/all dataset/College office/person7/office_1_aug_7b3b8f90.mp4,0
College office,person7,office_1_aug_e83bf674.mp4,/content/drive/MyDrive/all dataset/College office/person7/office_1_aug_e83bf674.mp4,0
College office,person8,office_1.mp4,/content/drive/MyDrive/all dataset/College office/person8/office_1.mp4,0
College office,person8,office_1_aug_1.mp4,/content/drive/MyDrive/all dataset/College office/person8/office_1_aug_1.mp4,0
College office,person8,office_1_aug_2.mp4,/content/drive/MyDrive/all dataset/College office/person8/office_1_aug_2.mp4,0
College office,person8,office_1_aug_3.mp4,/content/drive/MyDrive/all dataset/College office/person8/office_1_aug_3.mp4,0
College office,person8,office_1_aug_4.mp4,/content/drive/MyDrive/all dataset/College office/person8/office_1_aug_4.mp4,0
College office,person8,office_1_aug_5.mp4,/content/drive/MyDrive/all dataset/College office/person8/office_1_aug_5.mp4,0
College office,person8,office_1_aug_6.mp4,/content/drive/MyDrive/all dataset/College office/person8/office_1_aug_6.mp4,0
College office,person8,office_1_aug_9.mp4,/content/drive/MyDrive/all dataset/College office/person8/office_1_aug_9.mp4,0
College office,person8,office_1_aug_13.mp4,/content/drive/MyDrive/all dataset/College office/person8/office_1_aug_13.mp4,0
College office,person8,office_1_aug_14.mp4,/content/drive/MyDrive/all dataset/College office/person8/office_1_aug_14.mp4,0
College office,person8,office_1_aug1.mp4,/content/drive/MyDrive/all dataset/College office/person8/office_1_aug1.mp4,0
College office,person8,office_1_aug_f8c77ec4.mp4,/content/drive/MyDrive/all dataset/College office/person8/office_1_aug_f8c77ec4.mp4,0
College office,person8,office_1_aug_d8c27c9b.mp4,/content/drive/MyDrive/all dataset/College office/person8/office_1_aug_d8c27c9b.mp4,0
College office,person8,office_1_aug_6f9027e0.mp4,/content/drive/MyDrive/all dataset/College office/person8/office_1_aug_6f9027e0.mp4,0
College office,person8,office_1_aug_b808499c.mp4,/content/drive/MyDrive/all dataset/College office/person8/office_1_aug_b808499c.mp4,0
College office,person8,office_1_aug_dcc783c5.mp4,/content/drive/MyDrive/all dataset/College office/person8/office_1_aug_dcc783c5.mp4,0
College office,person8,office_1_aug_3a869112.mp4,/content/drive/MyDrive/all dataset/College office/person8/office_1_aug_3a869112.mp4,0
College office,person8,office_1_aug_cc132a99.mp4,/content/drive/MyDrive/all dataset/College office/person8/office_1_aug_cc132a99.mp4,0
College office,person8,office_1_aug_6f3de2f8.mp4,/content/drive/MyDrive/all dataset/College office/person8/office_1_aug_6f3de2f8.mp4,0
College office,person8,office_1_aug_31711bb3.mp4,/content/drive/MyDrive/all dataset/College office/person8/office_1_aug_31711bb3.mp4,0
College office,person9,office_1_aug_1.mp4,/content/drive/MyDrive/all dataset/College office/person9/office_1_aug_1.mp4,0
College office,person9,office_1_aug_3.mp4,/content/drive/MyDrive/all dataset/College office/person9/office_1_aug_3.mp4,0
College office,person9,office_1_aug_5.mp4,/content/drive/MyDrive/all dataset/College office/person9/office_1_aug_5.mp4,0
College office,person9,office_1_aug_6.mp4,/content/drive/MyDrive/all dataset/College office/person9/office_1_aug_6.mp4,0
College office,person9,office_1_aug_7.mp4,/content/drive/MyDrive/all dataset/College office/person9/office_1_aug_7.mp4,0
College office,person9,office_1_aug_8.mp4,/content/drive/MyDrive/all dataset/College office/person9/office_1_aug_8.mp4,0
College office,person9,office_1_aug_10.mp4,/content/drive/MyDrive/all dataset/College office/person9/office_1_aug_10.mp4,0
College office,person9,office_1_aug_12.mp4,/content/drive/MyDrive/all dataset/College office/person9/office_1_aug_12.mp4,0
College office,person9,office_1_aug_13.mp4,/content/drive/MyDrive/all dataset/College office/person9/office_1_aug_13.mp4,0
College office,person9,office_1_aug_14.mp4,/content/drive/MyDrive/all dataset/College office/person9/office_1_aug_14.mp4,0
College office,person9,office_1_aug_1_aug_7ccc64fc.mp4,/content/drive/MyDrive/all dataset/College office/person9/office_1_aug_1_aug_7ccc64fc.mp4,0
College office,person9,office_1_aug_10_aug_5f79885f.mp4,/content/drive/MyDrive/all dataset/College office/person9/office_1_aug_10_aug_5f79885f.mp4,0
College office,person9,office_1_aug_12_aug_caf216e2.mp4,/content/drive/MyDrive/all dataset/College office/person9/office_1_aug_12_aug_caf216e2.mp4,0
College office,person9,office_1_aug_13_aug_083fa91f.mp4,/content/drive/MyDrive/all dataset/College office/person9/office_1_aug_13_aug_083fa91f.mp4,0
College office,person9,office_1_aug_14_aug_68c98c56.mp4,/content/drive/MyDrive/all dataset/College office/person9/office_1_aug_14_aug_68c98c56.mp4,0
College office,person9,office_1_aug_3_aug_4c8ab8fe.mp4,/content/drive/MyDrive/all dataset/College office/person9/office_1_aug_3_aug_4c8ab8fe.mp4,0
College office,person9,office_1_aug_5_aug_3825af8a.mp4,/content/drive/MyDrive/all dataset/College office/person9/office_1_aug_5_aug_3825af8a.mp4,0
College office,person9,office_1_aug_6_aug_169d8ce4.mp4,/content/drive/MyDrive/all dataset/College office/person9/office_1_aug_6_aug_169d8ce4.mp4,0
College office,person9,office_1_aug_7_aug_c238a641.mp4,/content/drive/MyDrive/all dataset/College office/person9/office_1_aug_7_aug_c238a641.mp4,0
College office,person9,office_1_aug_8_aug_6bd10316.mp4,/content/drive/MyDrive/all dataset/College office/person9/office_1_aug_8_aug_6bd10316.mp4,0
Drinking tea,person1,tea_10.mp4,/content/drive/MyDrive/all dataset/Drinking tea/person1/tea_10.mp4,0
Drinking tea,person1,tea_11.mp4,/content/drive/MyDrive/all dataset/Drinking tea/person1/tea_11.mp4,0
Drinking tea,person1,tea_12.mp4,/content/drive/MyDrive/all dataset/Drinking tea/person1/tea_12.mp4,0
Drinking tea,person1,tea_13.mp4,/content/drive/MyDrive/all dataset/Drinking tea/person1/tea_13.mp4,0
Drinking tea,person1,tea_92.mp4,/content/drive/MyDrive/all dataset/Drinking tea/person1/tea_92.mp4,0
Drinking tea,person1,tea_40.mp4,/content/drive/MyDrive/all dataset/Drinking tea/person1/tea_40.mp4,0
Drinking tea,person1,tea_105.mp4,/content/drive/MyDrive/all dataset/Drinking tea/person1/tea_105.mp4,0
Drinking tea,person1,tea_53.mp4,/content/drive/MyDrive/all dataset/Drinking tea/person1/tea_53.mp4,0
Drinking tea,person1,tea_66.mp4,/content/drive/MyDrive/all dataset/Drinking tea/person1/tea_66.mp4,0
Drinking tea,person1,tea_79.mp4,/content/drive/MyDrive/all dataset/Drinking tea/person1/tea_79.mp4,0
Drinking tea,person1,tea_10_aug1.mp4,/content/drive/MyDrive/all dataset/Drinking tea/person1/tea_10_aug1.mp4,0
Drinking tea,person1,tea_105_aug1.mp4,/content/drive/MyDrive/all dataset/Drinking tea/person1/tea_105_aug1.mp4,0
Drinking tea,person1,tea_11_aug1.mp4,/content/drive/MyDrive/all dataset/Drinking tea/person1/tea_11_aug1.mp4,0
Drinking tea,person1,tea_13_aug1.mp4,/content/drive/MyDrive/all dataset/Drinking tea/person1/tea_13_aug1.mp4,0
Drinking tea,person1,tea_40_aug1.mp4,/content/drive/MyDrive/all dataset/Drinking tea/person1/tea_40_aug1.mp4,0
Drinking tea,person1,tea_53_aug1.mp4,/content/drive/MyDrive/all dataset/Drinking tea/person1/tea_53_aug1.mp4,0
Drinking tea,person1,tea_66_aug1.mp4,/content/drive/MyDrive/all dataset/Drinking tea/person1/tea_66_aug1.mp4,0
Drinking tea,person1,tea_79_aug1.mp4,/content/drive/MyDrive/all dataset/Drinking tea/person1/tea_79_aug1.mp4,0
Drinking tea,person1,tea_12_aug1.mp4,/content/drive/MyDrive/all dataset/Drinking tea/person1/tea_12_aug1.mp4,0
Drinking tea,person1,tea_92_aug1.mp4,/content/drive/MyDrive/all dataset/Drinking tea/person1/tea_92_aug1.mp4,0
Drinking tea,person5,tea_63.mp4,/content/drive/MyDrive/all dataset/Drinking tea/person5/tea_63.mp4,0
Drinking tea,person5,tea_54.mp4,/content/drive/MyDrive/all dataset/Drinking tea/person5/tea_54.mp4,0
Drinking tea,person5,tea_62.mp4,/content/drive/MyDrive/all dataset/Drinking tea/person5/tea_62.mp4,0
Drinking tea,person5,tea_55.mp4,/content/drive/MyDrive/all dataset/Drinking tea/person5/tea_55.mp4,0
Drinking tea,person5,tea_58.mp4,/content/drive/MyDrive/all dataset/Drinking tea/person5/tea_58.mp4,0
Drinking tea,person5,tea_57.mp4,/content/drive/MyDrive/all dataset/Drinking tea/person5/tea_57.mp4,0
Drinking tea,person5,tea_60.mp4,/content/drive/MyDrive/all dataset/Drinking tea/person5/tea_60.mp4,0
Drinking tea,person5,tea_65.mp4,/content/drive/MyDrive/all dataset/Drinking tea/person5/tea_65.mp4,0
Drinking tea,person5,tea_56.mp4,/content/drive/MyDrive/all dataset/Drinking tea/person5/tea_56.mp4,0
Drinking tea,person5,tea_64.mp4,/content/drive/MyDrive/all dataset/Drinking tea/person5/tea_64.mp4,0
Drinking tea,person5,tea_54_aug1.mp4,/content/drive/MyDrive/all dataset/Drinking tea/person5/tea_54_aug1.mp4,0
Drinking tea,person5,tea_55_aug1.mp4,/content/drive/MyDrive/all dataset/Drinking tea/person5/tea_55_aug1.mp4,0
Drinking tea,person5,tea_56_aug1.mp4,/content/drive/MyDrive/all dataset/Drinking tea/person5/tea_56_aug1.mp4,0
Drinking tea,person5,tea_57_aug1.mp4,/content/drive/MyDrive/all dataset/Drinking tea/person5/tea_57_aug1.mp4,0
Drinking tea,person5,tea_58_aug1.mp4,/content/drive/MyDrive/all dataset/Drinking tea/person5/tea_58_aug1.mp4,0
Drinking tea,person5,tea_60_aug1.mp4,/content/drive/MyDrive/all dataset/Drinking tea/person5/tea_60_aug1.mp4,0
Drinking tea,person5,tea_62_aug1.mp4,/content/drive/MyDrive/all dataset/Drinking tea/person5/tea_62_aug1.mp4,0
Drinking tea,person5,tea_63_aug1.mp4,/content/drive/MyDrive/all dataset/Drinking tea/person5/tea_63_aug1.mp4,0
Drinking tea,person5,tea_64_aug1.mp4,/content/drive/MyDrive/all dataset/Drinking tea/person5/tea_64_aug1.mp4,0
Drinking tea,person5,tea_65_aug1.mp4,/content/drive/MyDrive/all dataset/Drinking tea/person5/tea_65_aug1.mp4,0
Drinking tea,person7,tea_82.mp4,/content/drive/MyDrive/all dataset/Drinking tea/person7/tea_82.mp4,0
Drinking tea,person7,tea_90.mp4,/content/drive/MyDrive/all dataset/Drinking tea/person7/tea_90.mp4,0
Drinking tea,person7,tea_88.mp4,/content/drive/MyDrive/all dataset/Drinking tea/person7/tea_88.mp4,0
Drinking tea,person7,tea_81.mp4,/content/drive/MyDrive/all dataset/Drinking tea/person7/tea_81.mp4,0
Drinking tea,person7,tea_86.mp4,/content/drive/MyDrive/all dataset/Drinking tea/person7/tea_86.mp4,0
Drinking tea,person7,tea_85.mp4,/content/drive/MyDrive/all dataset/Drinking tea/person7/tea_85.mp4,0
Drinking tea,person7,tea_87.mp4,/content/drive/MyDrive/all dataset/Drinking tea/person7/tea_87.mp4,0
Drinking tea,person7,tea_83.mp4,/content/drive/MyDrive/all dataset/Drinking tea/person7/tea_83.mp4,0
Drinking tea,person7,tea_84.mp4,/content/drive/MyDrive/all dataset/Drinking tea/person7/tea_84.mp4,0
Drinking tea,person7,tea_91.mp4,/content/drive/MyDrive/all dataset/Drinking tea/person7/tea_91.mp4,0
Drinking tea,person7,tea_81_aug1.mp4,/content/drive/MyDrive/all dataset/Drinking tea/person7/tea_81_aug1.mp4,0
Drinking tea,person7,tea_82_aug1.mp4,/content/drive/MyDrive/all dataset/Drinking tea/person7/tea_82_aug1.mp4,0
Drinking tea,person7,tea_83_aug1.mp4,/content/drive/MyDrive/all dataset/Drinking tea/person7/tea_83_aug1.mp4,0
Drinking tea,person7,tea_84_aug1.mp4,/content/drive/MyDrive/all dataset/Drinking tea/person7/tea_84_aug1.mp4,0
Drinking tea,person7,tea_85_aug1.mp4,/content/drive/MyDrive/all dataset/Drinking tea/person7/tea_85_aug1.mp4,0
Drinking tea,person7,tea_86_aug1.mp4,/content/drive/MyDrive/all dataset/Drinking tea/person7/tea_86_aug1.mp4,0
Drinking tea,person7,tea_87_aug1.mp4,/content/drive/MyDrive/all dataset/Drinking tea/person7/tea_87_aug1.mp4,0
Drinking tea,person7,tea_88_aug1.mp4,/content/drive/MyDrive/all dataset/Drinking tea/person7/tea_88_aug1.mp4,0
Drinking tea,person7,tea_90_aug1.mp4,/content/drive/MyDrive/all dataset/Drinking tea/person7/tea_90_aug1.mp4,0
Drinking tea,person7,tea_91_aug1.mp4,/content/drive/MyDrive/all dataset/Drinking tea/person7/tea_91_aug1.mp4,0
Drinking tea,person9,tea_112.mp4,/content/drive/MyDrive/all dataset/Drinking tea/person9/tea_112.mp4,0
Drinking tea,person9,tea_113.mp4,/content/drive/MyDrive/all dataset/Drinking tea/person9/tea_113.mp4,0
Drinking tea,person9,tea_107.mp4,/content/drive/MyDrive/all dataset/Drinking tea/person9/tea_107.mp4,0
Drinking tea,person9,tea_115.mp4,/content/drive/MyDrive/all dataset/Drinking tea/person9/tea_115.mp4,0
Drinking tea,person9,tea_110.mp4,/content/drive/MyDrive/all dataset/Drinking tea/person9/tea_110.mp4,0
Drinking tea,person9,tea_114.mp4,/content/drive/MyDrive/all dataset/Drinking tea/person9/tea_114.mp4,0
Drinking tea,person9,tea_111.mp4,/content/drive/MyDrive/all dataset/Drinking tea/person9/tea_111.mp4,0
Drinking tea,person9,tea_109.mp4,/content/drive/MyDrive/all dataset/Drinking tea/person9/tea_109.mp4,0
Drinking tea,person9,tea_116.mp4,/content/drive/MyDrive/all dataset/Drinking tea/person9/tea_116.mp4,0
Drinking tea,person9,tea_117.mp4,/content/drive/MyDrive/all dataset/Drinking tea/person9/tea_117.mp4,0
Drinking tea,person9,tea_107_aug1.mp4,/content/drive/MyDrive/all dataset/Drinking tea/person9/tea_107_aug1.mp4,0
Drinking tea,person9,tea_110_aug1.mp4,/content/drive/MyDrive/all dataset/Drinking tea/person9/tea_110_aug1.mp4,0
Drinking tea,person9,tea_109_aug1.mp4,/content/drive/MyDrive/all dataset/Drinking tea/person9/tea_109_aug1.mp4,0
Drinking tea,person9,tea_111_aug1.mp4,/content/drive/MyDrive/all dataset/Drinking tea/person9/tea_111_aug1.mp4,0
Drinking tea,person9,tea_112_aug1.mp4,/content/drive/MyDrive/all dataset/Drinking tea/person9/tea_112_aug1.mp4,0
Drinking tea,person9,tea_113_aug1.mp4,/content/drive/MyDrive/all dataset/Drinking tea/person9/tea_113_aug1.mp4,0
Drinking tea,person9,tea_114_aug1.mp4,/content/drive/MyDrive/all dataset/Drinking tea/person9/tea_114_aug1.mp4,0
Drinking tea,person9,tea_115_aug1.mp4,/content/drive/MyDrive/all dataset/Drinking tea/person9/tea_115_aug1.mp4,0
Drinking tea,person9,tea_116_aug1.mp4,/content/drive/MyDrive/all dataset/Drinking tea/person9/tea_116_aug1.mp4,0
Drinking tea,person9,tea_117_aug1.mp4,/content/drive/MyDrive/all dataset/Drinking tea/person9/tea_117_aug1.mp4,0
Drinking tea,person4,tea_43.mp4,/content/drive/MyDrive/all dataset/Drinking tea/person4/tea_43.mp4,0
Drinking tea,person4,tea_48.mp4,/content/drive/MyDrive/all dataset/Drinking tea/person4/tea_48.mp4,0
Drinking tea,person4,tea_46.mp4,/content/drive/MyDrive/all dataset/Drinking tea/person4/tea_46.mp4,0
Drinking tea,person4,tea_52.mp4,/content/drive/MyDrive/all dataset/Drinking tea/person4/tea_52.mp4,0
Drinking tea,person4,tea_50.mp4,/content/drive/MyDrive/all dataset/Drinking tea/person4/tea_50.mp4,0
Drinking tea,person4,tea_45.mp4,/content/drive/MyDrive/all dataset/Drinking tea/person4/tea_45.mp4,0
Drinking tea,person4,tea_44.mp4,/content/drive/MyDrive/all dataset/Drinking tea/person4/tea_44.mp4,0
Drinking tea,person4,tea_51.mp4,/content/drive/MyDrive/all dataset/Drinking tea/person4/tea_51.mp4,0
Drinking tea,person4,tea_41.mp4,/content/drive/MyDrive/all dataset/Drinking tea/person4/tea_41.mp4,0
Drinking tea,person4,tea_4.mp4,/content/drive/MyDrive/all dataset/Drinking tea/person4/tea_4.mp4,0
Drinking tea,person4,tea_4_aug1.mp4,/content/drive/MyDrive/all dataset/Drinking tea/person4/tea_4_aug1.mp4,0
Drinking tea,person4,tea_41_aug1.mp4,/content/drive/MyDrive/all dataset/Drinking tea/person4/tea_41_aug1.mp4,0
Drinking tea,person4,tea_43_aug1.mp4,/content/drive/MyDrive/all dataset/Drinking tea/person4/tea_43_aug1.mp4,0
Drinking tea,person4,tea_44_aug1.mp4,/content/drive/MyDrive/all dataset/Drinking tea/person4/tea_44_aug1.mp4,0
Drinking tea,person4,tea_46_aug1.mp4,/content/drive/MyDrive/all dataset/Drinking tea/person4/tea_46_aug1.mp4,0
Drinking tea,person4,tea_45_aug1.mp4,/content/drive/MyDrive/all dataset/Drinking tea/person4/tea_45_aug1.mp4,0
Drinking tea,person4,tea_48_aug1.mp4,/content/drive/MyDrive/all dataset/Drinking tea/person4/tea_48_aug1.mp4,0
Drinking tea,person4,tea_50_aug1.mp4,/content/drive/MyDrive/all dataset/Drinking tea/person4/tea_50_aug1.mp4,0
Drinking tea,person4,tea_51_aug1.mp4,/content/drive/MyDrive/all dataset/Drinking tea/person4/tea_51_aug1.mp4,0
Drinking tea,person4,tea_52_aug1.mp4,/content/drive/MyDrive/all dataset/Drinking tea/person4/tea_52_aug1.mp4,0
Drinking tea,person2,tea_19.mp4,/content/drive/MyDrive/all dataset/Drinking tea/person2/tea_19.mp4,0
Drinking tea,person2,tea_23.mp4,/content/drive/MyDrive/all dataset/Drinking tea/person2/tea_23.mp4,0
Drinking tea,person2,tea_15.mp4,/content/drive/MyDrive/all dataset/Drinking tea/person2/tea_15.mp4,0
Drinking tea,person2,tea_18.mp4,/content/drive/MyDrive/all dataset/Drinking tea/person2/tea_18.mp4,0
Drinking tea,person2,tea_26.mp4,/content/drive/MyDrive/all dataset/Drinking tea/person2/tea_26.mp4,0
Drinking tea,person2,tea_24.mp4,/content/drive/MyDrive/all dataset/Drinking tea/person2/tea_24.mp4,0
Drinking tea,person2,tea_17.mp4,/content/drive/MyDrive/all dataset/Drinking tea/person2/tea_17.mp4,0
Drinking tea,person2,tea_22.mp4,/content/drive/MyDrive/all dataset/Drinking tea/person2/tea_22.mp4,0
Drinking tea,person2,tea_2.mp4,/content/drive/MyDrive/all dataset/Drinking tea/person2/tea_2.mp4,0
Drinking tea,person2,tea_2_1.mp4,/content/drive/MyDrive/all dataset/Drinking tea/person2/tea_2_1.mp4,0
Drinking tea,person2,tea_15_aug1.mp4,/content/drive/MyDrive/all dataset/Drinking tea/person2/tea_15_aug1.mp4,0
Drinking tea,person2,tea_17_aug1.mp4,/content/drive/MyDrive/all dataset/Drinking tea/person2/tea_17_aug1.mp4,0
Drinking tea,person2,tea_18_aug1.mp4,/content/drive/MyDrive/all dataset/Drinking tea/person2/tea_18_aug1.mp4,0
Drinking tea,person2,tea_19_aug1.mp4,/content/drive/MyDrive/all dataset/Drinking tea/person2/tea_19_aug1.mp4,0
Drinking tea,person2,tea_2_aug1.mp4,/content/drive/MyDrive/all dataset/Drinking tea/person2/tea_2_aug1.mp4,0
Drinking tea,person2,tea_22_aug1.mp4,/content/drive/MyDrive/all dataset/Drinking tea/person2/tea_22_aug1.mp4,0
Drinking tea,person2,tea_23_aug1.mp4,/content/drive/MyDrive/all dataset/Drinking tea/person2/tea_23_aug1.mp4,0
Drinking tea,person2,tea_24_aug1.mp4,/content/drive/MyDrive/all dataset/Drinking tea/person2/tea_24_aug1.mp4,0
Drinking tea,person2,tea_26_aug1.mp4,/content/drive/MyDrive/all dataset/Drinking tea/person2/tea_26_aug1.mp4,0
Drinking tea,person2,tea_2_1_aug1.mp4,/content/drive/MyDrive/all dataset/Drinking tea/person2/tea_2_1_aug1.mp4,0
Drinking tea,person3,tea_31.mp4,/content/drive/MyDrive/all dataset/Drinking tea/person3/tea_31.mp4,0
Drinking tea,person3,tea_35.mp4,/content/drive/MyDrive/all dataset/Drinking tea/person3/tea_35.mp4,0
Drinking tea,person3,tea_32.mp4,/content/drive/MyDrive/all dataset/Drinking tea/person3/tea_32.mp4,0
Drinking tea,person3,tea_39.mp4,/content/drive/MyDrive/all dataset/Drinking tea/person3/tea_39.mp4,0
Drinking tea,person3,tea_36.mp4,/content/drive/MyDrive/all dataset/Drinking tea/person3/tea_36.mp4,0
Drinking tea,person3,tea_30.mp4,/content/drive/MyDrive/all dataset/Drinking tea/person3/tea_30.mp4,0
Drinking tea,person3,tea_34.mp4,/content/drive/MyDrive/all dataset/Drinking tea/person3/tea_34.mp4,0
Drinking tea,person3,tea_28.mp4,/content/drive/MyDrive/all dataset/Drinking tea/person3/tea_28.mp4,0
Drinking tea,person3,tea_38.mp4,/content/drive/MyDrive/all dataset/Drinking tea/person3/tea_38.mp4,0
Drinking tea,person3,tea_29.mp4,/content/drive/MyDrive/all dataset/Drinking tea/person3/tea_29.mp4,0
Drinking tea,person3,tea_28_aug1.mp4,/content/drive/MyDrive/all dataset/Drinking tea/person3/tea_28_aug1.mp4,0
Drinking tea,person3,tea_29_aug1.mp4,/content/drive/MyDrive/all dataset/Drinking tea/person3/tea_29_aug1.mp4,0
Drinking tea,person3,tea_30_aug1.mp4,/content/drive/MyDrive/all dataset/Drinking tea/person3/tea_30_aug1.mp4,0
Drinking tea,person3,tea_31_aug1.mp4,/content/drive/MyDrive/all dataset/Drinking tea/person3/tea_31_aug1.mp4,0
Drinking tea,person3,tea_32_aug1.mp4,/content/drive/MyDrive/all dataset/Drinking tea/person3/tea_32_aug1.mp4,0
Drinking tea,person3,tea_35_aug1.mp4,/content/drive/MyDrive/all dataset/Drinking tea/person3/tea_35_aug1.mp4,0
Drinking tea,person3,tea_36_aug1.mp4,/content/drive/MyDrive/all dataset/Drinking tea/person3/tea_36_aug1.mp4,0
Drinking tea,person3,tea_38_aug1.mp4,/content/drive/MyDrive/all dataset/Drinking tea/person3/tea_38_aug1.mp4,0
Drinking tea,person3,tea_39_aug1.mp4,/content/drive/MyDrive/all dataset/Drinking tea/person3/tea_39_aug1.mp4,0
Drinking tea,person3,tea_34_aug1.mp4,/content/drive/MyDrive/all dataset/Drinking tea/person3/tea_34_aug1.mp4,0
Drinking tea,person6,tea_71.mp4,/content/drive/MyDrive/all dataset/Drinking tea/person6/tea_71.mp4,0
Drinking tea,person6,tea_70.mp4,/content/drive/MyDrive/all dataset/Drinking tea/person6/tea_70.mp4,0
Drinking tea,person6,tea_74.mp4,/content/drive/MyDrive/all dataset/Drinking tea/person6/tea_74.mp4,0
Drinking tea,person6,tea_67.mp4,/content/drive/MyDrive/all dataset/Drinking tea/person6/tea_67.mp4,0
Drinking tea,person6,tea_69.mp4,/content/drive/MyDrive/all dataset/Drinking tea/person6/tea_69.mp4,0
Drinking tea,person6,tea_68.mp4,/content/drive/MyDrive/all dataset/Drinking tea/person6/tea_68.mp4,0
Drinking tea,person6,tea_72.mp4,/content/drive/MyDrive/all dataset/Drinking tea/person6/tea_72.mp4,0
Drinking tea,person6,tea_73.mp4,/content/drive/MyDrive/all dataset/Drinking tea/person6/tea_73.mp4,0
Drinking tea,person6,tea_77.mp4,/content/drive/MyDrive/all dataset/Drinking tea/person6/tea_77.mp4,0
Drinking tea,person6,tea_6.mp4,/content/drive/MyDrive/all dataset/Drinking tea/person6/tea_6.mp4,0
Drinking tea,person6,tea_6_aug1.mp4,/content/drive/MyDrive/all dataset/Drinking tea/person6/tea_6_aug1.mp4,0
Drinking tea,person6,tea_68_aug1.mp4,/content/drive/MyDrive/all dataset/Drinking tea/person6/tea_68_aug1.mp4,0
Drinking tea,person6,tea_69_aug1.mp4,/content/drive/MyDrive/all dataset/Drinking tea/person6/tea_69_aug1.mp4,0
Drinking tea,person6,tea_70_aug1.mp4,/content/drive/MyDrive/all dataset/Drinking tea/person6/tea_70_aug1.mp4,0
Drinking tea,person6,tea_71_aug1.mp4,/content/drive/MyDrive/all dataset/Drinking tea/person6/tea_71_aug1.mp4,0
Drinking tea,person6,tea_72_aug1.mp4,/content/drive/MyDrive/all dataset/Drinking tea/person6/tea_72_aug1.mp4,0
Drinking tea,person6,tea_67_aug1.mp4,/content/drive/MyDrive/all dataset/Drinking tea/person6/tea_67_aug1.mp4,0
Drinking tea,person6,tea_73_aug1.mp4,/content/drive/MyDrive/all dataset/Drinking tea/person6/tea_73_aug1.mp4,0
Drinking tea,person6,tea_74_aug1.mp4,/content/drive/MyDrive/all dataset/Drinking tea/person6/tea_74_aug1.mp4,0
Drinking tea,person6,tea_77_aug1.mp4,/content/drive/MyDrive/all dataset/Drinking tea/person6/tea_77_aug1.mp4,0
Drinking tea,person8,tea_101.mp4,/content/drive/MyDrive/all dataset/Drinking tea/person8/tea_101.mp4,0
Drinking tea,person8,tea_103.mp4,/content/drive/MyDrive/all dataset/Drinking tea/person8/tea_103.mp4,0
Drinking tea,person8,tea_100.mp4,/content/drive/MyDrive/all dataset/Drinking tea/person8/tea_100.mp4,0
Drinking tea,person8,tea_96.mp4,/content/drive/MyDrive/all dataset/Drinking tea/person8/tea_96.mp4,0
Drinking tea,person8,tea_104.mp4,/content/drive/MyDrive/all dataset/Drinking tea/person8/tea_104.mp4,0
Drinking tea,person8,tea_94.mp4,/content/drive/MyDrive/all dataset/Drinking tea/person8/tea_94.mp4,0
Drinking tea,person8,tea_99.mp4,/content/drive/MyDrive/all dataset/Drinking tea/person8/tea_99.mp4,0
Drinking tea,person8,tea_95.mp4,/content/drive/MyDrive/all dataset/Drinking tea/person8/tea_95.mp4,0
Drinking tea,person8,tea_98.mp4,/content/drive/MyDrive/all dataset/Drinking tea/person8/tea_98.mp4,0
Drinking tea,person8,tea_8.mp4,/content/drive/MyDrive/all dataset/Drinking tea/person8/tea_8.mp4,0
Drinking tea,person8,tea_100_aug1.mp4,/content/drive/MyDrive/all dataset/Drinking tea/person8/tea_100_aug1.mp4,0
Drinking tea,person8,tea_101_aug1.mp4,/content/drive/MyDrive/all dataset/Drinking tea/person8/tea_101_aug1.mp4,0
Drinking tea,person8,tea_103_aug1.mp4,/content/drive/MyDrive/all dataset/Drinking tea/person8/tea_103_aug1.mp4,0
Drinking tea,person8,tea_104_aug1.mp4,/content/drive/MyDrive/all dataset/Drinking tea/person8/tea_104_aug1.mp4,0
Drinking tea,person8,tea_8_aug1.mp4,/content/drive/MyDrive/all dataset/Drinking tea/person8/tea_8_aug1.mp4,0
Drinking tea,person8,tea_94_aug1.mp4,/content/drive/MyDrive/all dataset/Drinking tea/person8/tea_94_aug1.mp4,0
Drinking tea,person8,tea_95_aug1.mp4,/content/drive/MyDrive/all dataset/Drinking tea/person8/tea_95_aug1.mp4,0
Drinking tea,person8,tea_96_aug1.mp4,/content/drive/MyDrive/all dataset/Drinking tea/person8/tea_96_aug1.mp4,0
Drinking tea,person8,tea_98_aug1.mp4,/content/drive/MyDrive/all dataset/Drinking tea/person8/tea_98_aug1.mp4,0
Drinking tea,person8,tea_99_aug1.mp4,/content/drive/MyDrive/all dataset/Drinking tea/person8/tea_99_aug1.mp4,0
I am Reading,person1,reading_1.mp4,/content/drive/MyDrive/all dataset/I am Reading/person1/reading_1.mp4,0
I am Reading,person1,reading_1_aug_1.mp4,/content/drive/MyDrive/all dataset/I am Reading/person1/reading_1_aug_1.mp4,0
I am Reading,person1,reading_1_aug_4.mp4,/content/drive/MyDrive/all dataset/I am Reading/person1/reading_1_aug_4.mp4,0
I am Reading,person1,reading_1_aug_5.mp4,/content/drive/MyDrive/all dataset/I am Reading/person1/reading_1_aug_5.mp4,0
I am Reading,person1,reading_1_aug_8.mp4,/content/drive/MyDrive/all dataset/I am Reading/person1/reading_1_aug_8.mp4,0
I am Reading,person1,reading_1_aug_9.mp4,/content/drive/MyDrive/all dataset/I am Reading/person1/reading_1_aug_9.mp4,0
I am Reading,person1,reading_1_aug_11.mp4,/content/drive/MyDrive/all dataset/I am Reading/person1/reading_1_aug_11.mp4,0
I am Reading,person1,reading_1_aug_12.mp4,/content/drive/MyDrive/all dataset/I am Reading/person1/reading_1_aug_12.mp4,0
I am Reading,person1,reading_1_aug_13.mp4,/content/drive/MyDrive/all dataset/I am Reading/person1/reading_1_aug_13.mp4,0
I am Reading,person1,reading_1_aug_14.mp4,/content/drive/MyDrive/all dataset/I am Reading/person1/reading_1_aug_14.mp4,0
I am Reading,person1,reading_1_aug1.mp4,/content/drive/MyDrive/all dataset/I am Reading/person1/reading_1_aug1.mp4,0
I am Reading,person1,reading_1_aug_c9fbd0e0.mp4,/content/drive/MyDrive/all dataset/I am Reading/person1/reading_1_aug_c9fbd0e0.mp4,0
I am Reading,person1,reading_1_aug_0d4d7dd7.mp4,/content/drive/MyDrive/all dataset/I am Reading/person1/reading_1_aug_0d4d7dd7.mp4,0
I am Reading,person1,reading_1_aug_5673c295.mp4,/content/drive/MyDrive/all dataset/I am Reading/person1/reading_1_aug_5673c295.mp4,0
I am Reading,person1,reading_1_aug_4f5245d0.mp4,/content/drive/MyDrive/all dataset/I am Reading/person1/reading_1_aug_4f5245d0.mp4,0
I am Reading,person1,reading_1_aug_1a134a53.mp4,/content/drive/MyDrive/all dataset/I am Reading/person1/reading_1_aug_1a134a53.mp4,0
I am Reading,person1,reading_1_aug_3ddabd6e.mp4,/content/drive/MyDrive/all dataset/I am Reading/person1/reading_1_aug_3ddabd6e.mp4,0
I am Reading,person1,reading_1_aug_0f3f45ca.mp4,/content/drive/MyDrive/all dataset/I am Reading/person1/reading_1_aug_0f3f45ca.mp4,0
I am Reading,person1,reading_1_aug_209a2692.mp4,/content/drive/MyDrive/all dataset/I am Reading/person1/reading_1_aug_209a2692.mp4,0
I am Reading,person1,reading_1_aug_2954f09f.mp4,/content/drive/MyDrive/all dataset/I am Reading/person1/reading_1_aug_2954f09f.mp4,0
I am Reading,person2,reading_1_aug_4.mp4,/content/drive/MyDrive/all dataset/I am Reading/person2/reading_1_aug_4.mp4,0
I am Reading,person2,reading_1_aug_5.mp4,/content/drive/MyDrive/all dataset/I am Reading/person2/reading_1_aug_5.mp4,0
I am Reading,person2,reading_1_aug_6.mp4,/content/drive/MyDrive/all dataset/I am Reading/person2/reading_1_aug_6.mp4,0
I am Reading,person2,reading_1_aug_7.mp4,/content/drive/MyDrive/all dataset/I am Reading/person2/reading_1_aug_7.mp4,0
I am Reading,person2,reading_1_aug_8.mp4,/content/drive/MyDrive/all dataset/I am Reading/person2/reading_1_aug_8.mp4,0
I am Reading,person2,reading_1_aug_9.mp4,/content/drive/MyDrive/all dataset/I am Reading/person2/reading_1_aug_9.mp4,0
I am Reading,person2,reading_1_aug_10.mp4,/content/drive/MyDrive/all dataset/I am Reading/person2/reading_1_aug_10.mp4,0
I am Reading,person2,reading_1_aug_12.mp4,/content/drive/MyDrive/all dataset/I am Reading/person2/reading_1_aug_12.mp4,0
I am Reading,person2,reading_1_aug_13.mp4,/content/drive/MyDrive/all dataset/I am Reading/person2/reading_1_aug_13.mp4,0
I am Reading,person2,reading_1_aug_14.mp4,/content/drive/MyDrive/all dataset/I am Reading/person2/reading_1_aug_14.mp4,0
I am Reading,person2,reading_1_aug_10_aug_bf949634.mp4,/content/drive/MyDrive/all dataset/I am Reading/person2/reading_1_aug_10_aug_bf949634.mp4,0
I am Reading,person2,reading_1_aug_12_aug_1c7a7c0b.mp4,/content/drive/MyDrive/all dataset/I am Reading/person2/reading_1_aug_12_aug_1c7a7c0b.mp4,0
I am Reading,person2,reading_1_aug_13_aug_98f42284.mp4,/content/drive/MyDrive/all dataset/I am Reading/person2/reading_1_aug_13_aug_98f42284.mp4,0
I am Reading,person2,reading_1_aug_14_aug_d72c01b1.mp4,/content/drive/MyDrive/all dataset/I am Reading/person2/reading_1_aug_14_aug_d72c01b1.mp4,0
I am Reading,person2,reading_1_aug_4_aug_72c107f1.mp4,/content/drive/MyDrive/all dataset/I am Reading/person2/reading_1_aug_4_aug_72c107f1.mp4,0
I am Reading,person2,reading_1_aug_5_aug_d9e84835.mp4,/content/drive/MyDrive/all dataset/I am Reading/person2/reading_1_aug_5_aug_d9e84835.mp4,0
I am Reading,person2,reading_1_aug_6_aug_c0b7d2b4.mp4,/content/drive/MyDrive/all dataset/I am Reading/person2/reading_1_aug_6_aug_c0b7d2b4.mp4,0
I am Reading,person2,reading_1_aug_7_aug_371203ff.mp4,/content/drive/MyDrive/all dataset/I am Reading/person2/reading_1_aug_7_aug_371203ff.mp4,0
I am Reading,person2,reading_1_aug_8_aug_bd37d2a7.mp4,/content/drive/MyDrive/all dataset/I am Reading/person2/reading_1_aug_8_aug_bd37d2a7.mp4,0
I am Reading,person2,reading_1_aug_9_aug_086743bc.mp4,/content/drive/MyDrive/all dataset/I am Reading/person2/reading_1_aug_9_aug_086743bc.mp4,0
I am Reading,person3,reading_1.mp4,/content/drive/MyDrive/all dataset/I am Reading/person3/reading_1.mp4,0
I am Reading,person3,reading_1_aug_1.mp4,/content/drive/MyDrive/all dataset/I am Reading/person3/reading_1_aug_1.mp4,0
I am Reading,person3,reading_1_aug_4.mp4,/content/drive/MyDrive/all dataset/I am Reading/person3/reading_1_aug_4.mp4,0
I am Reading,person3,reading_1_aug_6.mp4,/content/drive/MyDrive/all dataset/I am Reading/person3/reading_1_aug_6.mp4,0
I am Reading,person3,reading_1_aug_8.mp4,/content/drive/MyDrive/all dataset/I am Reading/person3/reading_1_aug_8.mp4,0
I am Reading,person3,reading_1_aug_9.mp4,/content/drive/MyDrive/all dataset/I am Reading/person3/reading_1_aug_9.mp4,0
I am Reading,person3,reading_1_aug_11.mp4,/content/drive/MyDrive/all dataset/I am Reading/person3/reading_1_aug_11.mp4,0
I am Reading,person3,reading_1_aug_12.mp4,/content/drive/MyDrive/all dataset/I am Reading/person3/reading_1_aug_12.mp4,0
I am Reading,person3,reading_1_aug_13.mp4,/content/drive/MyDrive/all dataset/I am Reading/person3/reading_1_aug_13.mp4,0
I am Reading,person3,reading_1_aug_14.mp4,/content/drive/MyDrive/all dataset/I am Reading/person3/reading_1_aug_14.mp4,0
I am Reading,person3,reading_1_aug1.mp4,/content/drive/MyDrive/all dataset/I am Reading/person3/reading_1_aug1.mp4,0
I am Reading,person3,reading_1_aug_b5ff748a.mp4,/content/drive/MyDrive/all dataset/I am Reading/person3/reading_1_aug_b5ff748a.mp4,0
I am Reading,person3,reading_1_aug_a16d2986.mp4,/content/drive/MyDrive/all dataset/I am Reading/person3/reading_1_aug_a16d2986.mp4,0
I am Reading,person3,reading_1_aug_cddd3e92.mp4,/content/drive/MyDrive/all dataset/I am Reading/person3/reading_1_aug_cddd3e92.mp4,0
I am Reading,person3,reading_1_aug_b85bd50f.mp4,/content/drive/MyDrive/all dataset/I am Reading/person3/reading_1_aug_b85bd50f.mp4,0
I am Reading,person3,reading_1_aug_6e8a87ef.mp4,/content/drive/MyDrive/all dataset/I am Reading/person3/reading_1_aug_6e8a87ef.mp4,0
I am Reading,person3,reading_1_aug_3e7cf90e.mp4,/content/drive/MyDrive/all dataset/I am Reading/person3/reading_1_aug_3e7cf90e.mp4,0
I am Reading,person3,reading_1_aug_bf7831f3.mp4,/content/drive/MyDrive/all dataset/I am Reading/person3/reading_1_aug_bf7831f3.mp4,0
I am Reading,person3,reading_1_aug_ed00b674.mp4,/content/drive/MyDrive/all dataset/I am Reading/person3/reading_1_aug_ed00b674.mp4,0
I am Reading,person3,reading_1_aug_edb61293.mp4,/content/drive/MyDrive/all dataset/I am Reading/person3/reading_1_aug_edb61293.mp4,0
I am Reading,person4,reading_1.mp4,/content/drive/MyDrive/all dataset/I am Reading/person4/reading_1.mp4,0
I am Reading,person4,reading_1_aug_1.mp4,/content/drive/MyDrive/all dataset/I am Reading/person4/reading_1_aug_1.mp4,0
I am Reading,person4,reading_1_aug_5.mp4,/content/drive/MyDrive/all dataset/I am Reading/person4/reading_1_aug_5.mp4,0
I am Reading,person4,reading_1_aug_6.mp4,/content/drive/MyDrive/all dataset/I am Reading/person4/reading_1_aug_6.mp4,0
I am Reading,person4,reading_1_aug_7.mp4,/content/drive/MyDrive/all dataset/I am Reading/person4/reading_1_aug_7.mp4,0
I am Reading,person4,reading_1_aug_9.mp4,/content/drive/MyDrive/all dataset/I am Reading/person4/reading_1_aug_9.mp4,0
I am Reading,person4,reading_1_aug_10.mp4,/content/drive/MyDrive/all dataset/I am Reading/person4/reading_1_aug_10.mp4,0
I am Reading,person4,reading_1_aug_11.mp4,/content/drive/MyDrive/all dataset/I am Reading/person4/reading_1_aug_11.mp4,0
I am Reading,person4,reading_1_aug_12.mp4,/content/drive/MyDrive/all dataset/I am Reading/person4/reading_1_aug_12.mp4,0
I am Reading,person4,reading_1_aug_14.mp4,/content/drive/MyDrive/all dataset/I am Reading/person4/reading_1_aug_14.mp4,0
I am Reading,person4,reading_1_aug1.mp4,/content/drive/MyDrive/all dataset/I am Reading/person4/reading_1_aug1.mp4,0
I am Reading,person4,reading_1_aug_0b16000f.mp4,/content/drive/MyDrive/all dataset/I am Reading/person4/reading_1_aug_0b16000f.mp4,0
I am Reading,person4,reading_1_aug_0d44a15c.mp4,/content/drive/MyDrive/all dataset/I am Reading/person4/reading_1_aug_0d44a15c.mp4,0
I am Reading,person4,reading_1_aug_ff2c39eb.mp4,/content/drive/MyDrive/all dataset/I am Reading/person4/reading_1_aug_ff2c39eb.mp4,0
I am Reading,person4,reading_1_aug_4df7cf17.mp4,/content/drive/MyDrive/all dataset/I am Reading/person4/reading_1_aug_4df7cf17.mp4,0
I am Reading,person4,reading_1_aug_3aa0d945.mp4,/content/drive/MyDrive/all dataset/I am Reading/person4/reading_1_aug_3aa0d945.mp4,0
I am Reading,person4,reading_1_aug_1d4cb54f.mp4,/content/drive/MyDrive/all dataset/I am Reading/person4/reading_1_aug_1d4cb54f.mp4,0
I am Reading,person4,reading_1_aug_172763dc.mp4,/content/drive/MyDrive/all dataset/I am Reading/person4/reading_1_aug_172763dc.mp4,0
I am Reading,person4,reading_1_aug_4adbec2b.mp4,/content/drive/MyDrive/all dataset/I am Reading/person4/reading_1_aug_4adbec2b.mp4,0
I am Reading,person4,reading_1_aug_69dd39f9.mp4,/content/drive/MyDrive/all dataset/I am Reading/person4/reading_1_aug_69dd39f9.mp4,0
I am Reading,person5,reading_1.mp4,/content/drive/MyDrive/all dataset/I am Reading/person5/reading_1.mp4,0
I am Reading,person5,reading_1_aug_1.mp4,/content/drive/MyDrive/all dataset/I am Reading/person5/reading_1_aug_1.mp4,0
I am Reading,person5,reading_1_aug_2.mp4,/content/drive/MyDrive/all dataset/I am Reading/person5/reading_1_aug_2.mp4,0
I am Reading,person5,reading_1_aug_4.mp4,/content/drive/MyDrive/all dataset/I am Reading/person5/reading_1_aug_4.mp4,0
I am Reading,person5,reading_1_aug_5.mp4,/content/drive/MyDrive/all dataset/I am Reading/person5/reading_1_aug_5.mp4,0
I am Reading,person5,reading_1_aug_9.mp4,/content/drive/MyDrive/all dataset/I am Reading/person5/reading_1_aug_9.mp4,0
I am Reading,person5,reading_1_aug_10.mp4,/content/drive/MyDrive/all dataset/I am Reading/person5/reading_1_aug_10.mp4,0
I am Reading,person5,reading_1_aug_11.mp4,/content/drive/MyDrive/all dataset/I am Reading/person5/reading_1_aug_11.mp4,0
I am Reading,person5,reading_1_aug_12.mp4,/content/drive/MyDrive/all dataset/I am Reading/person5/reading_1_aug_12.mp4,0
I am Reading,person5,reading_1_aug_13.mp4,/content/drive/MyDrive/all dataset/I am Reading/person5/reading_1_aug_13.mp4,0
I am Reading,person5,reading_1_aug1.mp4,/content/drive/MyDrive/all dataset/I am Reading/person5/reading_1_aug1.mp4,0
I am Reading,person5,reading_1_aug_b6d1a046.mp4,/content/drive/MyDrive/all dataset/I am Reading/person5/reading_1_aug_b6d1a046.mp4,0
I am Reading,person5,reading_1_aug_3b2215ff.mp4,/content/drive/MyDrive/all dataset/I am Reading/person5/reading_1_aug_3b2215ff.mp4,0
I am Reading,person5,reading_1_aug_4cdaf535.mp4,/content/drive/MyDrive/all dataset/I am Reading/person5/reading_1_aug_4cdaf535.mp4,0
I am Reading,person5,reading_1_aug_bfd21bd4.mp4,/content/drive/MyDrive/all dataset/I am Reading/person5/reading_1_aug_bfd21bd4.mp4,0
I am Reading,person5,reading_1_aug_cd31040a.mp4,/content/drive/MyDrive/all dataset/I am Reading/person5/reading_1_aug_cd31040a.mp4,0
I am Reading,person5,reading_1_aug_19f5e9fb.mp4,/content/drive/MyDrive/all dataset/I am Reading/person5/reading_1_aug_19f5e9fb.mp4,0
I am Reading,person5,reading_1_aug_0925a8f3.mp4,/content/drive/MyDrive/all dataset/I am Reading/person5/reading_1_aug_0925a8f3.mp4,0
I am Reading,person5,reading_1_aug_f7a90933.mp4,/content/drive/MyDrive/all dataset/I am Reading/person5/reading_1_aug_f7a90933.mp4,0
I am Reading,person5,reading_1_aug_15b4568f.mp4,/content/drive/MyDrive/all dataset/I am Reading/person5/reading_1_aug_15b4568f.mp4,0
I am Reading,person6,reading_1.mp4,/content/drive/MyDrive/all dataset/I am Reading/person6/reading_1.mp4,0
I am Reading,person6,reading_1_aug_1.mp4,/content/drive/MyDrive/all dataset/I am Reading/person6/reading_1_aug_1.mp4,0
I am Reading,person6,reading_1_aug_3.mp4,/content/drive/MyDrive/all dataset/I am Reading/person6/reading_1_aug_3.mp4,0
I am Reading,person6,reading_1_aug_4.mp4,/content/drive/MyDrive/all dataset/I am Reading/person6/reading_1_aug_4.mp4,0
I am Reading,person6,reading_1_aug_5.mp4,/content/drive/MyDrive/all dataset/I am Reading/person6/reading_1_aug_5.mp4,0
I am Reading,person6,reading_1_aug_8.mp4,/content/drive/MyDrive/all dataset/I am Reading/person6/reading_1_aug_8.mp4,0
I am Reading,person6,reading_1_aug_11.mp4,/content/drive/MyDrive/all dataset/I am Reading/person6/reading_1_aug_11.mp4,0
I am Reading,person6,reading_1_aug_12.mp4,/content/drive/MyDrive/all dataset/I am Reading/person6/reading_1_aug_12.mp4,0
I am Reading,person6,reading_1_aug_13.mp4,/content/drive/MyDrive/all dataset/I am Reading/person6/reading_1_aug_13.mp4,0
I am Reading,person6,reading_1_aug_14.mp4,/content/drive/MyDrive/all dataset/I am Reading/person6/reading_1_aug_14.mp4,0
I am Reading,person6,reading_1_aug1.mp4,/content/drive/MyDrive/all dataset/I am Reading/person6/reading_1_aug1.mp4,0
I am Reading,person6,reading_1_aug_8b82ccb7.mp4,/content/drive/MyDrive/all dataset/I am Reading/person6/reading_1_aug_8b82ccb7.mp4,0
I am Reading,person6,reading_1_aug_04b1b5e1.mp4,/content/drive/MyDrive/all dataset/I am Reading/person6/reading_1_aug_04b1b5e1.mp4,0
I am Reading,person6,reading_1_aug_448d9cbe.mp4,/content/drive/MyDrive/all dataset/I am Reading/person6/reading_1_aug_448d9cbe.mp4,0
I am Reading,person6,reading_1_aug_5f2cdf1a.mp4,/content/drive/MyDrive/all dataset/I am Reading/person6/reading_1_aug_5f2cdf1a.mp4,0
I am Reading,person6,reading_1_aug_f03627ab.mp4,/content/drive/MyDrive/all dataset/I am Reading/person6/reading_1_aug_f03627ab.mp4,0
I am Reading,person6,reading_1_aug_9a954382.mp4,/content/drive/MyDrive/all dataset/I am Reading/person6/reading_1_aug_9a954382.mp4,0
I am Reading,person6,reading_1_aug_4ea2fe65.mp4,/content/drive/MyDrive/all dataset/I am Reading/person6/reading_1_aug_4ea2fe65.mp4,0
I am Reading,person6,reading_1_aug_c49b1a67.mp4,/content/drive/MyDrive/all dataset/I am Reading/person6/reading_1_aug_c49b1a67.mp4,0
I am Reading,person6,reading_1_aug_3736adca.mp4,/content/drive/MyDrive/all dataset/I am Reading/person6/reading_1_aug_3736adca.mp4,0
I am Reading,person7,reading_1.mp4,/content/drive/MyDrive/all dataset/I am Reading/person7/reading_1.mp4,0
I am Reading,person7,reading_1_aug_1.mp4,/content/drive/MyDrive/all dataset/I am Reading/person7/reading_1_aug_1.mp4,0
I am Reading,person7,reading_1_aug_2.mp4,/content/drive/MyDrive/all dataset/I am Reading/person7/reading_1_aug_2.mp4,0
I am Reading,person7,reading_1_aug_3.mp4,/content/drive/MyDrive/all dataset/I am Reading/person7/reading_1_aug_3.mp4,0
I am Reading,person7,reading_1_aug_4.mp4,/content/drive/MyDrive/all dataset/I am Reading/person7/reading_1_aug_4.mp4,0
I am Reading,person7,reading_1_aug_6.mp4,/content/drive/MyDrive/all dataset/I am Reading/person7/reading_1_aug_6.mp4,0
I am Reading,person7,reading_1_aug_8.mp4,/content/drive/MyDrive/all dataset/I am Reading/person7/reading_1_aug_8.mp4,0
I am Reading,person7,reading_1_aug_10.mp4,/content/drive/MyDrive/all dataset/I am Reading/person7/reading_1_aug_10.mp4,0
I am Reading,person7,reading_1_aug_13.mp4,/content/drive/MyDrive/all dataset/I am Reading/person7/reading_1_aug_13.mp4,0
I am Reading,person7,reading_1_aug_14.mp4,/content/drive/MyDrive/all dataset/I am Reading/person7/reading_1_aug_14.mp4,0
I am Reading,person7,reading_1_aug1.mp4,/content/drive/MyDrive/all dataset/I am Reading/person7/reading_1_aug1.mp4,0
I am Reading,person7,reading_1_aug_43225d18.mp4,/content/drive/MyDrive/all dataset/I am Reading/person7/reading_1_aug_43225d18.mp4,0
I am Reading,person7,reading_1_aug_9a333e2f.mp4,/content/drive/MyDrive/all dataset/I am Reading/person7/reading_1_aug_9a333e2f.mp4,0
I am Reading,person7,reading_1_aug_69cd4d24.mp4,/content/drive/MyDrive/all dataset/I am Reading/person7/reading_1_aug_69cd4d24.mp4,0
I am Reading,person7,reading_1_aug_6bf7b68d.mp4,/content/drive/MyDrive/all dataset/I am Reading/person7/reading_1_aug_6bf7b68d.mp4,0
I am Reading,person7,reading_1_aug_dfc0959a.mp4,/content/drive/MyDrive/all dataset/I am Reading/person7/reading_1_aug_dfc0959a.mp4,0
I am Reading,person7,reading_1_aug_226f9a1f.mp4,/content/drive/MyDrive/all dataset/I am Reading/person7/reading_1_aug_226f9a1f.mp4,0
I am Reading,person7,reading_1_aug_bff09b66.mp4,/content/drive/MyDrive/all dataset/I am Reading/person7/reading_1_aug_bff09b66.mp4,0
I am Reading,person7,reading_1_aug_1b6e7dad.mp4,/content/drive/MyDrive/all dataset/I am Reading/person7/reading_1_aug_1b6e7dad.mp4,0
I am Reading,person7,reading_1_aug_032a4d9e.mp4,/content/drive/MyDrive/all dataset/I am Reading/person7/reading_1_aug_032a4d9e.mp4,0
I am Reading,person8,reading_1.mp4,/content/drive/MyDrive/all dataset/I am Reading/person8/reading_1.mp4,0
I am Reading,person8,reading_1_aug_1.mp4,/content/drive/MyDrive/all dataset/I am Reading/person8/reading_1_aug_1.mp4,0
I am Reading,person8,reading_1_aug_4.mp4,/content/drive/MyDrive/all dataset/I am Reading/person8/reading_1_aug_4.mp4,0
I am Reading,person8,reading_1_aug_6.mp4,/content/drive/MyDrive/all dataset/I am Reading/person8/reading_1_aug_6.mp4,0
I am Reading,person8,reading_1_aug_8.mp4,/content/drive/MyDrive/all dataset/I am Reading/person8/reading_1_aug_8.mp4,0
I am Reading,person8,reading_1_aug_10.mp4,/content/drive/MyDrive/all dataset/I am Reading/person8/reading_1_aug_10.mp4,0
I am Reading,person8,reading_1_aug_11.mp4,/content/drive/MyDrive/all dataset/I am Reading/person8/reading_1_aug_11.mp4,0
I am Reading,person8,reading_1_aug_12.mp4,/content/drive/MyDrive/all dataset/I am Reading/person8/reading_1_aug_12.mp4,0
I am Reading,person8,reading_1_aug_13.mp4,/content/drive/MyDrive/all dataset/I am Reading/person8/reading_1_aug_13.mp4,0
I am Reading,person8,reading_1_aug_14.mp4,/content/drive/MyDrive/all dataset/I am Reading/person8/reading_1_aug_14.mp4,0
I am Reading,person8,reading_1_aug1.mp4,/content/drive/MyDrive/all dataset/I am Reading/person8/reading_1_aug1.mp4,0
I am Reading,person8,reading_1_aug_9c8b14ab.mp4,/content/drive/MyDrive/all dataset/I am Reading/person8/reading_1_aug_9c8b14ab.mp4,0
I am Reading,person8,reading_1_aug_0e9f6fe0.mp4,/content/drive/MyDrive/all dataset/I am Reading/person8/reading_1_aug_0e9f6fe0.mp4,0
I am Reading,person8,reading_1_aug_fd0e3482.mp4,/content/drive/MyDrive/all dataset/I am Reading/person8/reading_1_aug_fd0e3482.mp4,0
I am Reading,person8,reading_1_aug_58195676.mp4,/content/drive/MyDrive/all dataset/I am Reading/person8/reading_1_aug_58195676.mp4,0
I am Reading,person8,reading_1_aug_636974fe.mp4,/content/drive/MyDrive/all dataset/I am Reading/person8/reading_1_aug_636974fe.mp4,0
I am Reading,person8,reading_1_aug_8ffc0c74.mp4,/content/drive/MyDrive/all dataset/I am Reading/person8/reading_1_aug_8ffc0c74.mp4,0
I am Reading,person8,reading_1_aug_2c4492ac.mp4,/content/drive/MyDrive/all dataset/I am Reading/person8/reading_1_aug_2c4492ac.mp4,0
I am Reading,person8,reading_1_aug_af74c8b5.mp4,/content/drive/MyDrive/all dataset/I am Reading/person8/reading_1_aug_af74c8b5.mp4,0
I am Reading,person8,reading_1_aug_a32a1447.mp4,/content/drive/MyDrive/all dataset/I am Reading/person8/reading_1_aug_a32a1447.mp4,0
I am Reading,person9,reading_1.mp4,/content/drive/MyDrive/all dataset/I am Reading/person9/reading_1.mp4,0
I am Reading,person9,reading_1_aug_3.mp4,/content/drive/MyDrive/all dataset/I am Reading/person9/reading_1_aug_3.mp4,0
I am Reading,person9,reading_1_aug_4.mp4,/content/drive/MyDrive/all dataset/I am Reading/person9/reading_1_aug_4.mp4,0
I am Reading,person9,reading_1_aug_5.mp4,/content/drive/MyDrive/all dataset/I am Reading/person9/reading_1_aug_5.mp4,0
I am Reading,person9,reading_1_aug_6.mp4,/content/drive/MyDrive/all dataset/I am Reading/person9/reading_1_aug_6.mp4,0
I am Reading,person9,reading_1_aug_7.mp4,/content/drive/MyDrive/all dataset/I am Reading/person9/reading_1_aug_7.mp4,0
I am Reading,person9,reading_1_aug_9.mp4,/content/drive/MyDrive/all dataset/I am Reading/person9/reading_1_aug_9.mp4,0
I am Reading,person9,reading_1_aug_10.mp4,/content/drive/MyDrive/all dataset/I am Reading/person9/reading_1_aug_10.mp4,0
I am Reading,person9,reading_1_aug_13.mp4,/content/drive/MyDrive/all dataset/I am Reading/person9/reading_1_aug_13.mp4,0
I am Reading,person9,reading_1_aug_14.mp4,/content/drive/MyDrive/all dataset/I am Reading/person9/reading_1_aug_14.mp4,0
I am Reading,person9,reading_1_aug1.mp4,/content/drive/MyDrive/all dataset/I am Reading/person9/reading_1_aug1.mp4,0
I am Reading,person9,reading_1_aug_e88f0510.mp4,/content/drive/MyDrive/all dataset/I am Reading/person9/reading_1_aug_e88f0510.mp4,0
I am Reading,person9,reading_1_aug_e7fa1d38.mp4,/content/drive/MyDrive/all dataset/I am Reading/person9/reading_1_aug_e7fa1d38.mp4,0
I am Reading,person9,reading_1_aug_d1e4ee4d.mp4,/content/drive/MyDrive/all dataset/I am Reading/person9/reading_1_aug_d1e4ee4d.mp4,0
I am Reading,person9,reading_1_aug_76af727a.mp4,/content/drive/MyDrive/all dataset/I am Reading/person9/reading_1_aug_76af727a.mp4,0
I am Reading,person9,reading_1_aug_7dac16d2.mp4,/content/drive/MyDrive/all dataset/I am Reading/person9/reading_1_aug_7dac16d2.mp4,0
I am Reading,person9,reading_1_aug_6adad7fc.mp4,/content/drive/MyDrive/all dataset/I am Reading/person9/reading_1_aug_6adad7fc.mp4,0
I am Reading,person9,reading_1_aug_614e59f0.mp4,/content/drive/MyDrive/all dataset/I am Reading/person9/reading_1_aug_614e59f0.mp4,0
I am Reading,person9,reading_1_aug_a096dccf.mp4,/content/drive/MyDrive/all dataset/I am Reading/person9/reading_1_aug_a096dccf.mp4,0
I am Reading,person9,reading_1_aug_05b06079.mp4,/content/drive/MyDrive/all dataset/I am Reading/person9/reading_1_aug_05b06079.mp4,0
I am doing bath,person6,bath_77.mp4,/content/drive/MyDrive/all dataset/I am doing bath/person6/bath_77.mp4,0
I am doing bath,person6,bath_75.mp4,/content/drive/MyDrive/all dataset/I am doing bath/person6/bath_75.mp4,0
I am doing bath,person6,bath_85.mp4,/content/drive/MyDrive/all dataset/I am doing bath/person6/bath_85.mp4,0
I am doing bath,person6,bath_82.mp4,/content/drive/MyDrive/all dataset/I am doing bath/person6/bath_82.mp4,0
I am doing bath,person6,bath_83.mp4,/content/drive/MyDrive/all dataset/I am doing bath/person6/bath_83.mp4,0
I am doing bath,person6,bath_84.mp4,/content/drive/MyDrive/all dataset/I am doing bath/person6/bath_84.mp4,0
I am doing bath,person6,bath_79.mp4,/content/drive/MyDrive/all dataset/I am doing bath/person6/bath_79.mp4,0
I am doing bath,person6,bath_76.mp4,/content/drive/MyDrive/all dataset/I am doing bath/person6/bath_76.mp4,0
I am doing bath,person6,bath_86.mp4,/content/drive/MyDrive/all dataset/I am doing bath/person6/bath_86.mp4,0
I am doing bath,person6,bath_80.mp4,/content/drive/MyDrive/all dataset/I am doing bath/person6/bath_80.mp4,0
I am doing bath,person6,bath_75_aug1.mp4,/content/drive/MyDrive/all dataset/I am doing bath/person6/bath_75_aug1.mp4,0
I am doing bath,person6,bath_76_aug1.mp4,/content/drive/MyDrive/all dataset/I am doing bath/person6/bath_76_aug1.mp4,0
I am doing bath,person6,bath_77_aug1.mp4,/content/drive/MyDrive/all dataset/I am doing bath/person6/bath_77_aug1.mp4,0
I am doing bath,person6,bath_79_aug1.mp4,/content/drive/MyDrive/all dataset/I am doing bath/person6/bath_79_aug1.mp4,0
I am doing bath,person6,bath_80_aug1.mp4,/content/drive/MyDrive/all dataset/I am doing bath/person6/bath_80_aug1.mp4,0
I am doing bath,person6,bath_82_aug1.mp4,/content/drive/MyDrive/all dataset/I am doing bath/person6/bath_82_aug1.mp4,0
I am doing bath,person6,bath_83_aug1.mp4,/content/drive/MyDrive/all dataset/I am doing bath/person6/bath_83_aug1.mp4,0
I am doing bath,person6,bath_84_aug1.mp4,/content/drive/MyDrive/all dataset/I am doing bath/person6/bath_84_aug1.mp4,0
I am doing bath,person6,bath_85_aug1.mp4,/content/drive/MyDrive/all dataset/I am doing bath/person6/bath_85_aug1.mp4,0
I am doing bath,person6,bath_86_aug1.mp4,/content/drive/MyDrive/all dataset/I am doing bath/person6/bath_86_aug1.mp4,0
I am doing bath,person7,bath_89.mp4,/content/drive/MyDrive/all dataset/I am doing bath/person7/bath_89.mp4,0
I am doing bath,person7,bath_88.mp4,/content/drive/MyDrive/all dataset/I am doing bath/person7/bath_88.mp4,0
I am doing bath,person7,bath_94.mp4,/content/drive/MyDrive/all dataset/I am doing bath/person7/bath_94.mp4,0
I am doing bath,person7,bath_99.mp4,/content/drive/MyDrive/all dataset/I am doing bath/person7/bath_99.mp4,0
I am doing bath,person7,bath_92.mp4,/content/drive/MyDrive/all dataset/I am doing bath/person7/bath_92.mp4,0
I am doing bath,person7,bath_96.mp4,/content/drive/MyDrive/all dataset/I am doing bath/person7/bath_96.mp4,0
I am doing bath,person7,bath_93.mp4,/content/drive/MyDrive/all dataset/I am doing bath/person7/bath_93.mp4,0
I am doing bath,person7,bath_91.mp4,/content/drive/MyDrive/all dataset/I am doing bath/person7/bath_91.mp4,0
I am doing bath,person7,bath_90.mp4,/content/drive/MyDrive/all dataset/I am doing bath/person7/bath_90.mp4,0
I am doing bath,person7,bath_98.mp4,/content/drive/MyDrive/all dataset/I am doing bath/person7/bath_98.mp4,0
I am doing bath,person7,bath_88_aug1.mp4,/content/drive/MyDrive/all dataset/I am doing bath/person7/bath_88_aug1.mp4,0
I am doing bath,person7,bath_89_aug1.mp4,/content/drive/MyDrive/all dataset/I am doing bath/person7/bath_89_aug1.mp4,0
I am doing bath,person7,bath_90_aug1.mp4,/content/drive/MyDrive/all dataset/I am doing bath/person7/bath_90_aug1.mp4,0
I am doing bath,person7,bath_91_aug1.mp4,/content/drive/MyDrive/all dataset/I am doing bath/person7/bath_91_aug1.mp4,0
I am doing bath,person7,bath_92_aug1.mp4,/content/drive/MyDrive/all dataset/I am doing bath/person7/bath_92_aug1.mp4,0
I am doing bath,person7,bath_93_aug1.mp4,/content/drive/MyDrive/all dataset/I am doing bath/person7/bath_93_aug1.mp4,0
I am doing bath,person7,bath_94_aug1.mp4,/content/drive/MyDrive/all dataset/I am doing bath/person7/bath_94_aug1.mp4,0
I am doing bath,person7,bath_96_aug1.mp4,/content/drive/MyDrive/all dataset/I am doing bath/person7/bath_96_aug1.mp4,0
I am doing bath,person7,bath_98_aug1.mp4,/content/drive/MyDrive/all dataset/I am doing bath/person7/bath_98_aug1.mp4,0
I am doing bath,person7,bath_99_aug1.mp4,/content/drive/MyDrive/all dataset/I am doing bath/person7/bath_99_aug1.mp4,0
I am doing bath,person8,bath_109.mp4,/content/drive/MyDrive/all dataset/I am doing bath/person8/bath_109.mp4,0
I am doing bath,person8,bath_104.mp4,/content/drive/MyDrive/all dataset/I am doing bath/person8/bath_104.mp4,0
I am doing bath,person8,bath_106.mp4,/content/drive/MyDrive/all dataset/I am doing bath/person8/bath_106.mp4,0
I am doing bath,person8,bath_102.mp4,/content/drive/MyDrive/all dataset/I am doing bath/person8/bath_102.mp4,0
I am doing bath,person8,bath_111.mp4,/content/drive/MyDrive/all dataset/I am doing bath/person8/bath_111.mp4,0
I am doing bath,person8,bath_103.mp4,/content/drive/MyDrive/all dataset/I am doing bath/person8/bath_103.mp4,0
I am doing bath,person8,bath_110.mp4,/content/drive/MyDrive/all dataset/I am doing bath/person8/bath_110.mp4,0
I am doing bath,person8,bath_108.mp4,/content/drive/MyDrive/all dataset/I am doing bath/person8/bath_108.mp4,0
I am doing bath,person8,bath_107.mp4,/content/drive/MyDrive/all dataset/I am doing bath/person8/bath_107.mp4,0
I am doing bath,person8,bath_112.mp4,/content/drive/MyDrive/all dataset/I am doing bath/person8/bath_112.mp4,0
I am doing bath,person8,bath_102_aug1.mp4,/content/drive/MyDrive/all dataset/I am doing bath/person8/bath_102_aug1.mp4,0
I am doing bath,person8,bath_103_aug1.mp4,/content/drive/MyDrive/all dataset/I am doing bath/person8/bath_103_aug1.mp4,0
I am doing bath,person8,bath_104_aug1.mp4,/content/drive/MyDrive/all dataset/I am doing bath/person8/bath_104_aug1.mp4,0
I am doing bath,person8,bath_106_aug1.mp4,/content/drive/MyDrive/all dataset/I am doing bath/person8/bath_106_aug1.mp4,0
I am doing bath,person8,bath_107_aug1.mp4,/content/drive/MyDrive/all dataset/I am doing bath/person8/bath_107_aug1.mp4,0
I am doing bath,person8,bath_108_aug1.mp4,/content/drive/MyDrive/all dataset/I am doing bath/person8/bath_108_aug1.mp4,0
I am doing bath,person8,bath_109_aug1.mp4,/content/drive/MyDrive/all dataset/I am doing bath/person8/bath_109_aug1.mp4,0
I am doing bath,person8,bath_110_aug1.mp4,/content/drive/MyDrive/all dataset/I am doing bath/person8/bath_110_aug1.mp4,0
I am doing bath,person8,bath_111_aug1.mp4,/content/drive/MyDrive/all dataset/I am doing bath/person8/bath_111_aug1.mp4,0
I am doing bath,person8,bath_112_aug1.mp4,/content/drive/MyDrive/all dataset/I am doing bath/person8/bath_112_aug1.mp4,0
I am doing bath,person5,bath_66.mp4,/content/drive/MyDrive/all dataset/I am doing bath/person5/bath_66.mp4,0
I am doing bath,person5,bath_71.mp4,/content/drive/MyDrive/all dataset/I am doing bath/person5/bath_71.mp4,0
I am doing bath,person5,bath_62.mp4,/content/drive/MyDrive/all dataset/I am doing bath/person5/bath_62.mp4,0
I am doing bath,person5,bath_69.mp4,/content/drive/MyDrive/all dataset/I am doing bath/person5/bath_69.mp4,0
I am doing bath,person5,bath_67.mp4,/content/drive/MyDrive/all dataset/I am doing bath/person5/bath_67.mp4,0
I am doing bath,person5,bath_68.mp4,/content/drive/MyDrive/all dataset/I am doing bath/person5/bath_68.mp4,0
I am doing bath,person5,bath_72.mp4,/content/drive/MyDrive/all dataset/I am doing bath/person5/bath_72.mp4,0
I am doing bath,person5,bath_64.mp4,/content/drive/MyDrive/all dataset/I am doing bath/person5/bath_64.mp4,0
I am doing bath,person5,bath_63.mp4,/content/drive/MyDrive/all dataset/I am doing bath/person5/bath_63.mp4,0
I am doing bath,person5,bath_62_1.mp4,/content/drive/MyDrive/all dataset/I am doing bath/person5/bath_62_1.mp4,0
I am doing bath,person5,bath_62_aug1.mp4,/content/drive/MyDrive/all dataset/I am doing bath/person5/bath_62_aug1.mp4,0
I am doing bath,person5,bath_62_1_aug1.mp4,/content/drive/MyDrive/all dataset/I am doing bath/person5/bath_62_1_aug1.mp4,0
I am doing bath,person5,bath_63_aug1.mp4,/content/drive/MyDrive/all dataset/I am doing bath/person5/bath_63_aug1.mp4,0
I am doing bath,person5,bath_64_aug1.mp4,/content/drive/MyDrive/all dataset/I am doing bath/person5/bath_64_aug1.mp4,0
I am doing bath,person5,bath_66_aug1.mp4,/content/drive/MyDrive/all dataset/I am doing bath/person5/bath_66_aug1.mp4,0
I am doing bath,person5,bath_67_aug1.mp4,/content/drive/MyDrive/all dataset/I am doing bath/person5/bath_67_aug1.mp4,0
I am doing bath,person5,bath_68_aug1.mp4,/content/drive/MyDrive/all dataset/I am doing bath/person5/bath_68_aug1.mp4,0
I am doing bath,person5,bath_69_aug1.mp4,/content/drive/MyDrive/all dataset/I am doing bath/person5/bath_69_aug1.mp4,0
I am doing bath,person5,bath_71_aug1.mp4,/content/drive/MyDrive/all dataset/I am doing bath/person5/bath_71_aug1.mp4,0
I am doing bath,person5,bath_72_aug1.mp4,/content/drive/MyDrive/all dataset/I am doing bath/person5/bath_72_aug1.mp4,0
I am doing bath,person1,bath_11.mp4,/content/drive/MyDrive/all dataset/I am doing bath/person1/bath_11.mp4,0
I am doing bath,person1,bath_10.mp4,/content/drive/MyDrive/all dataset/I am doing bath/person1/bath_10.mp4,0
I am doing bath,person1,bath_15.mp4,/content/drive/MyDrive/all dataset/I am doing bath/person1/bath_15.mp4,0
I am doing bath,person1,bath_19.mp4,/content/drive/MyDrive/all dataset/I am doing bath/person1/bath_19.mp4,0
I am doing bath,person1,bath_12.mp4,/content/drive/MyDrive/all dataset/I am doing bath/person1/bath_12.mp4,0
I am doing bath,person1,bath_20.mp4,/content/drive/MyDrive/all dataset/I am doing bath/person1/bath_20.mp4,0
I am doing bath,person1,bath_18.mp4,/content/drive/MyDrive/all dataset/I am doing bath/person1/bath_18.mp4,0
I am doing bath,person1,bath_14.mp4,/content/drive/MyDrive/all dataset/I am doing bath/person1/bath_14.mp4,0
I am doing bath,person1,bath_16.mp4,/content/drive/MyDrive/all dataset/I am doing bath/person1/bath_16.mp4,0
I am doing bath,person1,bath_17.mp4,/content/drive/MyDrive/all dataset/I am doing bath/person1/bath_17.mp4,0
I am doing bath,person1,bath_10_aug1.mp4,/content/drive/MyDrive/all dataset/I am doing bath/person1/bath_10_aug1.mp4,0
I am doing bath,person1,bath_11_aug1.mp4,/content/drive/MyDrive/all dataset/I am doing bath/person1/bath_11_aug1.mp4,0
I am doing bath,person1,bath_12_aug1.mp4,/content/drive/MyDrive/all dataset/I am doing bath/person1/bath_12_aug1.mp4,0
I am doing bath,person1,bath_14_aug1.mp4,/content/drive/MyDrive/all dataset/I am doing bath/person1/bath_14_aug1.mp4,0
I am doing bath,person1,bath_15_aug1.mp4,/content/drive/MyDrive/all dataset/I am doing bath/person1/bath_15_aug1.mp4,0
I am doing bath,person1,bath_16_aug1.mp4,/content/drive/MyDrive/all dataset/I am doing bath/person1/bath_16_aug1.mp4,0
I am doing bath,person1,bath_17_aug1.mp4,/content/drive/MyDrive/all dataset/I am doing bath/person1/bath_17_aug1.mp4,0
I am doing bath,person1,bath_18_aug1.mp4,/content/drive/MyDrive/all dataset/I am doing bath/person1/bath_18_aug1.mp4,0
I am doing bath,person1,bath_19_aug1.mp4,/content/drive/MyDrive/all dataset/I am doing bath/person1/bath_19_aug1.mp4,0
I am doing bath,person1,bath_20_aug1.mp4,/content/drive/MyDrive/all dataset/I am doing bath/person1/bath_20_aug1.mp4,0
I am doing bath,person4,bath_54.mp4,/content/drive/MyDrive/all dataset/I am doing bath/person4/bath_54.mp4,0
I am doing bath,person4,bath_50.mp4,/content/drive/MyDrive/all dataset/I am doing bath/person4/bath_50.mp4,0
I am doing bath,person4,bath_58.mp4,/content/drive/MyDrive/all dataset/I am doing bath/person4/bath_58.mp4,0
I am doing bath,person4,bath_56.mp4,/content/drive/MyDrive/all dataset/I am doing bath/person4/bath_56.mp4,0
I am doing bath,person4,bath_60.mp4,/content/drive/MyDrive/all dataset/I am doing bath/person4/bath_60.mp4,0
I am doing bath,person4,bath_57.mp4,/content/drive/MyDrive/all dataset/I am doing bath/person4/bath_57.mp4,0
I am doing bath,person4,bath_55.mp4,/content/drive/MyDrive/all dataset/I am doing bath/person4/bath_55.mp4,0
I am doing bath,person4,bath_49.mp4,/content/drive/MyDrive/all dataset/I am doing bath/person4/bath_49.mp4,0
I am doing bath,person4,bath_53.mp4,/content/drive/MyDrive/all dataset/I am doing bath/person4/bath_53.mp4,0
I am doing bath,person4,bath_51.mp4,/content/drive/MyDrive/all dataset/I am doing bath/person4/bath_51.mp4,0
I am doing bath,person4,bath_49_aug1.mp4,/content/drive/MyDrive/all dataset/I am doing bath/person4/bath_49_aug1.mp4,0
I am doing bath,person4,bath_50_aug1.mp4,/content/drive/MyDrive/all dataset/I am doing bath/person4/bath_50_aug1.mp4,0
I am doing bath,person4,bath_51_aug1.mp4,/content/drive/MyDrive/all dataset/I am doing bath/person4/bath_51_aug1.mp4,0
I am doing bath,person4,bath_53_aug1.mp4,/content/drive/MyDrive/all dataset/I am doing bath/person4/bath_53_aug1.mp4,0
I am doing bath,person4,bath_54_aug1.mp4,/content/drive/MyDrive/all dataset/I am doing bath/person4/bath_54_aug1.mp4,0
I am doing bath,person4,bath_55_aug1.mp4,/content/drive/MyDrive/all dataset/I am doing bath/person4/bath_55_aug1.mp4,0
I am doing bath,person4,bath_56_aug1.mp4,/content/drive/MyDrive/all dataset/I am doing bath/person4/bath_56_aug1.mp4,0
I am doing bath,person4,bath_57_aug1.mp4,/content/drive/MyDrive/all dataset/I am doing bath/person4/bath_57_aug1.mp4,0
I am doing bath,person4,bath_58_aug1.mp4,/content/drive/MyDrive/all dataset/I am doing bath/person4/bath_58_aug1.mp4,0
I am doing bath,person4,bath_60_aug1.mp4,/content/drive/MyDrive/all dataset/I am doing bath/person4/bath_60_aug1.mp4,0
I am doing bath,person9,bath_119.mp4,/content/drive/MyDrive/all dataset/I am doing bath/person9/bath_119.mp4,0
I am doing bath,person9,bath_115.mp4,/content/drive/MyDrive/all dataset/I am doing bath/person9/bath_115.mp4,0
I am doing bath,person9,bath_118.mp4,/content/drive/MyDrive/all dataset/I am doing bath/person9/bath_118.mp4,0
I am doing bath,person9,bath_122.mp4,/content/drive/MyDrive/all dataset/I am doing bath/person9/bath_122.mp4,0
I am doing bath,person9,bath_121.mp4,/content/drive/MyDrive/all dataset/I am doing bath/person9/bath_121.mp4,0
I am doing bath,person9,bath_114.mp4,/content/drive/MyDrive/all dataset/I am doing bath/person9/bath_114.mp4,0
I am doing bath,person9,bath_117.mp4,/content/drive/MyDrive/all dataset/I am doing bath/person9/bath_117.mp4,0
I am doing bath,person9,bath_124.mp4,/content/drive/MyDrive/all dataset/I am doing bath/person9/bath_124.mp4,0
I am doing bath,person9,bath_125.mp4,/content/drive/MyDrive/all dataset/I am doing bath/person9/bath_125.mp4,0
I am doing bath,person9,bath_123.mp4,/content/drive/MyDrive/all dataset/I am doing bath/person9/bath_123.mp4,0
I am doing bath,person9,bath_114_aug1.mp4,/content/drive/MyDrive/all dataset/I am doing bath/person9/bath_114_aug1.mp4,0
I am doing bath,person9,bath_115_aug1.mp4,/content/drive/MyDrive/all dataset/I am doing bath/person9/bath_115_aug1.mp4,0
I am doing bath,person9,bath_117_aug1.mp4,/content/drive/MyDrive/all dataset/I am doing bath/person9/bath_117_aug1.mp4,0
I am doing bath,person9,bath_118_aug1.mp4,/content/drive/MyDrive/all dataset/I am doing bath/person9/bath_118_aug1.mp4,0
I am doing bath,person9,bath_119_aug1.mp4,/content/drive/MyDrive/all dataset/I am doing bath/person9/bath_119_aug1.mp4,0
I am doing bath,person9,bath_121_aug1.mp4,/content/drive/MyDrive/all dataset/I am doing bath/person9/bath_121_aug1.mp4,0
I am doing bath,person9,bath_122_aug1.mp4,/content/drive/MyDrive/all dataset/I am doing bath/person9/bath_122_aug1.mp4,0
I am doing bath,person9,bath_123_aug1.mp4,/content/drive/MyDrive/all dataset/I am doing bath/person9/bath_123_aug1.mp4,0
I am doing bath,person9,bath_124_aug1.mp4,/content/drive/MyDrive/all dataset/I am doing bath/person9/bath_124_aug1.mp4,0
I am doing bath,person9,bath_125_aug1.mp4,/content/drive/MyDrive/all dataset/I am doing bath/person9/bath_125_aug1.mp4,0
I am doing bath,person2,bath_33.mp4,/content/drive/MyDrive/all dataset/I am doing bath/person2/bath_33.mp4,0
I am doing bath,person2,bath_30.mp4,/content/drive/MyDrive/all dataset/I am doing bath/person2/bath_30.mp4,0
I am doing bath,person2,bath_26.mp4,/content/drive/MyDrive/all dataset/I am doing bath/person2/bath_26.mp4,0
I am doing bath,person2,bath_34.mp4,/content/drive/MyDrive/all dataset/I am doing bath/person2/bath_34.mp4,0
I am doing bath,person2,bath_27.mp4,/content/drive/MyDrive/all dataset/I am doing bath/person2/bath_27.mp4,0
I am doing bath,person2,bath_28.mp4,/content/drive/MyDrive/all dataset/I am doing bath/person2/bath_28.mp4,0
I am doing bath,person2,bath_25.mp4,/content/drive/MyDrive/all dataset/I am doing bath/person2/bath_25.mp4,0
I am doing bath,person2,bath_24.mp4,/content/drive/MyDrive/all dataset/I am doing bath/person2/bath_24.mp4,0
I am doing bath,person2,bath_29.mp4,/content/drive/MyDrive/all dataset/I am doing bath/person2/bath_29.mp4,0
I am doing bath,person2,bath_23.mp4,/content/drive/MyDrive/all dataset/I am doing bath/person2/bath_23.mp4,0
I am doing bath,person2,bath_23_aug1.mp4,/content/drive/MyDrive/all dataset/I am doing bath/person2/bath_23_aug1.mp4,0
I am doing bath,person2,bath_24_aug1.mp4,/content/drive/MyDrive/all dataset/I am doing bath/person2/bath_24_aug1.mp4,0
I am doing bath,person2,bath_25_aug1.mp4,/content/drive/MyDrive/all dataset/I am doing bath/person2/bath_25_aug1.mp4,0
I am doing bath,person2,bath_26_aug1.mp4,/content/drive/MyDrive/all dataset/I am doing bath/person2/bath_26_aug1.mp4,0
I am doing bath,person2,bath_27_aug1.mp4,/content/drive/MyDrive/all dataset/I am doing bath/person2/bath_27_aug1.mp4,0
I am doing bath,person2,bath_28_aug1.mp4,/content/drive/MyDrive/all dataset/I am doing bath/person2/bath_28_aug1.mp4,0
I am doing bath,person2,bath_29_aug1.mp4,/content/drive/MyDrive/all dataset/I am doing bath/person2/bath_29_aug1.mp4,0
I am doing bath,person2,bath_30_aug1.mp4,/content/drive/MyDrive/all dataset/I am doing bath/person2/bath_30_aug1.mp4,0
I am doing bath,person2,bath_33_aug1.mp4,/content/drive/MyDrive/all dataset/I am doing bath/person2/bath_33_aug1.mp4,0
I am doing bath,person2,bath_34_aug1.mp4,/content/drive/MyDrive/all dataset/I am doing bath/person2/bath_34_aug1.mp4,0
I am doing bath,person3,bath_46.mp4,/content/drive/MyDrive/all dataset/I am doing bath/person3/bath_46.mp4,0
I am doing bath,person3,bath_38.mp4,/content/drive/MyDrive/all dataset/I am doing bath/person3/bath_38.mp4,0
I am doing bath,person3,bath_42.mp4,/content/drive/MyDrive/all dataset/I am doing bath/person3/bath_42.mp4,0
I am doing bath,person3,bath_40.mp4,/content/drive/MyDrive/all dataset/I am doing bath/person3/bath_40.mp4,0
I am doing bath,person3,bath_41.mp4,/content/drive/MyDrive/all dataset/I am doing bath/person3/bath_41.mp4,0
I am doing bath,person3,bath_43.mp4,/content/drive/MyDrive/all dataset/I am doing bath/person3/bath_43.mp4,0
I am doing bath,person3,bath_45.mp4,/content/drive/MyDrive/all dataset/I am doing bath/person3/bath_45.mp4,0
I am doing bath,person3,bath_39.mp4,/content/drive/MyDrive/all dataset/I am doing bath/person3/bath_39.mp4,0
I am doing bath,person3,bath_47.mp4,/content/drive/MyDrive/all dataset/I am doing bath/person3/bath_47.mp4,0
I am doing bath,person3,bath_37.mp4,/content/drive/MyDrive/all dataset/I am doing bath/person3/bath_37.mp4,0
I am doing bath,person3,bath_37_aug1.mp4,/content/drive/MyDrive/all dataset/I am doing bath/person3/bath_37_aug1.mp4,0
I am doing bath,person3,bath_38_aug1.mp4,/content/drive/MyDrive/all dataset/I am doing bath/person3/bath_38_aug1.mp4,0
I am doing bath,person3,bath_39_aug1.mp4,/content/drive/MyDrive/all dataset/I am doing bath/person3/bath_39_aug1.mp4,0
I am doing bath,person3,bath_40_aug1.mp4,/content/drive/MyDrive/all dataset/I am doing bath/person3/bath_40_aug1.mp4,0
I am doing bath,person3,bath_41_aug1.mp4,/content/drive/MyDrive/all dataset/I am doing bath/person3/bath_41_aug1.mp4,0
I am doing bath,person3,bath_43_aug1.mp4,/content/drive/MyDrive/all dataset/I am doing bath/person3/bath_43_aug1.mp4,0
I am doing bath,person3,bath_42_aug1.mp4,/content/drive/MyDrive/all dataset/I am doing bath/person3/bath_42_aug1.mp4,0
I am doing bath,person3,bath_45_aug1.mp4,/content/drive/MyDrive/all dataset/I am doing bath/person3/bath_45_aug1.mp4,0
I am doing bath,person3,bath_46_aug1.mp4,/content/drive/MyDrive/all dataset/I am doing bath/person3/bath_46_aug1.mp4,0
I am doing bath,person3,bath_47_aug1.mp4,/content/drive/MyDrive/all dataset/I am doing bath/person3/bath_47_aug1.mp4,0
I am taking medicine,person1,medicine_1.mp4,/content/drive/MyDrive/all dataset/I am taking medicine/person1/medicine_1.mp4,0
I am taking medicine,person1,medicine_1_aug_3.mp4,/content/drive/MyDrive/all dataset/I am taking medicine/person1/medicine_1_aug_3.mp4,0
I am taking medicine,person1,medicine_1_aug_4.mp4,/content/drive/MyDrive/all dataset/I am taking medicine/person1/medicine_1_aug_4.mp4,0
I am taking medicine,person1,medicine_1_aug_5.mp4,/content/drive/MyDrive/all dataset/I am taking medicine/person1/medicine_1_aug_5.mp4,0
I am taking medicine,person1,medicine_1_aug_6.mp4,/content/drive/MyDrive/all dataset/I am taking medicine/person1/medicine_1_aug_6.mp4,0
I am taking medicine,person1,medicine_1_aug_7.mp4,/content/drive/MyDrive/all dataset/I am taking medicine/person1/medicine_1_aug_7.mp4,0
I am taking medicine,person1,medicine_1_aug_8.mp4,/content/drive/MyDrive/all dataset/I am taking medicine/person1/medicine_1_aug_8.mp4,0
I am taking medicine,person1,medicine_1_aug_9.mp4,/content/drive/MyDrive/all dataset/I am taking medicine/person1/medicine_1_aug_9.mp4,0
I am taking medicine,person1,medicine_1_aug_10.mp4,/content/drive/MyDrive/all dataset/I am taking medicine/person1/medicine_1_aug_10.mp4,0
I am taking medicine,person1,medicine_1_aug_11.mp4,/content/drive/MyDrive/all dataset/I am taking medicine/person1/medicine_1_aug_11.mp4,0
I am taking medicine,person1,medicine_1_aug1.mp4,/content/drive/MyDrive/all dataset/I am taking medicine/person1/medicine_1_aug1.mp4,0
I am taking medicine,person1,medicine_1_aug_b7b304b0.mp4,/content/drive/MyDrive/all dataset/I am taking medicine/person1/medicine_1_aug_b7b304b0.mp4,0
I am taking medicine,person1,medicine_1_aug_6b77d453.mp4,/content/drive/MyDrive/all dataset/I am taking medicine/person1/medicine_1_aug_6b77d453.mp4,0
I am taking medicine,person1,medicine_1_aug_b07ddb03.mp4,/content/drive/MyDrive/all dataset/I am taking medicine/person1/medicine_1_aug_b07ddb03.mp4,0
I am taking medicine,person1,medicine_1_aug_31e9313e.mp4,/content/drive/MyDrive/all dataset/I am taking medicine/person1/medicine_1_aug_31e9313e.mp4,0
I am taking medicine,person1,medicine_1_aug_618a6f2e.mp4,/content/drive/MyDrive/all dataset/I am taking medicine/person1/medicine_1_aug_618a6f2e.mp4,0
I am taking medicine,person1,medicine_1_aug_79645452.mp4,/content/drive/MyDrive/all dataset/I am taking medicine/person1/medicine_1_aug_79645452.mp4,0
I am taking medicine,person1,medicine_1_aug_dd2875b6.mp4,/content/drive/MyDrive/all dataset/I am taking medicine/person1/medicine_1_aug_dd2875b6.mp4,0
I am taking medicine,person1,medicine_1_aug_23761ee6.mp4,/content/drive/MyDrive/all dataset/I am taking medicine/person1/medicine_1_aug_23761ee6.mp4,0
I am taking medicine,person1,medicine_1_aug_bbd50fb2.mp4,/content/drive/MyDrive/all dataset/I am taking medicine/person1/medicine_1_aug_bbd50fb2.mp4,0
I am taking medicine,person2,medicine_2.mp4,/content/drive/MyDrive/all dataset/I am taking medicine/person2/medicine_2.mp4,0
I am taking medicine,person2,medicine_2_aug_1.mp4,/content/drive/MyDrive/all dataset/I am taking medicine/person2/medicine_2_aug_1.mp4,0
I am taking medicine,person2,medicine_2_aug_3.mp4,/content/drive/MyDrive/all dataset/I am taking medicine/person2/medicine_2_aug_3.mp4,0
I am taking medicine,person2,medicine_2_aug_4.mp4,/content/drive/MyDrive/all dataset/I am taking medicine/person2/medicine_2_aug_4.mp4,0
I am taking medicine,person2,medicine_2_aug_5.mp4,/content/drive/MyDrive/all dataset/I am taking medicine/person2/medicine_2_aug_5.mp4,0
I am taking medicine,person2,medicine_2_aug_6.mp4,/content/drive/MyDrive/all dataset/I am taking medicine/person2/medicine_2_aug_6.mp4,0
I am taking medicine,person2,medicine_2_aug_7.mp4,/content/drive/MyDrive/all dataset/I am taking medicine/person2/medicine_2_aug_7.mp4,0
I am taking medicine,person2,medicine_2_aug_8.mp4,/content/drive/MyDrive/all dataset/I am taking medicine/person2/medicine_2_aug_8.mp4,0
I am taking medicine,person2,medicine_2_aug_10.mp4,/content/drive/MyDrive/all dataset/I am taking medicine/person2/medicine_2_aug_10.mp4,0
I am taking medicine,person2,medicine_10.mp4,/content/drive/MyDrive/all dataset/I am taking medicine/person2/medicine_10.mp4,0
I am taking medicine,person2,medicine_10_aug1.mp4,/content/drive/MyDrive/all dataset/I am taking medicine/person2/medicine_10_aug1.mp4,0
I am taking medicine,person2,medicine_2_aug1.mp4,/content/drive/MyDrive/all dataset/I am taking medicine/person2/medicine_2_aug1.mp4,0
I am taking medicine,person2,medicine_10_aug_60d6b9ea.mp4,/content/drive/MyDrive/all dataset/I am taking medicine/person2/medicine_10_aug_60d6b9ea.mp4,0
I am taking medicine,person2,medicine_2_aug_5bc2a3b8.mp4,/content/drive/MyDrive/all dataset/I am taking medicine/person2/medicine_2_aug_5bc2a3b8.mp4,0
I am taking medicine,person2,medicine_10_aug_8af6ffde.mp4,/content/drive/MyDrive/all dataset/I am taking medicine/person2/medicine_10_aug_8af6ffde.mp4,0
I am taking medicine,person2,medicine_2_aug_c34f128f.mp4,/content/drive/MyDrive/all dataset/I am taking medicine/person2/medicine_2_aug_c34f128f.mp4,0
I am taking medicine,person2,medicine_10_aug_3d9ca491.mp4,/content/drive/MyDrive/all dataset/I am taking medicine/person2/medicine_10_aug_3d9ca491.mp4,0
I am taking medicine,person2,medicine_2_aug_ad5ce7cd.mp4,/content/drive/MyDrive/all dataset/I am taking medicine/person2/medicine_2_aug_ad5ce7cd.mp4,0
I am taking medicine,person2,medicine_10_aug_a2d11441.mp4,/content/drive/MyDrive/all dataset/I am taking medicine/person2/medicine_10_aug_a2d11441.mp4,0
I am taking medicine,person2,medicine_2_aug_d19a5b7d.mp4,/content/drive/MyDrive/all dataset/I am taking medicine/person2/medicine_2_aug_d19a5b7d.mp4,0
I am taking medicine,person3,medicine_3.mp4,/content/drive/MyDrive/all dataset/I am taking medicine/person3/medicine_3.mp4,0
I am taking medicine,person3,medicine_3_aug_1.mp4,/content/drive/MyDrive/all dataset/I am taking medicine/person3/medicine_3_aug_1.mp4,0
I am taking medicine,person3,medicine_3_aug_2.mp4,/content/drive/MyDrive/all dataset/I am taking medicine/person3/medicine_3_aug_2.mp4,0
I am taking medicine,person3,medicine_3_aug_3.mp4,/content/drive/MyDrive/all dataset/I am taking medicine/person3/medicine_3_aug_3.mp4,0
I am taking medicine,person3,medicine_3_aug_4.mp4,/content/drive/MyDrive/all dataset/I am taking medicine/person3/medicine_3_aug_4.mp4,0
I am taking medicine,person3,medicine_3_aug_5.mp4,/content/drive/MyDrive/all dataset/I am taking medicine/person3/medicine_3_aug_5.mp4,0
I am taking medicine,person3,medicine_3_aug_7.mp4,/content/drive/MyDrive/all dataset/I am taking medicine/person3/medicine_3_aug_7.mp4,0
I am taking medicine,person3,medicine_3_aug_9.mp4,/content/drive/MyDrive/all dataset/I am taking medicine/person3/medicine_3_aug_9.mp4,0
I am taking medicine,person3,medicine_3_aug_10.mp4,/content/drive/MyDrive/all dataset/I am taking medicine/person3/medicine_3_aug_10.mp4,0
I am taking medicine,person3,medicine_3_aug_11.mp4,/content/drive/MyDrive/all dataset/I am taking medicine/person3/medicine_3_aug_11.mp4,0
I am taking medicine,person3,medicine_3_aug1.mp4,/content/drive/MyDrive/all dataset/I am taking medicine/person3/medicine_3_aug1.mp4,0
I am taking medicine,person3,medicine_3_aug_e326abb2.mp4,/content/drive/MyDrive/all dataset/I am taking medicine/person3/medicine_3_aug_e326abb2.mp4,0
I am taking medicine,person3,medicine_3_aug_5224c8c8.mp4,/content/drive/MyDrive/all dataset/I am taking medicine/person3/medicine_3_aug_5224c8c8.mp4,0
I am taking medicine,person3,medicine_3_aug_3b160834.mp4,/content/drive/MyDrive/all dataset/I am taking medicine/person3/medicine_3_aug_3b160834.mp4,0
I am taking medicine,person3,medicine_3_aug_26b8bddc.mp4,/content/drive/MyDrive/all dataset/I am taking medicine/person3/medicine_3_aug_26b8bddc.mp4,0
I am taking medicine,person3,medicine_3_aug_19e9d38f.mp4,/content/drive/MyDrive/all dataset/I am taking medicine/person3/medicine_3_aug_19e9d38f.mp4,0
I am taking medicine,person3,medicine_3_aug_5ea1b980.mp4,/content/drive/MyDrive/all dataset/I am taking medicine/person3/medicine_3_aug_5ea1b980.mp4,0
I am taking medicine,person3,medicine_3_aug_fe5e1b43.mp4,/content/drive/MyDrive/all dataset/I am taking medicine/person3/medicine_3_aug_fe5e1b43.mp4,0
I am taking medicine,person3,medicine_3_aug_143c1225.mp4,/content/drive/MyDrive/all dataset/I am taking medicine/person3/medicine_3_aug_143c1225.mp4,0
I am taking medicine,person3,medicine_3_aug_9b02c375.mp4,/content/drive/MyDrive/all dataset/I am taking medicine/person3/medicine_3_aug_9b02c375.mp4,0
I am taking medicine,person4,medicine_4.mp4,/content/drive/MyDrive/all dataset/I am taking medicine/person4/medicine_4.mp4,0
I am taking medicine,person4,medicine_4_aug_1.mp4,/content/drive/MyDrive/all dataset/I am taking medicine/person4/medicine_4_aug_1.mp4,0
I am taking medicine,person4,medicine_4_aug_2.mp4,/content/drive/MyDrive/all dataset/I am taking medicine/person4/medicine_4_aug_2.mp4,0
I am taking medicine,person4,medicine_4_aug_3.mp4,/content/drive/MyDrive/all dataset/I am taking medicine/person4/medicine_4_aug_3.mp4,0
I am taking medicine,person4,medicine_4_aug_5.mp4,/content/drive/MyDrive/all dataset/I am taking medicine/person4/medicine_4_aug_5.mp4,0
I am taking medicine,person4,medicine_4_aug_6.mp4,/content/drive/MyDrive/all dataset/I am taking medicine/person4/medicine_4_aug_6.mp4,0
I am taking medicine,person4,medicine_4_aug_7.mp4,/content/drive/MyDrive/all dataset/I am taking medicine/person4/medicine_4_aug_7.mp4,0
I am taking medicine,person4,medicine_4_aug_9.mp4,/content/drive/MyDrive/all dataset/I am taking medicine/person4/medicine_4_aug_9.mp4,0
I am taking medicine,person4,medicine_4_aug_10.mp4,/content/drive/MyDrive/all dataset/I am taking medicine/person4/medicine_4_aug_10.mp4,0
I am taking medicine,person4,medicine_4_aug_11.mp4,/content/drive/MyDrive/all dataset/I am taking medicine/person4/medicine_4_aug_11.mp4,0
I am taking medicine,person4,medicine_4_aug1.mp4,/content/drive/MyDrive/all dataset/I am taking medicine/person4/medicine_4_aug1.mp4,0
I am taking medicine,person4,medicine_4_aug_9d65da39.mp4,/content/drive/MyDrive/all dataset/I am taking medicine/person4/medicine_4_aug_9d65da39.mp4,0
I am taking medicine,person4,medicine_4_aug_41d7b8b8.mp4,/content/drive/MyDrive/all dataset/I am taking medicine/person4/medicine_4_aug_41d7b8b8.mp4,0
I am taking medicine,person4,medicine_4_aug_119386df.mp4,/content/drive/MyDrive/all dataset/I am taking medicine/person4/medicine_4_aug_119386df.mp4,0
I am taking medicine,person4,medicine_4_aug_f17b19dd.mp4,/content/drive/MyDrive/all dataset/I am taking medicine/person4/medicine_4_aug_f17b19dd.mp4,0
I am taking medicine,person4,medicine_4_aug_447067d3.mp4,/content/drive/MyDrive/all dataset/I am taking medicine/person4/medicine_4_aug_447067d3.mp4,0
I am taking medicine,person4,medicine_4_aug_52f4162f.mp4,/content/drive/MyDrive/all dataset/I am taking medicine/person4/medicine_4_aug_52f4162f.mp4,0
I am taking medicine,person4,medicine_4_aug_38901c31.mp4,/content/drive/MyDrive/all dataset/I am taking medicine/person4/medicine_4_aug_38901c31.mp4,0
I am taking medicine,person4,medicine_4_aug_4571db39.mp4,/content/drive/MyDrive/all dataset/I am taking medicine/person4/medicine_4_aug_4571db39.mp4,0
I am taking medicine,person4,medicine_4_aug_6bf629e1.mp4,/content/drive/MyDrive/all dataset/I am taking medicine/person4/medicine_4_aug_6bf629e1.mp4,0
I am taking medicine,person5,medicine_5.mp4,/content/drive/MyDrive/all dataset/I am taking medicine/person5/medicine_5.mp4,0
I am taking medicine,person5,medicine_5_aug_1.mp4,/content/drive/MyDrive/all dataset/I am taking medicine/person5/medicine_5_aug_1.mp4,0
I am taking medicine,person5,medicine_5_aug_3.mp4,/content/drive/MyDrive/all dataset/I am taking medicine/person5/medicine_5_aug_3.mp4,0
I am taking medicine,person5,medicine_5_aug_4.mp4,/content/drive/MyDrive/all dataset/I am taking medicine/person5/medicine_5_aug_4.mp4,0
I am taking medicine,person5,medicine_5_aug_6.mp4,/content/drive/MyDrive/all dataset/I am taking medicine/person5/medicine_5_aug_6.mp4,0
I am taking medicine,person5,medicine_5_aug_7.mp4,/content/drive/MyDrive/all dataset/I am taking medicine/person5/medicine_5_aug_7.mp4,0
I am taking medicine,person5,medicine_5_aug_8.mp4,/content/drive/MyDrive/all dataset/I am taking medicine/person5/medicine_5_aug_8.mp4,0
I am taking medicine,person5,medicine_5_aug_9.mp4,/content/drive/MyDrive/all dataset/I am taking medicine/person5/medicine_5_aug_9.mp4,0
I am taking medicine,person5,medicine_5_aug_10.mp4,/content/drive/MyDrive/all dataset/I am taking medicine/person5/medicine_5_aug_10.mp4,0
I am taking medicine,person5,medicine_5_aug_11.mp4,/content/drive/MyDrive/all dataset/I am taking medicine/person5/medicine_5_aug_11.mp4,0
I am taking medicine,person5,medicine_5_aug1.mp4,/content/drive/MyDrive/all dataset/I am taking medicine/person5/medicine_5_aug1.mp4,0
I am taking medicine,person5,medicine_5_aug_1f7eb009.mp4,/content/drive/MyDrive/all dataset/I am taking medicine/person5/medicine_5_aug_1f7eb009.mp4,0
I am taking medicine,person5,medicine_5_aug_95deaeca.mp4,/content/drive/MyDrive/all dataset/I am taking medicine/person5/medicine_5_aug_95deaeca.mp4,0
I am taking medicine,person5,medicine_5_aug_3c56267d.mp4,/content/drive/MyDrive/all dataset/I am taking medicine/person5/medicine_5_aug_3c56267d.mp4,0
I am taking medicine,person5,medicine_5_aug_d9994ba3.mp4,/content/drive/MyDrive/all dataset/I am taking medicine/person5/medicine_5_aug_d9994ba3.mp4,0
I am taking medicine,person5,medicine_5_aug_6bb702b8.mp4,/content/drive/MyDrive/all dataset/I am taking medicine/person5/medicine_5_aug_6bb702b8.mp4,0
I am taking medicine,person5,medicine_5_aug_9dae1e99.mp4,/content/drive/MyDrive/all dataset/I am taking medicine/person5/medicine_5_aug_9dae1e99.mp4,0
I am taking medicine,person5,medicine_5_aug_10143917.mp4,/content/drive/MyDrive/all dataset/I am taking medicine/person5/medicine_5_aug_10143917.mp4,0
I am taking medicine,person5,medicine_5_aug_8448a99b.mp4,/content/drive/MyDrive/all dataset/I am taking medicine/person5/medicine_5_aug_8448a99b.mp4,0
I am taking medicine,person5,medicine_5_aug_f2bced93.mp4,/content/drive/MyDrive/all dataset/I am taking medicine/person5/medicine_5_aug_f2bced93.mp4,0
I am taking medicine,person6,medicine_6.mp4,/content/drive/MyDrive/all dataset/I am taking medicine/person6/medicine_6.mp4,0
I am taking medicine,person6,medicine_6_aug_3.mp4,/content/drive/MyDrive/all dataset/I am taking medicine/person6/medicine_6_aug_3.mp4,0
I am taking medicine,person6,medicine_6_aug_4.mp4,/content/drive/MyDrive/all dataset/I am taking medicine/person6/medicine_6_aug_4.mp4,0
I am taking medicine,person6,medicine_6_aug_5.mp4,/content/drive/MyDrive/all dataset/I am taking medicine/person6/medicine_6_aug_5.mp4,0
I am taking medicine,person6,medicine_6_aug_6.mp4,/content/drive/MyDrive/all dataset/I am taking medicine/person6/medicine_6_aug_6.mp4,0
I am taking medicine,person6,medicine_6_aug_7.mp4,/content/drive/MyDrive/all dataset/I am taking medicine/person6/medicine_6_aug_7.mp4,0
I am taking medicine,person6,medicine_6_aug_8.mp4,/content/drive/MyDrive/all dataset/I am taking medicine/person6/medicine_6_aug_8.mp4,0
I am taking medicine,person6,medicine_6_aug_9.mp4,/content/drive/MyDrive/all dataset/I am taking medicine/person6/medicine_6_aug_9.mp4,0
I am taking medicine,person6,medicine_6_aug_10.mp4,/content/drive/MyDrive/all dataset/I am taking medicine/person6/medicine_6_aug_10.mp4,0
I am taking medicine,person6,medicine_6_aug_11.mp4,/content/drive/MyDrive/all dataset/I am taking medicine/person6/medicine_6_aug_11.mp4,0
I am taking medicine,person6,medicine_6_aug1.mp4,/content/drive/MyDrive/all dataset/I am taking medicine/person6/medicine_6_aug1.mp4,0
I am taking medicine,person6,medicine_6_aug_0b7a5e0b.mp4,/content/drive/MyDrive/all dataset/I am taking medicine/person6/medicine_6_aug_0b7a5e0b.mp4,0
I am taking medicine,person6,medicine_6_aug_62b441c6.mp4,/content/drive/MyDrive/all dataset/I am taking medicine/person6/medicine_6_aug_62b441c6.mp4,0
I am taking medicine,person6,medicine_6_aug_b37c3e41.mp4,/content/drive/MyDrive/all dataset/I am taking medicine/person6/medicine_6_aug_b37c3e41.mp4,0
I am taking medicine,person6,medicine_6_aug_e16a7a40.mp4,/content/drive/MyDrive/all dataset/I am taking medicine/person6/medicine_6_aug_e16a7a40.mp4,0
I am taking medicine,person6,medicine_6_aug_5fcabe07.mp4,/content/drive/MyDrive/all dataset/I am taking medicine/person6/medicine_6_aug_5fcabe07.mp4,0
I am taking medicine,person6,medicine_6_aug_af70185e.mp4,/content/drive/MyDrive/all dataset/I am taking medicine/person6/medicine_6_aug_af70185e.mp4,0
I am taking medicine,person6,medicine_6_aug_f8ce6a28.mp4,/content/drive/MyDrive/all dataset/I am taking medicine/person6/medicine_6_aug_f8ce6a28.mp4,0
I am taking medicine,person6,medicine_6_aug_8fe7e910.mp4,/content/drive/MyDrive/all dataset/I am taking medicine/person6/medicine_6_aug_8fe7e910.mp4,0
I am taking medicine,person6,medicine_6_aug_a6a2bd20.mp4,/content/drive/MyDrive/all dataset/I am taking medicine/person6/medicine_6_aug_a6a2bd20.mp4,0
I am taking medicine,person7,medicine_7.mp4,/content/drive/MyDrive/all dataset/I am taking medicine/person7/medicine_7.mp4,0
I am taking medicine,person7,medicine_7_aug_2.mp4,/content/drive/MyDrive/all dataset/I am taking medicine/person7/medicine_7_aug_2.mp4,0
I am taking medicine,person7,medicine_7_aug_3.mp4,/content/drive/MyDrive/all dataset/I am taking medicine/person7/medicine_7_aug_3.mp4,0
I am taking medicine,person7,medicine_7_aug_4.mp4,/content/drive/MyDrive/all dataset/I am taking medicine/person7/medicine_7_aug_4.mp4,0
I am taking medicine,person7,medicine_7_aug_5.mp4,/content/drive/MyDrive/all dataset/I am taking medicine/person7/medicine_7_aug_5.mp4,0
I am taking medicine,person7,medicine_7_aug_6.mp4,/content/drive/MyDrive/all dataset/I am taking medicine/person7/medicine_7_aug_6.mp4,0
I am taking medicine,person7,medicine_7_aug_7.mp4,/content/drive/MyDrive/all dataset/I am taking medicine/person7/medicine_7_aug_7.mp4,0
I am taking medicine,person7,medicine_7_aug_9.mp4,/content/drive/MyDrive/all dataset/I am taking medicine/person7/medicine_7_aug_9.mp4,0
I am taking medicine,person7,medicine_7_aug_10.mp4,/content/drive/MyDrive/all dataset/I am taking medicine/person7/medicine_7_aug_10.mp4,0
I am taking medicine,person7,medicine_7_aug_11.mp4,/content/drive/MyDrive/all dataset/I am taking medicine/person7/medicine_7_aug_11.mp4,0
I am taking medicine,person7,medicine_7_aug1.mp4,/content/drive/MyDrive/all dataset/I am taking medicine/person7/medicine_7_aug1.mp4,0
I am taking medicine,person7,medicine_7_aug_2a1222b9.mp4,/content/drive/MyDrive/all dataset/I am taking medicine/person7/medicine_7_aug_2a1222b9.mp4,0
I am taking medicine,person7,medicine_7_aug_11bea447.mp4,/content/drive/MyDrive/all dataset/I am taking medicine/person7/medicine_7_aug_11bea447.mp4,0
I am taking medicine,person7,medicine_7_aug_856d3337.mp4,/content/drive/MyDrive/all dataset/I am taking medicine/person7/medicine_7_aug_856d3337.mp4,0
I am taking medicine,person7,medicine_7_aug_79169a16.mp4,/content/drive/MyDrive/all dataset/I am taking medicine/person7/medicine_7_aug_79169a16.mp4,0
I am taking medicine,person7,medicine_7_aug_d78c6372.mp4,/content/drive/MyDrive/all dataset/I am taking medicine/person7/medicine_7_aug_d78c6372.mp4,0
I am taking medicine,person7,medicine_7_aug_366c4392.mp4,/content/drive/MyDrive/all dataset/I am taking medicine/person7/medicine_7_aug_366c4392.mp4,0
I am taking medicine,person7,medicine_7_aug_0abe3cc7.mp4,/content/drive/MyDrive/all dataset/I am taking medicine/person7/medicine_7_aug_0abe3cc7.mp4,0
I am taking medicine,person7,medicine_7_aug_bb9baf59.mp4,/content/drive/MyDrive/all dataset/I am taking medicine/person7/medicine_7_aug_bb9baf59.mp4,0
I am taking medicine,person7,medicine_7_aug_fe0b2338.mp4,/content/drive/MyDrive/all dataset/I am taking medicine/person7/medicine_7_aug_fe0b2338.mp4,0
I am taking medicine,person8,medicine_8.mp4,/content/drive/MyDrive/all dataset/I am taking medicine/person8/medicine_8.mp4,0
I am taking medicine,person8,medicine_8_aug_1.mp4,/content/drive/MyDrive/all dataset/I am taking medicine/person8/medicine_8_aug_1.mp4,0
I am taking medicine,person8,medicine_8_aug_2.mp4,/content/drive/MyDrive/all dataset/I am taking medicine/person8/medicine_8_aug_2.mp4,0
I am taking medicine,person8,medicine_8_aug_3.mp4,/content/drive/MyDrive/all dataset/I am taking medicine/person8/medicine_8_aug_3.mp4,0
I am taking medicine,person8,medicine_8_aug_4.mp4,/content/drive/MyDrive/all dataset/I am taking medicine/person8/medicine_8_aug_4.mp4,0
I am taking medicine,person8,medicine_8_aug_5.mp4,/content/drive/MyDrive/all dataset/I am taking medicine/person8/medicine_8_aug_5.mp4,0
I am taking medicine,person8,medicine_8_aug_6.mp4,/content/drive/MyDrive/all dataset/I am taking medicine/person8/medicine_8_aug_6.mp4,0
I am taking medicine,person8,medicine_8_aug_8.mp4,/content/drive/MyDrive/all dataset/I am taking medicine/person8/medicine_8_aug_8.mp4,0
I am taking medicine,person8,medicine_8_aug_9.mp4,/content/drive/MyDrive/all dataset/I am taking medicine/person8/medicine_8_aug_9.mp4,0
I am taking medicine,person8,medicine_8_aug_11.mp4,/content/drive/MyDrive/all dataset/I am taking medicine/person8/medicine_8_aug_11.mp4,0
I am taking medicine,person8,medicine_8_aug1.mp4,/content/drive/MyDrive/all dataset/I am taking medicine/person8/medicine_8_aug1.mp4,0
I am taking medicine,person8,medicine_8_aug_20da692e.mp4,/content/drive/MyDrive/all dataset/I am taking medicine/person8/medicine_8_aug_20da692e.mp4,0
I am taking medicine,person8,medicine_8_aug_56c425bf.mp4,/content/drive/MyDrive/all dataset/I am taking medicine/person8/medicine_8_aug_56c425bf.mp4,0
I am taking medicine,person8,medicine_8_aug_d7f60eb6.mp4,/content/drive/MyDrive/all dataset/I am taking medicine/person8/medicine_8_aug_d7f60eb6.mp4,0
I am taking medicine,person8,medicine_8_aug_bb70d179.mp4,/content/drive/MyDrive/all dataset/I am taking medicine/person8/medicine_8_aug_bb70d179.mp4,0
I am taking medicine,person8,medicine_8_aug_bd526c48.mp4,/content/drive/MyDrive/all dataset/I am taking medicine/person8/medicine_8_aug_bd526c48.mp4,0
I am taking medicine,person8,medicine_8_aug_96086339.mp4,/content/drive/MyDrive/all dataset/I am taking medicine/person8/medicine_8_aug_96086339.mp4,0
I am taking medicine,person8,medicine_8_aug_2017cbfe.mp4,/content/drive/MyDrive/all dataset/I am taking medicine/person8/medicine_8_aug_2017cbfe.mp4,0
I am taking medicine,person8,medicine_8_aug_0532022a.mp4,/content/drive/MyDrive/all dataset/I am taking medicine/person8/medicine_8_aug_0532022a.mp4,0
I am taking medicine,person8,medicine_8_aug_f9e8891c.mp4,/content/drive/MyDrive/all dataset/I am taking medicine/person8/medicine_8_aug_f9e8891c.mp4,0
I am taking medicine,person9,medicine_9_aug_1.mp4,/content/drive/MyDrive/all dataset/I am taking medicine/person9/medicine_9_aug_1.mp4,0
I am taking medicine,person9,medicine_9_aug_3.mp4,/content/drive/MyDrive/all dataset/I am taking medicine/person9/medicine_9_aug_3.mp4,0
I am taking medicine,person9,medicine_9_aug_4.mp4,/content/drive/MyDrive/all dataset/I am taking medicine/person9/medicine_9_aug_4.mp4,0
I am taking medicine,person9,medicine_9_aug_5.mp4,/content/drive/MyDrive/all dataset/I am taking medicine/person9/medicine_9_aug_5.mp4,0
I am taking medicine,person9,medicine_9_aug_6.mp4,/content/drive/MyDrive/all dataset/I am taking medicine/person9/medicine_9_aug_6.mp4,0
I am taking medicine,person9,medicine_9_aug_7.mp4,/content/drive/MyDrive/all dataset/I am taking medicine/person9/medicine_9_aug_7.mp4,0
I am taking medicine,person9,medicine_9_aug_8.mp4,/content/drive/MyDrive/all dataset/I am taking medicine/person9/medicine_9_aug_8.mp4,0
I am taking medicine,person9,medicine_9_aug_9.mp4,/content/drive/MyDrive/all dataset/I am taking medicine/person9/medicine_9_aug_9.mp4,0
I am taking medicine,person9,medicine_9_aug_10.mp4,/content/drive/MyDrive/all dataset/I am taking medicine/person9/medicine_9_aug_10.mp4,0
I am taking medicine,person9,medicine_9_aug_11.mp4,/content/drive/MyDrive/all dataset/I am taking medicine/person9/medicine_9_aug_11.mp4,0
I am taking medicine,person9,medicine_9_aug_1_aug_c3e2ce24.mp4,/content/drive/MyDrive/all dataset/I am taking medicine/person9/medicine_9_aug_1_aug_c3e2ce24.mp4,0
I am taking medicine,person9,medicine_9_aug_10_aug_e9674ee6.mp4,/content/drive/MyDrive/all dataset/I am taking medicine/person9/medicine_9_aug_10_aug_e9674ee6.mp4,0
I am taking medicine,person9,medicine_9_aug_11_aug_53ef57fe.mp4,/content/drive/MyDrive/all dataset/I am taking medicine/person9/medicine_9_aug_11_aug_53ef57fe.mp4,0
I am taking medicine,person9,medicine_9_aug_3_aug_391f6828.mp4,/content/drive/MyDrive/all dataset/I am taking medicine/person9/medicine_9_aug_3_aug_391f6828.mp4,0
I am taking medicine,person9,medicine_9_aug_4_aug_00bc1a96.mp4,/content/drive/MyDrive/all dataset/I am taking medicine/person9/medicine_9_aug_4_aug_00bc1a96.mp4,0
I am taking medicine,person9,medicine_9_aug_5_aug_3a144548.mp4,/content/drive/MyDrive/all dataset/I am taking medicine/person9/medicine_9_aug_5_aug_3a144548.mp4,0
I am taking medicine,person9,medicine_9_aug_6_aug_3a41543c.mp4,/content/drive/MyDrive/all dataset/I am taking medicine/person9/medicine_9_aug_6_aug_3a41543c.mp4,0
I am taking medicine,person9,medicine_9_aug_7_aug_f3be9d35.mp4,/content/drive/MyDrive/all dataset/I am taking medicine/person9/medicine_9_aug_7_aug_f3be9d35.mp4,0
I am taking medicine,person9,medicine_9_aug_8_aug_bdb8e083.mp4,/content/drive/MyDrive/all dataset/I am taking medicine/person9/medicine_9_aug_8_aug_bdb8e083.mp4,0
I am taking medicine,person9,medicine_9_aug_9_aug_a7b3b5b3.mp4,/content/drive/MyDrive/all dataset/I am taking medicine/person9/medicine_9_aug_9_aug_a7b3b5b3.mp4,0
I am writing,person1,writing_1_aug_1.mp4,/content/drive/MyDrive/all dataset/I am writing/person1/writing_1_aug_1.mp4,0
I am writing,person1,writing_1_aug_2.mp4,/content/drive/MyDrive/all dataset/I am writing/person1/writing_1_aug_2.mp4,0
I am writing,person1,writing_1_aug_3.mp4,/content/drive/MyDrive/all dataset/I am writing/person1/writing_1_aug_3.mp4,0
I am writing,person1,writing_1_aug_5.mp4,/content/drive/MyDrive/all dataset/I am writing/person1/writing_1_aug_5.mp4,0
I am writing,person1,writing_1_aug_6.mp4,/content/drive/MyDrive/all dataset/I am writing/person1/writing_1_aug_6.mp4,0
I am writing,person1,writing_1_aug_8.mp4,/content/drive/MyDrive/all dataset/I am writing/person1/writing_1_aug_8.mp4,0
I am writing,person1,writing_1_aug_10.mp4,/content/drive/MyDrive/all dataset/I am writing/person1/writing_1_aug_10.mp4,0
I am writing,person1,writing_1_aug_11.mp4,/content/drive/MyDrive/all dataset/I am writing/person1/writing_1_aug_11.mp4,0
I am writing,person1,writing_1_aug_12.mp4,/content/drive/MyDrive/all dataset/I am writing/person1/writing_1_aug_12.mp4,0
I am writing,person1,writing_1_aug_14.mp4,/content/drive/MyDrive/all dataset/I am writing/person1/writing_1_aug_14.mp4,0
I am writing,person1,writing_1_aug_1_aug_03661951.mp4,/content/drive/MyDrive/all dataset/I am writing/person1/writing_1_aug_1_aug_03661951.mp4,0
I am writing,person1,writing_1_aug_10_aug_368af212.mp4,/content/drive/MyDrive/all dataset/I am writing/person1/writing_1_aug_10_aug_368af212.mp4,0
I am writing,person1,writing_1_aug_11_aug_3b49b992.mp4,/content/drive/MyDrive/all dataset/I am writing/person1/writing_1_aug_11_aug_3b49b992.mp4,0
I am writing,person1,writing_1_aug_12_aug_2342dea8.mp4,/content/drive/MyDrive/all dataset/I am writing/person1/writing_1_aug_12_aug_2342dea8.mp4,0
I am writing,person1,writing_1_aug_14_aug_d2dd0aa4.mp4,/content/drive/MyDrive/all dataset/I am writing/person1/writing_1_aug_14_aug_d2dd0aa4.mp4,0
I am writing,person1,writing_1_aug_2_aug_0476283a.mp4,/content/drive/MyDrive/all dataset/I am writing/person1/writing_1_aug_2_aug_0476283a.mp4,0
I am writing,person1,writing_1_aug_3_aug_b34b9243.mp4,/content/drive/MyDrive/all dataset/I am writing/person1/writing_1_aug_3_aug_b34b9243.mp4,0
I am writing,person1,writing_1_aug_5_aug_4c583b3c.mp4,/content/drive/MyDrive/all dataset/I am writing/person1/writing_1_aug_5_aug_4c583b3c.mp4,0
I am writing,person1,writing_1_aug_6_aug_13eb7046.mp4,/content/drive/MyDrive/all dataset/I am writing/person1/writing_1_aug_6_aug_13eb7046.mp4,0
I am writing,person1,writing_1_aug_8_aug_79432712.mp4,/content/drive/MyDrive/all dataset/I am writing/person1/writing_1_aug_8_aug_79432712.mp4,0
I am writing,person2,writing_1.mp4,/content/drive/MyDrive/all dataset/I am writing/person2/writing_1.mp4,0
I am writing,person2,writing_1_aug_2.mp4,/content/drive/MyDrive/all dataset/I am writing/person2/writing_1_aug_2.mp4,0
I am writing,person2,writing_1_aug_4.mp4,/content/drive/MyDrive/all dataset/I am writing/person2/writing_1_aug_4.mp4,0
I am writing,person2,writing_1_aug_6.mp4,/content/drive/MyDrive/all dataset/I am writing/person2/writing_1_aug_6.mp4,0
I am writing,person2,writing_1_aug_7.mp4,/content/drive/MyDrive/all dataset/I am writing/person2/writing_1_aug_7.mp4,0
I am writing,person2,writing_1_aug_8.mp4,/content/drive/MyDrive/all dataset/I am writing/person2/writing_1_aug_8.mp4,0
I am writing,person2,writing_1_aug_9.mp4,/content/drive/MyDrive/all dataset/I am writing/person2/writing_1_aug_9.mp4,0
I am writing,person2,writing_1_aug_10.mp4,/content/drive/MyDrive/all dataset/I am writing/person2/writing_1_aug_10.mp4,0
I am writing,person2,writing_1_aug_11.mp4,/content/drive/MyDrive/all dataset/I am writing/person2/writing_1_aug_11.mp4,0
I am writing,person2,writing_1_aug_12.mp4,/content/drive/MyDrive/all dataset/I am writing/person2/writing_1_aug_12.mp4,0
I am writing,person2,writing_1_aug1.mp4,/content/drive/MyDrive/all dataset/I am writing/person2/writing_1_aug1.mp4,0
I am writing,person2,writing_1_aug_2c2fe135.mp4,/content/drive/MyDrive/all dataset/I am writing/person2/writing_1_aug_2c2fe135.mp4,0
I am writing,person2,writing_1_aug_a1a459fa.mp4,/content/drive/MyDrive/all dataset/I am writing/person2/writing_1_aug_a1a459fa.mp4,0
I am writing,person2,writing_1_aug_afa462c1.mp4,/content/drive/MyDrive/all dataset/I am writing/person2/writing_1_aug_afa462c1.mp4,0
I am writing,person2,writing_1_aug_47c576be.mp4,/content/drive/MyDrive/all dataset/I am writing/person2/writing_1_aug_47c576be.mp4,0
I am writing,person2,writing_1_aug_11eeb384.mp4,/content/drive/MyDrive/all dataset/I am writing/person2/writing_1_aug_11eeb384.mp4,0
I am writing,person2,writing_1_aug_b840e496.mp4,/content/drive/MyDrive/all dataset/I am writing/person2/writing_1_aug_b840e496.mp4,0
I am writing,person2,writing_1_aug_0bfd6644.mp4,/content/drive/MyDrive/all dataset/I am writing/person2/writing_1_aug_0bfd6644.mp4,0
I am writing,person2,writing_1_aug_2cbeadc9.mp4,/content/drive/MyDrive/all dataset/I am writing/person2/writing_1_aug_2cbeadc9.mp4,0
I am writing,person2,writing_1_aug_e0d11995.mp4,/content/drive/MyDrive/all dataset/I am writing/person2/writing_1_aug_e0d11995.mp4,0
I am writing,person3,writing_3_aug_1.mp4,/content/drive/MyDrive/all dataset/I am writing/person3/writing_3_aug_1.mp4,0
I am writing,person3,writing_3_aug_2.mp4,/content/drive/MyDrive/all dataset/I am writing/person3/writing_3_aug_2.mp4,0
I am writing,person3,writing_3_aug_4.mp4,/content/drive/MyDrive/all dataset/I am writing/person3/writing_3_aug_4.mp4,0
I am writing,person3,writing_3_aug_6.mp4,/content/drive/MyDrive/all dataset/I am writing/person3/writing_3_aug_6.mp4,0
I am writing,person3,writing_3_aug_7.mp4,/content/drive/MyDrive/all dataset/I am writing/person3/writing_3_aug_7.mp4,0
I am writing,person3,writing_3_aug_8.mp4,/content/drive/MyDrive/all dataset/I am writing/person3/writing_3_aug_8.mp4,0
I am writing,person3,writing_3_aug_9.mp4,/content/drive/MyDrive/all dataset/I am writing/person3/writing_3_aug_9.mp4,0
I am writing,person3,writing_3_aug_10.mp4,/content/drive/MyDrive/all dataset/I am writing/person3/writing_3_aug_10.mp4,0
I am writing,person3,writing_3_aug_11.mp4,/content/drive/MyDrive/all dataset/I am writing/person3/writing_3_aug_11.mp4,0
I am writing,person3,writing_3_aug_12.mp4,/content/drive/MyDrive/all dataset/I am writing/person3/writing_3_aug_12.mp4,0
I am writing,person3,writing_3_aug_1_aug_05d00fa2.mp4,/content/drive/MyDrive/all dataset/I am writing/person3/writing_3_aug_1_aug_05d00fa2.mp4,0
I am writing,person3,writing_3_aug_10_aug_d542ede7.mp4,/content/drive/MyDrive/all dataset/I am writing/person3/writing_3_aug_10_aug_d542ede7.mp4,0
I am writing,person3,writing_3_aug_11_aug_d7142575.mp4,/content/drive/MyDrive/all dataset/I am writing/person3/writing_3_aug_11_aug_d7142575.mp4,0
I am writing,person3,writing_3_aug_12_aug_40101566.mp4,/content/drive/MyDrive/all dataset/I am writing/person3/writing_3_aug_12_aug_40101566.mp4,0
I am writing,person3,writing_3_aug_2_aug_be1c6783.mp4,/content/drive/MyDrive/all dataset/I am writing/person3/writing_3_aug_2_aug_be1c6783.mp4,0
I am writing,person3,writing_3_aug_4_aug_0285ed39.mp4,/content/drive/MyDrive/all dataset/I am writing/person3/writing_3_aug_4_aug_0285ed39.mp4,0
I am writing,person3,writing_3_aug_6_aug_ad5ef8fe.mp4,/content/drive/MyDrive/all dataset/I am writing/person3/writing_3_aug_6_aug_ad5ef8fe.mp4,0
I am writing,person3,writing_3_aug_7_aug_6efb0922.mp4,/content/drive/MyDrive/all dataset/I am writing/person3/writing_3_aug_7_aug_6efb0922.mp4,0
I am writing,person3,writing_3_aug_8_aug_c3fdb086.mp4,/content/drive/MyDrive/all dataset/I am writing/person3/writing_3_aug_8_aug_c3fdb086.mp4,0
I am writing,person3,writing_3_aug_9_aug_b24f3224.mp4,/content/drive/MyDrive/all dataset/I am writing/person3/writing_3_aug_9_aug_b24f3224.mp4,0
I am writing,person4,writing_1.mp4,/content/drive/MyDrive/all dataset/I am writing/person4/writing_1.mp4,0
I am writing,person4,writing_1_aug_3.mp4,/content/drive/MyDrive/all dataset/I am writing/person4/writing_1_aug_3.mp4,0
I am writing,person4,writing_1_aug_4.mp4,/content/drive/MyDrive/all dataset/I am writing/person4/writing_1_aug_4.mp4,0
I am writing,person4,writing_1_aug_5.mp4,/content/drive/MyDrive/all dataset/I am writing/person4/writing_1_aug_5.mp4,0
I am writing,person4,writing_1_aug_6.mp4,/content/drive/MyDrive/all dataset/I am writing/person4/writing_1_aug_6.mp4,0
I am writing,person4,writing_1_aug_7.mp4,/content/drive/MyDrive/all dataset/I am writing/person4/writing_1_aug_7.mp4,0
I am writing,person4,writing_1_aug_9.mp4,/content/drive/MyDrive/all dataset/I am writing/person4/writing_1_aug_9.mp4,0
I am writing,person4,writing_1_aug_10.mp4,/content/drive/MyDrive/all dataset/I am writing/person4/writing_1_aug_10.mp4,0
I am writing,person4,writing_1_aug_11.mp4,/content/drive/MyDrive/all dataset/I am writing/person4/writing_1_aug_11.mp4,0
I am writing,person4,writing_1_aug_12.mp4,/content/drive/MyDrive/all dataset/I am writing/person4/writing_1_aug_12.mp4,0
I am writing,person4,writing_1_aug1.mp4,/content/drive/MyDrive/all dataset/I am writing/person4/writing_1_aug1.mp4,0
I am writing,person4,writing_1_aug_de595102.mp4,/content/drive/MyDrive/all dataset/I am writing/person4/writing_1_aug_de595102.mp4,0
I am writing,person4,writing_1_aug_bec3f70c.mp4,/content/drive/MyDrive/all dataset/I am writing/person4/writing_1_aug_bec3f70c.mp4,0
I am writing,person4,writing_1_aug_cb64905f.mp4,/content/drive/MyDrive/all dataset/I am writing/person4/writing_1_aug_cb64905f.mp4,0
I am writing,person4,writing_1_aug_9a05b523.mp4,/content/drive/MyDrive/all dataset/I am writing/person4/writing_1_aug_9a05b523.mp4,0
I am writing,person4,writing_1_aug_3c5fc166.mp4,/content/drive/MyDrive/all dataset/I am writing/person4/writing_1_aug_3c5fc166.mp4,0
I am writing,person4,writing_1_aug_8681e839.mp4,/content/drive/MyDrive/all dataset/I am writing/person4/writing_1_aug_8681e839.mp4,0
I am writing,person4,writing_1_aug_d23acafc.mp4,/content/drive/MyDrive/all dataset/I am writing/person4/writing_1_aug_d23acafc.mp4,0
I am writing,person4,writing_1_aug_2ae221c7.mp4,/content/drive/MyDrive/all dataset/I am writing/person4/writing_1_aug_2ae221c7.mp4,0
I am writing,person4,writing_1_aug_545680b4.mp4,/content/drive/MyDrive/all dataset/I am writing/person4/writing_1_aug_545680b4.mp4,0
I am writing,person5,writing_1.mp4,/content/drive/MyDrive/all dataset/I am writing/person5/writing_1.mp4,0
I am writing,person5,writing_1_aug_1.mp4,/content/drive/MyDrive/all dataset/I am writing/person5/writing_1_aug_1.mp4,0
I am writing,person5,writing_1_aug_3.mp4,/content/drive/MyDrive/all dataset/I am writing/person5/writing_1_aug_3.mp4,0
I am writing,person5,writing_1_aug_4.mp4,/content/drive/MyDrive/all dataset/I am writing/person5/writing_1_aug_4.mp4,0
I am writing,person5,writing_1_aug_7.mp4,/content/drive/MyDrive/all dataset/I am writing/person5/writing_1_aug_7.mp4,0
I am writing,person5,writing_1_aug_9.mp4,/content/drive/MyDrive/all dataset/I am writing/person5/writing_1_aug_9.mp4,0
I am writing,person5,writing_1_aug_11.mp4,/content/drive/MyDrive/all dataset/I am writing/person5/writing_1_aug_11.mp4,0
I am writing,person5,writing_1_aug_12.mp4,/content/drive/MyDrive/all dataset/I am writing/person5/writing_1_aug_12.mp4,0
I am writing,person5,writing_1_aug_13.mp4,/content/drive/MyDrive/all dataset/I am writing/person5/writing_1_aug_13.mp4,0
I am writing,person5,writing_1_aug_14.mp4,/content/drive/MyDrive/all dataset/I am writing/person5/writing_1_aug_14.mp4,0
I am writing,person5,writing_1_aug1.mp4,/content/drive/MyDrive/all dataset/I am writing/person5/writing_1_aug1.mp4,0
I am writing,person5,writing_1_aug_5737b7f6.mp4,/content/drive/MyDrive/all dataset/I am writing/person5/writing_1_aug_5737b7f6.mp4,0
I am writing,person5,writing_1_aug_e0f7a1fa.mp4,/content/drive/MyDrive/all dataset/I am writing/person5/writing_1_aug_e0f7a1fa.mp4,0
I am writing,person5,writing_1_aug_b078fd23.mp4,/content/drive/MyDrive/all dataset/I am writing/person5/writing_1_aug_b078fd23.mp4,0
I am writing,person5,writing_1_aug_2dd655c0.mp4,/content/drive/MyDrive/all dataset/I am writing/person5/writing_1_aug_2dd655c0.mp4,0
I am writing,person5,writing_1_aug_e865756f.mp4,/content/drive/MyDrive/all dataset/I am writing/person5/writing_1_aug_e865756f.mp4,0
I am writing,person5,writing_1_aug_7e59c471.mp4,/content/drive/MyDrive/all dataset/I am writing/person5/writing_1_aug_7e59c471.mp4,0
I am writing,person5,writing_1_aug_3011698f.mp4,/content/drive/MyDrive/all dataset/I am writing/person5/writing_1_aug_3011698f.mp4,0
I am writing,person5,writing_1_aug_8752bbed.mp4,/content/drive/MyDrive/all dataset/I am writing/person5/writing_1_aug_8752bbed.mp4,0
I am writing,person5,writing_1_aug_18d082d4.mp4,/content/drive/MyDrive/all dataset/I am writing/person5/writing_1_aug_18d082d4.mp4,0
I am writing,person6,writing_1.mp4,/content/drive/MyDrive/all dataset/I am writing/person6/writing_1.mp4,0
I am writing,person6,writing_1_aug_1.mp4,/content/drive/MyDrive/all dataset/I am writing/person6/writing_1_aug_1.mp4,0
I am writing,person6,writing_1_aug_2.mp4,/content/drive/MyDrive/all dataset/I am writing/person6/writing_1_aug_2.mp4,0
I am writing,person6,writing_1_aug_4.mp4,/content/drive/MyDrive/all dataset/I am writing/person6/writing_1_aug_4.mp4,0
I am writing,person6,writing_1_aug_7.mp4,/content/drive/MyDrive/all dataset/I am writing/person6/writing_1_aug_7.mp4,0
I am writing,person6,writing_1_aug_8.mp4,/content/drive/MyDrive/all dataset/I am writing/person6/writing_1_aug_8.mp4,0
I am writing,person6,writing_1_aug_9.mp4,/content/drive/MyDrive/all dataset/I am writing/person6/writing_1_aug_9.mp4,0
I am writing,person6,writing_1_aug_11.mp4,/content/drive/MyDrive/all dataset/I am writing/person6/writing_1_aug_11.mp4,0
I am writing,person6,writing_1_aug_12.mp4,/content/drive/MyDrive/all dataset/I am writing/person6/writing_1_aug_12.mp4,0
I am writing,person6,writing_1_aug_13.mp4,/content/drive/MyDrive/all dataset/I am writing/person6/writing_1_aug_13.mp4,0
I am writing,person6,writing_1_aug1.mp4,/content/drive/MyDrive/all dataset/I am writing/person6/writing_1_aug1.mp4,0
I am writing,person6,writing_1_aug_0a2dbdda.mp4,/content/drive/MyDrive/all dataset/I am writing/person6/writing_1_aug_0a2dbdda.mp4,0
I am writing,person6,writing_1_aug_2abace44.mp4,/content/drive/MyDrive/all dataset/I am writing/person6/writing_1_aug_2abace44.mp4,0
I am writing,person6,writing_1_aug_9ece630c.mp4,/content/drive/MyDrive/all dataset/I am writing/person6/writing_1_aug_9ece630c.mp4,0
I am writing,person6,writing_1_aug_0bab5941.mp4,/content/drive/MyDrive/all dataset/I am writing/person6/writing_1_aug_0bab5941.mp4,0
I am writing,person6,writing_1_aug_438836de.mp4,/content/drive/MyDrive/all dataset/I am writing/person6/writing_1_aug_438836de.mp4,0
I am writing,person6,writing_1_aug_6880110f.mp4,/content/drive/MyDrive/all dataset/I am writing/person6/writing_1_aug_6880110f.mp4,0
I am writing,person6,writing_1_aug_8ffa9777.mp4,/content/drive/MyDrive/all dataset/I am writing/person6/writing_1_aug_8ffa9777.mp4,0
I am writing,person6,writing_1_aug_3d60dbb7.mp4,/content/drive/MyDrive/all dataset/I am writing/person6/writing_1_aug_3d60dbb7.mp4,0
I am writing,person6,writing_1_aug_2d162163.mp4,/content/drive/MyDrive/all dataset/I am writing/person6/writing_1_aug_2d162163.mp4,0
I am writing,person7,writing_1.mp4,/content/drive/MyDrive/all dataset/I am writing/person7/writing_1.mp4,0
I am writing,person7,writing_1_aug_1.mp4,/content/drive/MyDrive/all dataset/I am writing/person7/writing_1_aug_1.mp4,0
I am writing,person7,writing_1_aug_5.mp4,/content/drive/MyDrive/all dataset/I am writing/person7/writing_1_aug_5.mp4,0
I am writing,person7,writing_1_aug_6.mp4,/content/drive/MyDrive/all dataset/I am writing/person7/writing_1_aug_6.mp4,0
I am writing,person7,writing_1_aug_8.mp4,/content/drive/MyDrive/all dataset/I am writing/person7/writing_1_aug_8.mp4,0
I am writing,person7,writing_1_aug_9.mp4,/content/drive/MyDrive/all dataset/I am writing/person7/writing_1_aug_9.mp4,0
I am writing,person7,writing_1_aug_10.mp4,/content/drive/MyDrive/all dataset/I am writing/person7/writing_1_aug_10.mp4,0
I am writing,person7,writing_1_aug_11.mp4,/content/drive/MyDrive/all dataset/I am writing/person7/writing_1_aug_11.mp4,0
I am writing,person7,writing_1_aug_13.mp4,/content/drive/MyDrive/all dataset/I am writing/person7/writing_1_aug_13.mp4,0
I am writing,person7,writing_1_aug_14.mp4,/content/drive/MyDrive/all dataset/I am writing/person7/writing_1_aug_14.mp4,0
I am writing,person7,writing_1_aug1.mp4,/content/drive/MyDrive/all dataset/I am writing/person7/writing_1_aug1.mp4,0
I am writing,person7,writing_1_aug_a610e1b4.mp4,/content/drive/MyDrive/all dataset/I am writing/person7/writing_1_aug_a610e1b4.mp4,0
I am writing,person7,writing_1_aug_8be4bd6f.mp4,/content/drive/MyDrive/all dataset/I am writing/person7/writing_1_aug_8be4bd6f.mp4,0
I am writing,person7,writing_1_aug_35c0a473.mp4,/content/drive/MyDrive/all dataset/I am writing/person7/writing_1_aug_35c0a473.mp4,0
I am writing,person7,writing_1_aug_85691134.mp4,/content/drive/MyDrive/all dataset/I am writing/person7/writing_1_aug_85691134.mp4,0
I am writing,person7,writing_1_aug_1b556d52.mp4,/content/drive/MyDrive/all dataset/I am writing/person7/writing_1_aug_1b556d52.mp4,0
I am writing,person7,writing_1_aug_cabdf296.mp4,/content/drive/MyDrive/all dataset/I am writing/person7/writing_1_aug_cabdf296.mp4,0
I am writing,person7,writing_1_aug_4b6d3485.mp4,/content/drive/MyDrive/all dataset/I am writing/person7/writing_1_aug_4b6d3485.mp4,0
I am writing,person7,writing_1_aug_08f89cde.mp4,/content/drive/MyDrive/all dataset/I am writing/person7/writing_1_aug_08f89cde.mp4,0
I am writing,person7,writing_1_aug_2c1cf944.mp4,/content/drive/MyDrive/all dataset/I am writing/person7/writing_1_aug_2c1cf944.mp4,0
I am writing,person8,writing_1.mp4,/content/drive/MyDrive/all dataset/I am writing/person8/writing_1.mp4,0
I am writing,person8,writing_1_aug_1.mp4,/content/drive/MyDrive/all dataset/I am writing/person8/writing_1_aug_1.mp4,0
I am writing,person8,writing_1_aug_3.mp4,/content/drive/MyDrive/all dataset/I am writing/person8/writing_1_aug_3.mp4,0
I am writing,person8,writing_1_aug_5.mp4,/content/drive/MyDrive/all dataset/I am writing/person8/writing_1_aug_5.mp4,0
I am writing,person8,writing_1_aug_7.mp4,/content/drive/MyDrive/all dataset/I am writing/person8/writing_1_aug_7.mp4,0
I am writing,person8,writing_1_aug_8.mp4,/content/drive/MyDrive/all dataset/I am writing/person8/writing_1_aug_8.mp4,0
I am writing,person8,writing_1_aug_9.mp4,/content/drive/MyDrive/all dataset/I am writing/person8/writing_1_aug_9.mp4,0
I am writing,person8,writing_1_aug_10.mp4,/content/drive/MyDrive/all dataset/I am writing/person8/writing_1_aug_10.mp4,0
I am writing,person8,writing_1_aug_11.mp4,/content/drive/MyDrive/all dataset/I am writing/person8/writing_1_aug_11.mp4,0
I am writing,person8,writing_1_aug_13.mp4,/content/drive/MyDrive/all dataset/I am writing/person8/writing_1_aug_13.mp4,0
I am writing,person8,writing_1_aug1.mp4,/content/drive/MyDrive/all dataset/I am writing/person8/writing_1_aug1.mp4,0
I am writing,person8,writing_1_aug_499ddc1c.mp4,/content/drive/MyDrive/all dataset/I am writing/person8/writing_1_aug_499ddc1c.mp4,0
I am writing,person8,writing_1_aug_fb542b66.mp4,/content/drive/MyDrive/all dataset/I am writing/person8/writing_1_aug_fb542b66.mp4,0
I am writing,person8,writing_1_aug_dba26728.mp4,/content/drive/MyDrive/all dataset/I am writing/person8/writing_1_aug_dba26728.mp4,0
I am writing,person8,writing_1_aug_19385d44.mp4,/content/drive/MyDrive/all dataset/I am writing/person8/writing_1_aug_19385d44.mp4,0
I am writing,person8,writing_1_aug_c21e2a6e.mp4,/content/drive/MyDrive/all dataset/I am writing/person8/writing_1_aug_c21e2a6e.mp4,0
I am writing,person8,writing_1_aug_df8a4e87.mp4,/content/drive/MyDrive/all dataset/I am writing/person8/writing_1_aug_df8a4e87.mp4,0
I am writing,person8,writing_1_aug_52978203.mp4,/content/drive/MyDrive/all dataset/I am writing/person8/writing_1_aug_52978203.mp4,0
I am writing,person8,writing_1_aug_709e0090.mp4,/content/drive/MyDrive/all dataset/I am writing/person8/writing_1_aug_709e0090.mp4,0
I am writing,person8,writing_1_aug_89272ce5.mp4,/content/drive/MyDrive/all dataset/I am writing/person8/writing_1_aug_89272ce5.mp4,0
I am writing,person9,writing_1.mp4,/content/drive/MyDrive/all dataset/I am writing/person9/writing_1.mp4,0
I am writing,person9,writing_1_aug_2.mp4,/content/drive/MyDrive/all dataset/I am writing/person9/writing_1_aug_2.mp4,0
I am writing,person9,writing_1_aug_3.mp4,/content/drive/MyDrive/all dataset/I am writing/person9/writing_1_aug_3.mp4,0
I am writing,person9,writing_1_aug_4.mp4,/content/drive/MyDrive/all dataset/I am writing/person9/writing_1_aug_4.mp4,0
I am writing,person9,writing_1_aug_5.mp4,/content/drive/MyDrive/all dataset/I am writing/person9/writing_1_aug_5.mp4,0
I am writing,person9,writing_1_aug_6.mp4,/content/drive/MyDrive/all dataset/I am writing/person9/writing_1_aug_6.mp4,0
I am writing,person9,writing_1_aug_7.mp4,/content/drive/MyDrive/all dataset/I am writing/person9/writing_1_aug_7.mp4,0
I am writing,person9,writing_1_aug_9.mp4,/content/drive/MyDrive/all dataset/I am writing/person9/writing_1_aug_9.mp4,0
I am writing,person9,writing_1_aug_10.mp4,/content/drive/MyDrive/all dataset/I am writing/person9/writing_1_aug_10.mp4,0
I am writing,person9,writing_1_aug_14.mp4,/content/drive/MyDrive/all dataset/I am writing/person9/writing_1_aug_14.mp4,0
I am writing,person9,writing_1_aug1.mp4,/content/drive/MyDrive/all dataset/I am writing/person9/writing_1_aug1.mp4,0
I am writing,person9,writing_1_aug_bd8e02fa.mp4,/content/drive/MyDrive/all dataset/I am writing/person9/writing_1_aug_bd8e02fa.mp4,0
I am writing,person9,writing_1_aug_1916ce42.mp4,/content/drive/MyDrive/all dataset/I am writing/person9/writing_1_aug_1916ce42.mp4,0
I am writing,person9,writing_1_aug_b484c4c6.mp4,/content/drive/MyDrive/all dataset/I am writing/person9/writing_1_aug_b484c4c6.mp4,0
I am writing,person9,writing_1_aug_29ad770f.mp4,/content/drive/MyDrive/all dataset/I am writing/person9/writing_1_aug_29ad770f.mp4,0
I am writing,person9,writing_1_aug_53bda543.mp4,/content/drive/MyDrive/all dataset/I am writing/person9/writing_1_aug_53bda543.mp4,0
I am writing,person9,writing_1_aug_7d2fab23.mp4,/content/drive/MyDrive/all dataset/I am writing/person9/writing_1_aug_7d2fab23.mp4,0
I am writing,person9,writing_1_aug_ec27c9b5.mp4,/content/drive/MyDrive/all dataset/I am writing/person9/writing_1_aug_ec27c9b5.mp4,0
I am writing,person9,writing_1_aug_ec341e9c.mp4,/content/drive/MyDrive/all dataset/I am writing/person9/writing_1_aug_ec341e9c.mp4,0
I am writing,person9,writing_1_aug_81dbafb9.mp4,/content/drive/MyDrive/all dataset/I am writing/person9/writing_1_aug_81dbafb9.mp4,0
I have exam,person1,exam_1.mp4,/content/drive/MyDrive/all dataset/I have exam/person1/exam_1.mp4,0
I have exam,person1,exam_1_aug_4.mp4,/content/drive/MyDrive/all dataset/I have exam/person1/exam_1_aug_4.mp4,0
I have exam,person1,exam_1_aug_2.mp4,/content/drive/MyDrive/all dataset/I have exam/person1/exam_1_aug_2.mp4,0
I have exam,person1,exam_1_aug_7.mp4,/content/drive/MyDrive/all dataset/I have exam/person1/exam_1_aug_7.mp4,0
I have exam,person1,exam_1_aug_5.mp4,/content/drive/MyDrive/all dataset/I have exam/person1/exam_1_aug_5.mp4,0
I have exam,person1,exam_1_aug_6.mp4,/content/drive/MyDrive/all dataset/I have exam/person1/exam_1_aug_6.mp4,0
I have exam,person1,exam_1_aug_10.mp4,/content/drive/MyDrive/all dataset/I have exam/person1/exam_1_aug_10.mp4,0
I have exam,person1,exam_1_aug_9.mp4,/content/drive/MyDrive/all dataset/I have exam/person1/exam_1_aug_9.mp4,0
I have exam,person1,exam_1_aug_12.mp4,/content/drive/MyDrive/all dataset/I have exam/person1/exam_1_aug_12.mp4,0
I have exam,person1,exam_1_aug_14.mp4,/content/drive/MyDrive/all dataset/I have exam/person1/exam_1_aug_14.mp4,0
I have exam,person1,exam_1_aug1.mp4,/content/drive/MyDrive/all dataset/I have exam/person1/exam_1_aug1.mp4,0
I have exam,person1,exam_1_aug_90ba6eff.mp4,/content/drive/MyDrive/all dataset/I have exam/person1/exam_1_aug_90ba6eff.mp4,0
I have exam,person1,exam_1_aug_0684f3cf.mp4,/content/drive/MyDrive/all dataset/I have exam/person1/exam_1_aug_0684f3cf.mp4,0
I have exam,person1,exam_1_aug_ced04910.mp4,/content/drive/MyDrive/all dataset/I have exam/person1/exam_1_aug_ced04910.mp4,0
I have exam,person1,exam_1_aug_1deb8a96.mp4,/content/drive/MyDrive/all dataset/I have exam/person1/exam_1_aug_1deb8a96.mp4,0
I have exam,person1,exam_1_aug_eb32bc64.mp4,/content/drive/MyDrive/all dataset/I have exam/person1/exam_1_aug_eb32bc64.mp4,0
I have exam,person1,exam_1_aug_cd843e8b.mp4,/content/drive/MyDrive/all dataset/I have exam/person1/exam_1_aug_cd843e8b.mp4,0
I have exam,person1,exam_1_aug_d861f3d6.mp4,/content/drive/MyDrive/all dataset/I have exam/person1/exam_1_aug_d861f3d6.mp4,0
I have exam,person1,exam_1_aug_4a2030c5.mp4,/content/drive/MyDrive/all dataset/I have exam/person1/exam_1_aug_4a2030c5.mp4,0
I have exam,person1,exam_1_aug_fa5cef7d.mp4,/content/drive/MyDrive/all dataset/I have exam/person1/exam_1_aug_fa5cef7d.mp4,0
I have exam,person2,exam_1.mp4,/content/drive/MyDrive/all dataset/I have exam/person2/exam_1.mp4,0
I have exam,person2,exam_1_aug_1.mp4,/content/drive/MyDrive/all dataset/I have exam/person2/exam_1_aug_1.mp4,0
I have exam,person2,exam_1_aug_4.mp4,/content/drive/MyDrive/all dataset/I have exam/person2/exam_1_aug_4.mp4,0
I have exam,person2,exam_1_aug_6.mp4,/content/drive/MyDrive/all dataset/I have exam/person2/exam_1_aug_6.mp4,0
I have exam,person2,exam_1_aug_7.mp4,/content/drive/MyDrive/all dataset/I have exam/person2/exam_1_aug_7.mp4,0
I have exam,person2,exam_1_aug_8.mp4,/content/drive/MyDrive/all dataset/I have exam/person2/exam_1_aug_8.mp4,0
I have exam,person2,exam_1_aug_9.mp4,/content/drive/MyDrive/all dataset/I have exam/person2/exam_1_aug_9.mp4,0
I have exam,person2,exam_1_aug_10.mp4,/content/drive/MyDrive/all dataset/I have exam/person2/exam_1_aug_10.mp4,0
I have exam,person2,exam_1_aug_13.mp4,/content/drive/MyDrive/all dataset/I have exam/person2/exam_1_aug_13.mp4,0
I have exam,person2,exam_1_aug_14.mp4,/content/drive/MyDrive/all dataset/I have exam/person2/exam_1_aug_14.mp4,0
I have exam,person2,exam_1_aug1.mp4,/content/drive/MyDrive/all dataset/I have exam/person2/exam_1_aug1.mp4,0
I have exam,person2,exam_1_aug_9d4e4de4.mp4,/content/drive/MyDrive/all dataset/I have exam/person2/exam_1_aug_9d4e4de4.mp4,0
I have exam,person2,exam_1_aug_6536b24e.mp4,/content/drive/MyDrive/all dataset/I have exam/person2/exam_1_aug_6536b24e.mp4,0
I have exam,person2,exam_1_aug_6d3d4ae5.mp4,/content/drive/MyDrive/all dataset/I have exam/person2/exam_1_aug_6d3d4ae5.mp4,0
I have exam,person2,exam_1_aug_796952c5.mp4,/content/drive/MyDrive/all dataset/I have exam/person2/exam_1_aug_796952c5.mp4,0
I have exam,person2,exam_1_aug_5271b680.mp4,/content/drive/MyDrive/all dataset/I have exam/person2/exam_1_aug_5271b680.mp4,0
I have exam,person2,exam_1_aug_558c9e93.mp4,/content/drive/MyDrive/all dataset/I have exam/person2/exam_1_aug_558c9e93.mp4,0
I have exam,person2,exam_1_aug_8497c576.mp4,/content/drive/MyDrive/all dataset/I have exam/person2/exam_1_aug_8497c576.mp4,0
I have exam,person2,exam_1_aug_eb1e95b0.mp4,/content/drive/MyDrive/all dataset/I have exam/person2/exam_1_aug_eb1e95b0.mp4,0
I have exam,person2,exam_1_aug_b0c6ba40.mp4,/content/drive/MyDrive/all dataset/I have exam/person2/exam_1_aug_b0c6ba40.mp4,0
I have exam,person3,exam_1.mp4,/content/drive/MyDrive/all dataset/I have exam/person3/exam_1.mp4,0
I have exam,person3,exam_1_aug_1.mp4,/content/drive/MyDrive/all dataset/I have exam/person3/exam_1_aug_1.mp4,0
I have exam,person3,exam_1_aug_3.mp4,/content/drive/MyDrive/all dataset/I have exam/person3/exam_1_aug_3.mp4,0
I have exam,person3,exam_1_aug_5.mp4,/content/drive/MyDrive/all dataset/I have exam/person3/exam_1_aug_5.mp4,0
I have exam,person3,exam_1_aug_8.mp4,/content/drive/MyDrive/all dataset/I have exam/person3/exam_1_aug_8.mp4,0
I have exam,person3,exam_1_aug_9.mp4,/content/drive/MyDrive/all dataset/I have exam/person3/exam_1_aug_9.mp4,0
I have exam,person3,exam_1_aug_11.mp4,/content/drive/MyDrive/all dataset/I have exam/person3/exam_1_aug_11.mp4,0
I have exam,person3,exam_1_aug_12.mp4,/content/drive/MyDrive/all dataset/I have exam/person3/exam_1_aug_12.mp4,0
I have exam,person3,exam_1_aug_14.mp4,/content/drive/MyDrive/all dataset/I have exam/person3/exam_1_aug_14.mp4,0
I have exam,person3,exam_1_aug_13.mp4,/content/drive/MyDrive/all dataset/I have exam/person3/exam_1_aug_13.mp4,0
I have exam,person3,exam_1_aug1.mp4,/content/drive/MyDrive/all dataset/I have exam/person3/exam_1_aug1.mp4,0
I have exam,person3,exam_1_aug_d9ba5d27.mp4,/content/drive/MyDrive/all dataset/I have exam/person3/exam_1_aug_d9ba5d27.mp4,0
I have exam,person3,exam_1_aug_bb97cddd.mp4,/content/drive/MyDrive/all dataset/I have exam/person3/exam_1_aug_bb97cddd.mp4,0
I have exam,person3,exam_1_aug_7d8f1a00.mp4,/content/drive/MyDrive/all dataset/I have exam/person3/exam_1_aug_7d8f1a00.mp4,0
I have exam,person3,exam_1_aug_959ec02e.mp4,/content/drive/MyDrive/all dataset/I have exam/person3/exam_1_aug_959ec02e.mp4,0
I have exam,person3,exam_1_aug_c11cc6f0.mp4,/content/drive/MyDrive/all dataset/I have exam/person3/exam_1_aug_c11cc6f0.mp4,0
I have exam,person3,exam_1_aug_5e4c9f36.mp4,/content/drive/MyDrive/all dataset/I have exam/person3/exam_1_aug_5e4c9f36.mp4,0
I have exam,person3,exam_1_aug_b212175d.mp4,/content/drive/MyDrive/all dataset/I have exam/person3/exam_1_aug_b212175d.mp4,0
I have exam,person3,exam_1_aug_ddf081a4.mp4,/content/drive/MyDrive/all dataset/I have exam/person3/exam_1_aug_ddf081a4.mp4,0
I have exam,person3,exam_1_aug_93fc8a61.mp4,/content/drive/MyDrive/all dataset/I have exam/person3/exam_1_aug_93fc8a61.mp4,0
I have exam,person4,exam_1.mp4,/content/drive/MyDrive/all dataset/I have exam/person4/exam_1.mp4,0
I have exam,person4,exam_1_aug_1.mp4,/content/drive/MyDrive/all dataset/I have exam/person4/exam_1_aug_1.mp4,0
I have exam,person4,exam_1_aug_3.mp4,/content/drive/MyDrive/all dataset/I have exam/person4/exam_1_aug_3.mp4,0
I have exam,person4,exam_1_aug_4.mp4,/content/drive/MyDrive/all dataset/I have exam/person4/exam_1_aug_4.mp4,0
I have exam,person4,exam_1_aug_5.mp4,/content/drive/MyDrive/all dataset/I have exam/person4/exam_1_aug_5.mp4,0
I have exam,person4,exam_1_aug_6.mp4,/content/drive/MyDrive/all dataset/I have exam/person4/exam_1_aug_6.mp4,0
I have exam,person4,exam_1_aug_8.mp4,/content/drive/MyDrive/all dataset/I have exam/person4/exam_1_aug_8.mp4,0
I have exam,person4,exam_1_aug_10.mp4,/content/drive/MyDrive/all dataset/I have exam/person4/exam_1_aug_10.mp4,0
I have exam,person4,exam_1_aug_13.mp4,/content/drive/MyDrive/all dataset/I have exam/person4/exam_1_aug_13.mp4,0
I have exam,person4,exam_1_aug_12.mp4,/content/drive/MyDrive/all dataset/I have exam/person4/exam_1_aug_12.mp4,0
I have exam,person4,exam_1_aug1.mp4,/content/drive/MyDrive/all dataset/I have exam/person4/exam_1_aug1.mp4,0
I have exam,person4,exam_1_aug_06721469.mp4,/content/drive/MyDrive/all dataset/I have exam/person4/exam_1_aug_06721469.mp4,0
I have exam,person4,exam_1_aug_f18e64be.mp4,/content/drive/MyDrive/all dataset/I have exam/person4/exam_1_aug_f18e64be.mp4,0
I have exam,person4,exam_1_aug_7e738604.mp4,/content/drive/MyDrive/all dataset/I have exam/person4/exam_1_aug_7e738604.mp4,0
I have exam,person4,exam_1_aug_15495e03.mp4,/content/drive/MyDrive/all dataset/I have exam/person4/exam_1_aug_15495e03.mp4,0
I have exam,person4,exam_1_aug_14cb1de6.mp4,/content/drive/MyDrive/all dataset/I have exam/person4/exam_1_aug_14cb1de6.mp4,0
I have exam,person4,exam_1_aug_d0200e9b.mp4,/content/drive/MyDrive/all dataset/I have exam/person4/exam_1_aug_d0200e9b.mp4,0
I have exam,person4,exam_1_aug_50e90a0c.mp4,/content/drive/MyDrive/all dataset/I have exam/person4/exam_1_aug_50e90a0c.mp4,0
I have exam,person4,exam_1_aug_4b2441d6.mp4,/content/drive/MyDrive/all dataset/I have exam/person4/exam_1_aug_4b2441d6.mp4,0
I have exam,person4,exam_1_aug_f60f8f9f.mp4,/content/drive/MyDrive/all dataset/I have exam/person4/exam_1_aug_f60f8f9f.mp4,0
I have exam,person5,exam_1.mp4,/content/drive/MyDrive/all dataset/I have exam/person5/exam_1.mp4,0
I have exam,person5,exam_1_aug_3.mp4,/content/drive/MyDrive/all dataset/I have exam/person5/exam_1_aug_3.mp4,0
I have exam,person5,exam_1_aug_8.mp4,/content/drive/MyDrive/all dataset/I have exam/person5/exam_1_aug_8.mp4,0
I have exam,person5,exam_1_aug_2.mp4,/content/drive/MyDrive/all dataset/I have exam/person5/exam_1_aug_2.mp4,0
I have exam,person5,exam_1_aug_4.mp4,/content/drive/MyDrive/all dataset/I have exam/person5/exam_1_aug_4.mp4,0
I have exam,person5,exam_1_aug_6.mp4,/content/drive/MyDrive/all dataset/I have exam/person5/exam_1_aug_6.mp4,0
I have exam,person5,exam_1_aug_7.mp4,/content/drive/MyDrive/all dataset/I have exam/person5/exam_1_aug_7.mp4,0
I have exam,person5,exam_1_aug_10.mp4,/content/drive/MyDrive/all dataset/I have exam/person5/exam_1_aug_10.mp4,0
I have exam,person5,exam_1_aug_11.mp4,/content/drive/MyDrive/all dataset/I have exam/person5/exam_1_aug_11.mp4,0
I have exam,person5,exam_1_aug_12.mp4,/content/drive/MyDrive/all dataset/I have exam/person5/exam_1_aug_12.mp4,0
I have exam,person5,exam_1_aug1.mp4,/content/drive/MyDrive/all dataset/I have exam/person5/exam_1_aug1.mp4,0
I have exam,person5,exam_1_aug_3131ed1c.mp4,/content/drive/MyDrive/all dataset/I have exam/person5/exam_1_aug_3131ed1c.mp4,0
I have exam,person5,exam_1_aug_bfb1e036.mp4,/content/drive/MyDrive/all dataset/I have exam/person5/exam_1_aug_bfb1e036.mp4,0
I have exam,person5,exam_1_aug_dc57d121.mp4,/content/drive/MyDrive/all dataset/I have exam/person5/exam_1_aug_dc57d121.mp4,0
I have exam,person5,exam_1_aug_85de8335.mp4,/content/drive/MyDrive/all dataset/I have exam/person5/exam_1_aug_85de8335.mp4,0
I have exam,person5,exam_1_aug_7e16d04c.mp4,/content/drive/MyDrive/all dataset/I have exam/person5/exam_1_aug_7e16d04c.mp4,0
I have exam,person5,exam_1_aug_6bb8c559.mp4,/content/drive/MyDrive/all dataset/I have exam/person5/exam_1_aug_6bb8c559.mp4,0
I have exam,person5,exam_1_aug_d95d4434.mp4,/content/drive/MyDrive/all dataset/I have exam/person5/exam_1_aug_d95d4434.mp4,0
I have exam,person5,exam_1_aug_cd82d43d.mp4,/content/drive/MyDrive/all dataset/I have exam/person5/exam_1_aug_cd82d43d.mp4,0
I have exam,person5,exam_1_aug_bc5d56ad.mp4,/content/drive/MyDrive/all dataset/I have exam/person5/exam_1_aug_bc5d56ad.mp4,0
I have exam,person6,exam_1_aug_1.mp4,/content/drive/MyDrive/all dataset/I have exam/person6/exam_1_aug_1.mp4,0
I have exam,person6,exam_1_aug_3.mp4,/content/drive/MyDrive/all dataset/I have exam/person6/exam_1_aug_3.mp4,0
I have exam,person6,exam_1_aug_4.mp4,/content/drive/MyDrive/all dataset/I have exam/person6/exam_1_aug_4.mp4,0
I have exam,person6,exam_1_aug_5.mp4,/content/drive/MyDrive/all dataset/I have exam/person6/exam_1_aug_5.mp4,0
I have exam,person6,exam_1_aug_7.mp4,/content/drive/MyDrive/all dataset/I have exam/person6/exam_1_aug_7.mp4,0
I have exam,person6,exam_1_aug_10.mp4,/content/drive/MyDrive/all dataset/I have exam/person6/exam_1_aug_10.mp4,0
I have exam,person6,exam_1_aug_8.mp4,/content/drive/MyDrive/all dataset/I have exam/person6/exam_1_aug_8.mp4,0
I have exam,person6,exam_1_aug_11.mp4,/content/drive/MyDrive/all dataset/I have exam/person6/exam_1_aug_11.mp4,0
I have exam,person6,exam_1_aug_12.mp4,/content/drive/MyDrive/all dataset/I have exam/person6/exam_1_aug_12.mp4,0
I have exam,person6,exam_1_aug_13.mp4,/content/drive/MyDrive/all dataset/I have exam/person6/exam_1_aug_13.mp4,0
I have exam,person6,exam_1_aug_1_aug_a10d6c97.mp4,/content/drive/MyDrive/all dataset/I have exam/person6/exam_1_aug_1_aug_a10d6c97.mp4,0
I have exam,person6,exam_1_aug_10_aug_581ff026.mp4,/content/drive/MyDrive/all dataset/I have exam/person6/exam_1_aug_10_aug_581ff026.mp4,0
I have exam,person6,exam_1_aug_11_aug_c4980f9d.mp4,/content/drive/MyDrive/all dataset/I have exam/person6/exam_1_aug_11_aug_c4980f9d.mp4,0
I have exam,person6,exam_1_aug_12_aug_5083f9eb.mp4,/content/drive/MyDrive/all dataset/I have exam/person6/exam_1_aug_12_aug_5083f9eb.mp4,0
I have exam,person6,exam_1_aug_13_aug_687ebe2b.mp4,/content/drive/MyDrive/all dataset/I have exam/person6/exam_1_aug_13_aug_687ebe2b.mp4,0
I have exam,person6,exam_1_aug_3_aug_2ad0c050.mp4,/content/drive/MyDrive/all dataset/I have exam/person6/exam_1_aug_3_aug_2ad0c050.mp4,0
I have exam,person6,exam_1_aug_4_aug_b7c99f2e.mp4,/content/drive/MyDrive/all dataset/I have exam/person6/exam_1_aug_4_aug_b7c99f2e.mp4,0
I have exam,person6,exam_1_aug_10_aug_ed99008f.mp4,/content/drive/MyDrive/all dataset/I have exam/person6/exam_1_aug_10_aug_ed99008f.mp4,0
I have exam,person6,exam_1_aug_1_aug_3f496868.mp4,/content/drive/MyDrive/all dataset/I have exam/person6/exam_1_aug_1_aug_3f496868.mp4,0
I have exam,person6,exam_1_aug_10_aug_581ff026_aug_b698c616.mp4,/content/drive/MyDrive/all dataset/I have exam/person6/exam_1_aug_10_aug_581ff026_aug_b698c616.mp4,0
I have exam,person7,exam_1_aug_3.mp4,/content/drive/MyDrive/all dataset/I have exam/person7/exam_1_aug_3.mp4,0
I have exam,person7,exam_1_aug_2.mp4,/content/drive/MyDrive/all dataset/I have exam/person7/exam_1_aug_2.mp4,0
I have exam,person7,exam_1_aug_4.mp4,/content/drive/MyDrive/all dataset/I have exam/person7/exam_1_aug_4.mp4,0
I have exam,person7,exam_1_aug_6.mp4,/content/drive/MyDrive/all dataset/I have exam/person7/exam_1_aug_6.mp4,0
I have exam,person7,exam_1_aug_7.mp4,/content/drive/MyDrive/all dataset/I have exam/person7/exam_1_aug_7.mp4,0
I have exam,person7,exam_1_aug_10.mp4,/content/drive/MyDrive/all dataset/I have exam/person7/exam_1_aug_10.mp4,0
I have exam,person7,exam_1_aug_11.mp4,/content/drive/MyDrive/all dataset/I have exam/person7/exam_1_aug_11.mp4,0
I have exam,person7,exam_1_aug_12.mp4,/content/drive/MyDrive/all dataset/I have exam/person7/exam_1_aug_12.mp4,0
I have exam,person7,exam_1_aug_14.mp4,/content/drive/MyDrive/all dataset/I have exam/person7/exam_1_aug_14.mp4,0
I have exam,person7,exam_1_aug_13.mp4,/content/drive/MyDrive/all dataset/I have exam/person7/exam_1_aug_13.mp4,0
I have exam,person7,exam_1_aug_10_aug_669e0000.mp4,/content/drive/MyDrive/all dataset/I have exam/person7/exam_1_aug_10_aug_669e0000.mp4,0
I have exam,person7,exam_1_aug_11_aug_158b2afb.mp4,/content/drive/MyDrive/all dataset/I have exam/person7/exam_1_aug_11_aug_158b2afb.mp4,0
I have exam,person7,exam_1_aug_12_aug_1d11808d.mp4,/content/drive/MyDrive/all dataset/I have exam/person7/exam_1_aug_12_aug_1d11808d.mp4,0
I have exam,person7,exam_1_aug_13_aug_f2516ac8.mp4,/content/drive/MyDrive/all dataset/I have exam/person7/exam_1_aug_13_aug_f2516ac8.mp4,0
I have exam,person7,exam_1_aug_14_aug_58774cf2.mp4,/content/drive/MyDrive/all dataset/I have exam/person7/exam_1_aug_14_aug_58774cf2.mp4,0
I have exam,person7,exam_1_aug_2_aug_616290b9.mp4,/content/drive/MyDrive/all dataset/I have exam/person7/exam_1_aug_2_aug_616290b9.mp4,0
I have exam,person7,exam_1_aug_3_aug_2257280c.mp4,/content/drive/MyDrive/all dataset/I have exam/person7/exam_1_aug_3_aug_2257280c.mp4,0
I have exam,person7,exam_1_aug_4_aug_4623a58d.mp4,/content/drive/MyDrive/all dataset/I have exam/person7/exam_1_aug_4_aug_4623a58d.mp4,0
I have exam,person7,exam_1_aug_6_aug_7c2f11d4.mp4,/content/drive/MyDrive/all dataset/I have exam/person7/exam_1_aug_6_aug_7c2f11d4.mp4,0
I have exam,person7,exam_1_aug_7_aug_0445f5d8.mp4,/content/drive/MyDrive/all dataset/I have exam/person7/exam_1_aug_7_aug_0445f5d8.mp4,0
I have exam,person8,exam_1.mp4,/content/drive/MyDrive/all dataset/I have exam/person8/exam_1.mp4,0
I have exam,person8,exam_1_aug_2.mp4,/content/drive/MyDrive/all dataset/I have exam/person8/exam_1_aug_2.mp4,0
I have exam,person8,exam_1_aug_3.mp4,/content/drive/MyDrive/all dataset/I have exam/person8/exam_1_aug_3.mp4,0
I have exam,person8,exam_1_aug_4.mp4,/content/drive/MyDrive/all dataset/I have exam/person8/exam_1_aug_4.mp4,0
I have exam,person8,exam_1_aug_5.mp4,/content/drive/MyDrive/all dataset/I have exam/person8/exam_1_aug_5.mp4,0
I have exam,person8,exam_1_aug_7.mp4,/content/drive/MyDrive/all dataset/I have exam/person8/exam_1_aug_7.mp4,0
I have exam,person8,exam_1_aug_10.mp4,/content/drive/MyDrive/all dataset/I have exam/person8/exam_1_aug_10.mp4,0
I have exam,person8,exam_1_aug_8.mp4,/content/drive/MyDrive/all dataset/I have exam/person8/exam_1_aug_8.mp4,0
I have exam,person8,exam_1_aug_9.mp4,/content/drive/MyDrive/all dataset/I have exam/person8/exam_1_aug_9.mp4,0
I have exam,person8,exam_1_aug_12.mp4,/content/drive/MyDrive/all dataset/I have exam/person8/exam_1_aug_12.mp4,0
I have exam,person8,exam_1_aug1.mp4,/content/drive/MyDrive/all dataset/I have exam/person8/exam_1_aug1.mp4,0
I have exam,person8,exam_1_aug_2bf289dc.mp4,/content/drive/MyDrive/all dataset/I have exam/person8/exam_1_aug_2bf289dc.mp4,0
I have exam,person8,exam_1_aug_c0273b1a.mp4,/content/drive/MyDrive/all dataset/I have exam/person8/exam_1_aug_c0273b1a.mp4,0
I have exam,person8,exam_1_aug_dfe8a7b8.mp4,/content/drive/MyDrive/all dataset/I have exam/person8/exam_1_aug_dfe8a7b8.mp4,0
I have exam,person8,exam_1_aug_e8e6e043.mp4,/content/drive/MyDrive/all dataset/I have exam/person8/exam_1_aug_e8e6e043.mp4,0
I have exam,person8,exam_1_aug_b88db7fc.mp4,/content/drive/MyDrive/all dataset/I have exam/person8/exam_1_aug_b88db7fc.mp4,0
I have exam,person8,exam_1_aug_5f2406a6.mp4,/content/drive/MyDrive/all dataset/I have exam/person8/exam_1_aug_5f2406a6.mp4,0
I have exam,person8,exam_1_aug_834fbd21.mp4,/content/drive/MyDrive/all dataset/I have exam/person8/exam_1_aug_834fbd21.mp4,0
I have exam,person8,exam_1_aug_be33ff07.mp4,/content/drive/MyDrive/all dataset/I have exam/person8/exam_1_aug_be33ff07.mp4,0
I have exam,person8,exam_1_aug_52cb4d64.mp4,/content/drive/MyDrive/all dataset/I have exam/person8/exam_1_aug_52cb4d64.mp4,0
I have exam,person9,exam_1.mp4,/content/drive/MyDrive/all dataset/I have exam/person9/exam_1.mp4,0
I have exam,person9,exam_1_aug_1.mp4,/content/drive/MyDrive/all dataset/I have exam/person9/exam_1_aug_1.mp4,0
I have exam,person9,exam_1_aug_4.mp4,/content/drive/MyDrive/all dataset/I have exam/person9/exam_1_aug_4.mp4,0
I have exam,person9,exam_1_aug_5.mp4,/content/drive/MyDrive/all dataset/I have exam/person9/exam_1_aug_5.mp4,0
I have exam,person9,exam_1_aug_7.mp4,/content/drive/MyDrive/all dataset/I have exam/person9/exam_1_aug_7.mp4,0
I have exam,person9,exam_1_aug_6.mp4,/content/drive/MyDrive/all dataset/I have exam/person9/exam_1_aug_6.mp4,0
I have exam,person9,exam_1_aug_8.mp4,/content/drive/MyDrive/all dataset/I have exam/person9/exam_1_aug_8.mp4,0
I have exam,person9,exam_1_aug_13.mp4,/content/drive/MyDrive/all dataset/I have exam/person9/exam_1_aug_13.mp4,0
I have exam,person9,exam_1_aug_14.mp4,/content/drive/MyDrive/all dataset/I have exam/person9/exam_1_aug_14.mp4,0
I have exam,person9,exam_1_aug_12.mp4,/content/drive/MyDrive/all dataset/I have exam/person9/exam_1_aug_12.mp4,0
I have exam,person9,exam_1_aug1.mp4,/content/drive/MyDrive/all dataset/I have exam/person9/exam_1_aug1.mp4,0
I have exam,person9,exam_1_aug_a44fd73c.mp4,/content/drive/MyDrive/all dataset/I have exam/person9/exam_1_aug_a44fd73c.mp4,0
I have exam,person9,exam_1_aug_dc8cb900.mp4,/content/drive/MyDrive/all dataset/I have exam/person9/exam_1_aug_dc8cb900.mp4,0
I have exam,person9,exam_1_aug_6f536720.mp4,/content/drive/MyDrive/all dataset/I have exam/person9/exam_1_aug_6f536720.mp4,0
I have exam,person9,exam_1_aug_430f1366.mp4,/content/drive/MyDrive/all dataset/I have exam/person9/exam_1_aug_430f1366.mp4,0
I have exam,person9,exam_1_aug_3a521ad5.mp4,/content/drive/MyDrive/all dataset/I have exam/person9/exam_1_aug_3a521ad5.mp4,0
I have exam,person9,exam_1_aug_4d0b220a.mp4,/content/drive/MyDrive/all dataset/I have exam/person9/exam_1_aug_4d0b220a.mp4,0
I have exam,person9,exam_1_aug_c04f3774.mp4,/content/drive/MyDrive/all dataset/I have exam/person9/exam_1_aug_c04f3774.mp4,0
I have exam,person9,exam_1_aug_32746bab.mp4,/content/drive/MyDrive/all dataset/I have exam/person9/exam_1_aug_32746bab.mp4,0
I have exam,person9,exam_1_aug_9762e0da.mp4,/content/drive/MyDrive/all dataset/I have exam/person9/exam_1_aug_9762e0da.mp4,0
I have pain,person1,pain_1.mp4,/content/drive/MyDrive/all dataset/I have pain/person1/pain_1.mp4,0
I have pain,person1,pain_1_aug_2.mp4,/content/drive/MyDrive/all dataset/I have pain/person1/pain_1_aug_2.mp4,0
I have pain,person1,pain_1_aug_3.mp4,/content/drive/MyDrive/all dataset/I have pain/person1/pain_1_aug_3.mp4,0
I have pain,person1,pain_1_aug_4.mp4,/content/drive/MyDrive/all dataset/I have pain/person1/pain_1_aug_4.mp4,0
I have pain,person1,pain_1_aug_6.mp4,/content/drive/MyDrive/all dataset/I have pain/person1/pain_1_aug_6.mp4,0
I have pain,person1,pain_1_aug_7.mp4,/content/drive/MyDrive/all dataset/I have pain/person1/pain_1_aug_7.mp4,0
I have pain,person1,pain_1_aug_8.mp4,/content/drive/MyDrive/all dataset/I have pain/person1/pain_1_aug_8.mp4,0
I have pain,person1,pain_1_aug_9.mp4,/content/drive/MyDrive/all dataset/I have pain/person1/pain_1_aug_9.mp4,0
I have pain,person1,pain_1_aug_10.mp4,/content/drive/MyDrive/all dataset/I have pain/person1/pain_1_aug_10.mp4,0
I have pain,person1,pain_1_aug_11.mp4,/content/drive/MyDrive/all dataset/I have pain/person1/pain_1_aug_11.mp4,0
I have pain,person1,pain_1_aug1.mp4,/content/drive/MyDrive/all dataset/I have pain/person1/pain_1_aug1.mp4,0
I have pain,person1,pain_1_aug_343b40ca.mp4,/content/drive/MyDrive/all dataset/I have pain/person1/pain_1_aug_343b40ca.mp4,0
I have pain,person1,pain_1_aug_7bfb9bb9.mp4,/content/drive/MyDrive/all dataset/I have pain/person1/pain_1_aug_7bfb9bb9.mp4,0
I have pain,person1,pain_1_aug_6fe9dd72.mp4,/content/drive/MyDrive/all dataset/I have pain/person1/pain_1_aug_6fe9dd72.mp4,0
I have pain,person1,pain_1_aug_e4b3ee15.mp4,/content/drive/MyDrive/all dataset/I have pain/person1/pain_1_aug_e4b3ee15.mp4,0
I have pain,person1,pain_1_aug_3b5e2ca5.mp4,/content/drive/MyDrive/all dataset/I have pain/person1/pain_1_aug_3b5e2ca5.mp4,0
I have pain,person1,pain_1_aug_acbe3c3e.mp4,/content/drive/MyDrive/all dataset/I have pain/person1/pain_1_aug_acbe3c3e.mp4,0
I have pain,person1,pain_1_aug_87ffac40.mp4,/content/drive/MyDrive/all dataset/I have pain/person1/pain_1_aug_87ffac40.mp4,0
I have pain,person1,pain_1_aug_523d91b3.mp4,/content/drive/MyDrive/all dataset/I have pain/person1/pain_1_aug_523d91b3.mp4,0
I have pain,person1,pain_1_aug_ae767041.mp4,/content/drive/MyDrive/all dataset/I have pain/person1/pain_1_aug_ae767041.mp4,0
I have pain,person2,pain_2.mp4,/content/drive/MyDrive/all dataset/I have pain/person2/pain_2.mp4,0
I have pain,person2,pain_2_aug_1.mp4,/content/drive/MyDrive/all dataset/I have pain/person2/pain_2_aug_1.mp4,0
I have pain,person2,pain_2_aug_2.mp4,/content/drive/MyDrive/all dataset/I have pain/person2/pain_2_aug_2.mp4,0
I have pain,person2,pain_2_aug_3.mp4,/content/drive/MyDrive/all dataset/I have pain/person2/pain_2_aug_3.mp4,0
I have pain,person2,pain_2_aug_5.mp4,/content/drive/MyDrive/all dataset/I have pain/person2/pain_2_aug_5.mp4,0
I have pain,person2,pain_2_aug_6.mp4,/content/drive/MyDrive/all dataset/I have pain/person2/pain_2_aug_6.mp4,0
I have pain,person2,pain_2_aug_7.mp4,/content/drive/MyDrive/all dataset/I have pain/person2/pain_2_aug_7.mp4,0
I have pain,person2,pain_2_aug_9.mp4,/content/drive/MyDrive/all dataset/I have pain/person2/pain_2_aug_9.mp4,0
I have pain,person2,pain_2_aug_10.mp4,/content/drive/MyDrive/all dataset/I have pain/person2/pain_2_aug_10.mp4,0
I have pain,person2,pain_2_aug_11.mp4,/content/drive/MyDrive/all dataset/I have pain/person2/pain_2_aug_11.mp4,0
I have pain,person2,pain_2_aug1.mp4,/content/drive/MyDrive/all dataset/I have pain/person2/pain_2_aug1.mp4,0
I have pain,person2,pain_2_aug_1ed95034.mp4,/content/drive/MyDrive/all dataset/I have pain/person2/pain_2_aug_1ed95034.mp4,0
I have pain,person2,pain_2_aug_431cb6d5.mp4,/content/drive/MyDrive/all dataset/I have pain/person2/pain_2_aug_431cb6d5.mp4,0
I have pain,person2,pain_2_aug_21eee3b6.mp4,/content/drive/MyDrive/all dataset/I have pain/person2/pain_2_aug_21eee3b6.mp4,0
I have pain,person2,pain_2_aug_d499dcc3.mp4,/content/drive/MyDrive/all dataset/I have pain/person2/pain_2_aug_d499dcc3.mp4,0
I have pain,person2,pain_2_aug_6d33b604.mp4,/content/drive/MyDrive/all dataset/I have pain/person2/pain_2_aug_6d33b604.mp4,0
I have pain,person2,pain_2_aug_6f00831e.mp4,/content/drive/MyDrive/all dataset/I have pain/person2/pain_2_aug_6f00831e.mp4,0
I have pain,person2,pain_2_aug_d0f4f9e2.mp4,/content/drive/MyDrive/all dataset/I have pain/person2/pain_2_aug_d0f4f9e2.mp4,0
I have pain,person2,pain_2_aug_4cab7382.mp4,/content/drive/MyDrive/all dataset/I have pain/person2/pain_2_aug_4cab7382.mp4,0
I have pain,person2,pain_2_aug_f0a72df5.mp4,/content/drive/MyDrive/all dataset/I have pain/person2/pain_2_aug_f0a72df5.mp4,0
I have pain,person3,pain_3.mp4,/content/drive/MyDrive/all dataset/I have pain/person3/pain_3.mp4,0
I have pain,person3,pain_3_aug_1.mp4,/content/drive/MyDrive/all dataset/I have pain/person3/pain_3_aug_1.mp4,0
I have pain,person3,pain_3_aug_2.mp4,/content/drive/MyDrive/all dataset/I have pain/person3/pain_3_aug_2.mp4,0
I have pain,person3,pain_3_aug_3.mp4,/content/drive/MyDrive/all dataset/I have pain/person3/pain_3_aug_3.mp4,0
I have pain,person3,pain_3_aug_4.mp4,/content/drive/MyDrive/all dataset/I have pain/person3/pain_3_aug_4.mp4,0
I have pain,person3,pain_3_aug_5.mp4,/content/drive/MyDrive/all dataset/I have pain/person3/pain_3_aug_5.mp4,0
I have pain,person3,pain_3_aug_6.mp4,/content/drive/MyDrive/all dataset/I have pain/person3/pain_3_aug_6.mp4,0
I have pain,person3,pain_3_aug_8.mp4,/content/drive/MyDrive/all dataset/I have pain/person3/pain_3_aug_8.mp4,0
I have pain,person3,pain_3_aug_9.mp4,/content/drive/MyDrive/all dataset/I have pain/person3/pain_3_aug_9.mp4,0
I have pain,person3,pain_3_aug_10.mp4,/content/drive/MyDrive/all dataset/I have pain/person3/pain_3_aug_10.mp4,0
I have pain,person3,pain_3_aug1.mp4,/content/drive/MyDrive/all dataset/I have pain/person3/pain_3_aug1.mp4,0
I have pain,person3,pain_3_aug_d9c86847.mp4,/content/drive/MyDrive/all dataset/I have pain/person3/pain_3_aug_d9c86847.mp4,0
I have pain,person3,pain_3_aug_6795a61d.mp4,/content/drive/MyDrive/all dataset/I have pain/person3/pain_3_aug_6795a61d.mp4,0
I have pain,person3,pain_3_aug_349f6cc1.mp4,/content/drive/MyDrive/all dataset/I have pain/person3/pain_3_aug_349f6cc1.mp4,0
I have pain,person3,pain_3_aug_45e3c5ce.mp4,/content/drive/MyDrive/all dataset/I have pain/person3/pain_3_aug_45e3c5ce.mp4,0
I have pain,person3,pain_3_aug_ed2a7bf4.mp4,/content/drive/MyDrive/all dataset/I have pain/person3/pain_3_aug_ed2a7bf4.mp4,0
I have pain,person3,pain_3_aug_efa71004.mp4,/content/drive/MyDrive/all dataset/I have pain/person3/pain_3_aug_efa71004.mp4,0
I have pain,person3,pain_3_aug_89fc9d59.mp4,/content/drive/MyDrive/all dataset/I have pain/person3/pain_3_aug_89fc9d59.mp4,0
I have pain,person3,pain_3_aug_4a4a3d9b.mp4,/content/drive/MyDrive/all dataset/I have pain/person3/pain_3_aug_4a4a3d9b.mp4,0
I have pain,person3,pain_3_aug_3278eb7c.mp4,/content/drive/MyDrive/all dataset/I have pain/person3/pain_3_aug_3278eb7c.mp4,0
I have pain,person4,pain_4.mp4,/content/drive/MyDrive/all dataset/I have pain/person4/pain_4.mp4,0
I have pain,person4,pain_4_aug_1.mp4,/content/drive/MyDrive/all dataset/I have pain/person4/pain_4_aug_1.mp4,0
I have pain,person4,pain_4_aug_2.mp4,/content/drive/MyDrive/all dataset/I have pain/person4/pain_4_aug_2.mp4,0
I have pain,person4,pain_4_aug_3.mp4,/content/drive/MyDrive/all dataset/I have pain/person4/pain_4_aug_3.mp4,0
I have pain,person4,pain_4_aug_5.mp4,/content/drive/MyDrive/all dataset/I have pain/person4/pain_4_aug_5.mp4,0
I have pain,person4,pain_4_aug_6.mp4,/content/drive/MyDrive/all dataset/I have pain/person4/pain_4_aug_6.mp4,0
I have pain,person4,pain_4_aug_7.mp4,/content/drive/MyDrive/all dataset/I have pain/person4/pain_4_aug_7.mp4,0
I have pain,person4,pain_4_aug_8.mp4,/content/drive/MyDrive/all dataset/I have pain/person4/pain_4_aug_8.mp4,0
I have pain,person4,pain_4_aug_10.mp4,/content/drive/MyDrive/all dataset/I have pain/person4/pain_4_aug_10.mp4,0
I have pain,person4,pain_4_aug_11.mp4,/content/drive/MyDrive/all dataset/I have pain/person4/pain_4_aug_11.mp4,0
I have pain,person4,pain_4_aug1.mp4,/content/drive/MyDrive/all dataset/I have pain/person4/pain_4_aug1.mp4,0
I have pain,person4,pain_4_aug_bb9948ed.mp4,/content/drive/MyDrive/all dataset/I have pain/person4/pain_4_aug_bb9948ed.mp4,0
I have pain,person4,pain_4_aug_26f0194b.mp4,/content/drive/MyDrive/all dataset/I have pain/person4/pain_4_aug_26f0194b.mp4,0
I have pain,person4,pain_4_aug_570c782e.mp4,/content/drive/MyDrive/all dataset/I have pain/person4/pain_4_aug_570c782e.mp4,0
I have pain,person4,pain_4_aug_d18bef7c.mp4,/content/drive/MyDrive/all dataset/I have pain/person4/pain_4_aug_d18bef7c.mp4,0
I have pain,person4,pain_4_aug_c41372af.mp4,/content/drive/MyDrive/all dataset/I have pain/person4/pain_4_aug_c41372af.mp4,0
I have pain,person4,pain_4_aug_e8d95acd.mp4,/content/drive/MyDrive/all dataset/I have pain/person4/pain_4_aug_e8d95acd.mp4,0
I have pain,person4,pain_4_aug_99e9e293.mp4,/content/drive/MyDrive/all dataset/I have pain/person4/pain_4_aug_99e9e293.mp4,0
I have pain,person4,pain_4_aug_43603688.mp4,/content/drive/MyDrive/all dataset/I have pain/person4/pain_4_aug_43603688.mp4,0
I have pain,person4,pain_4_aug_91d94a91.mp4,/content/drive/MyDrive/all dataset/I have pain/person4/pain_4_aug_91d94a91.mp4,0
I have pain,person5,pain_5.mp4,/content/drive/MyDrive/all dataset/I have pain/person5/pain_5.mp4,0
I have pain,person5,pain_5_aug_1.mp4,/content/drive/MyDrive/all dataset/I have pain/person5/pain_5_aug_1.mp4,0
I have pain,person5,pain_5_aug_2.mp4,/content/drive/MyDrive/all dataset/I have pain/person5/pain_5_aug_2.mp4,0
I have pain,person5,pain_5_aug_3.mp4,/content/drive/MyDrive/all dataset/I have pain/person5/pain_5_aug_3.mp4,0
I have pain,person5,pain_5_aug_6.mp4,/content/drive/MyDrive/all dataset/I have pain/person5/pain_5_aug_6.mp4,0
I have pain,person5,pain_5_aug_7.mp4,/content/drive/MyDrive/all dataset/I have pain/person5/pain_5_aug_7.mp4,0
I have pain,person5,pain_5_aug_8.mp4,/content/drive/MyDrive/all dataset/I have pain/person5/pain_5_aug_8.mp4,0
I have pain,person5,pain_5_aug_9.mp4,/content/drive/MyDrive/all dataset/I have pain/person5/pain_5_aug_9.mp4,0
I have pain,person5,pain_5_aug_10.mp4,/content/drive/MyDrive/all dataset/I have pain/person5/pain_5_aug_10.mp4,0
I have pain,person5,pain_5_aug_11.mp4,/content/drive/MyDrive/all dataset/I have pain/person5/pain_5_aug_11.mp4,0
I have pain,person5,pain_5_aug1.mp4,/content/drive/MyDrive/all dataset/I have pain/person5/pain_5_aug1.mp4,0
I have pain,person5,pain_5_aug_6878ce30.mp4,/content/drive/MyDrive/all dataset/I have pain/person5/pain_5_aug_6878ce30.mp4,0
I have pain,person5,pain_5_aug_f594030a.mp4,/content/drive/MyDrive/all dataset/I have pain/person5/pain_5_aug_f594030a.mp4,0
I have pain,person5,pain_5_aug_5619a67c.mp4,/content/drive/MyDrive/all dataset/I have pain/person5/pain_5_aug_5619a67c.mp4,0
I have pain,person5,pain_5_aug_69a978f9.mp4,/content/drive/MyDrive/all dataset/I have pain/person5/pain_5_aug_69a978f9.mp4,0
I have pain,person5,pain_5_aug_b617265f.mp4,/content/drive/MyDrive/all dataset/I have pain/person5/pain_5_aug_b617265f.mp4,0
I have pain,person5,pain_5_aug_07206e29.mp4,/content/drive/MyDrive/all dataset/I have pain/person5/pain_5_aug_07206e29.mp4,0
I have pain,person5,pain_5_aug_76c0abab.mp4,/content/drive/MyDrive/all dataset/I have pain/person5/pain_5_aug_76c0abab.mp4,0
I have pain,person5,pain_5_aug_ab37bafb.mp4,/content/drive/MyDrive/all dataset/I have pain/person5/pain_5_aug_ab37bafb.mp4,0
I have pain,person5,pain_5_aug_949f512c.mp4,/content/drive/MyDrive/all dataset/I have pain/person5/pain_5_aug_949f512c.mp4,0
I have pain,person6,pain_6.mp4,/content/drive/MyDrive/all dataset/I have pain/person6/pain_6.mp4,0
I have pain,person6,pain_6_aug_1.mp4,/content/drive/MyDrive/all dataset/I have pain/person6/pain_6_aug_1.mp4,0
I have pain,person6,pain_6_aug_2.mp4,/content/drive/MyDrive/all dataset/I have pain/person6/pain_6_aug_2.mp4,0
I have pain,person6,pain_6_aug_3.mp4,/content/drive/MyDrive/all dataset/I have pain/person6/pain_6_aug_3.mp4,0
I have pain,person6,pain_6_aug_4.mp4,/content/drive/MyDrive/all dataset/I have pain/person6/pain_6_aug_4.mp4,0
I have pain,person6,pain_6_aug_5.mp4,/content/drive/MyDrive/all dataset/I have pain/person6/pain_6_aug_5.mp4,0
I have pain,person6,pain_6_aug_6.mp4,/content/drive/MyDrive/all dataset/I have pain/person6/pain_6_aug_6.mp4,0
I have pain,person6,pain_6_aug_7.mp4,/content/drive/MyDrive/all dataset/I have pain/person6/pain_6_aug_7.mp4,0
I have pain,person6,pain_6_aug_8.mp4,/content/drive/MyDrive/all dataset/I have pain/person6/pain_6_aug_8.mp4,0
I have pain,person6,pain_6_aug_9.mp4,/content/drive/MyDrive/all dataset/I have pain/person6/pain_6_aug_9.mp4,0
I have pain,person6,pain_6_aug1.mp4,/content/drive/MyDrive/all dataset/I have pain/person6/pain_6_aug1.mp4,0
I have pain,person6,pain_6_aug_f0570276.mp4,/content/drive/MyDrive/all dataset/I have pain/person6/pain_6_aug_f0570276.mp4,0
I have pain,person6,pain_6_aug_371e0f5a.mp4,/content/drive/MyDrive/all dataset/I have pain/person6/pain_6_aug_371e0f5a.mp4,0
I have pain,person6,pain_6_aug_2cc16308.mp4,/content/drive/MyDrive/all dataset/I have pain/person6/pain_6_aug_2cc16308.mp4,0
I have pain,person6,pain_6_aug_9b3ff3ce.mp4,/content/drive/MyDrive/all dataset/I have pain/person6/pain_6_aug_9b3ff3ce.mp4,0
I have pain,person6,pain_6_aug_d5b920ab.mp4,/content/drive/MyDrive/all dataset/I have pain/person6/pain_6_aug_d5b920ab.mp4,0
I have pain,person6,pain_6_aug_569fb6ff.mp4,/content/drive/MyDrive/all dataset/I have pain/person6/pain_6_aug_569fb6ff.mp4,0
I have pain,person6,pain_6_aug_72e18881.mp4,/content/drive/MyDrive/all dataset/I have pain/person6/pain_6_aug_72e18881.mp4,0
I have pain,person6,pain_6_aug_b31c205b.mp4,/content/drive/MyDrive/all dataset/I have pain/person6/pain_6_aug_b31c205b.mp4,0
I have pain,person6,pain_6_aug_0180cbc5.mp4,/content/drive/MyDrive/all dataset/I have pain/person6/pain_6_aug_0180cbc5.mp4,0
I have pain,person7,pain_7_aug_1.mp4,/content/drive/MyDrive/all dataset/I have pain/person7/pain_7_aug_1.mp4,0
I have pain,person7,pain_7_aug_2.mp4,/content/drive/MyDrive/all dataset/I have pain/person7/pain_7_aug_2.mp4,0
I have pain,person7,pain_7_aug_3.mp4,/content/drive/MyDrive/all dataset/I have pain/person7/pain_7_aug_3.mp4,0
I have pain,person7,pain_7_aug_4.mp4,/content/drive/MyDrive/all dataset/I have pain/person7/pain_7_aug_4.mp4,0
I have pain,person7,pain_7_aug_5.mp4,/content/drive/MyDrive/all dataset/I have pain/person7/pain_7_aug_5.mp4,0
I have pain,person7,pain_7_aug_6.mp4,/content/drive/MyDrive/all dataset/I have pain/person7/pain_7_aug_6.mp4,0
I have pain,person7,pain_7_aug_7.mp4,/content/drive/MyDrive/all dataset/I have pain/person7/pain_7_aug_7.mp4,0
I have pain,person7,pain_7_aug_9.mp4,/content/drive/MyDrive/all dataset/I have pain/person7/pain_7_aug_9.mp4,0
I have pain,person7,pain_7_aug_10.mp4,/content/drive/MyDrive/all dataset/I have pain/person7/pain_7_aug_10.mp4,0
I have pain,person7,pain_7_aug_11.mp4,/content/drive/MyDrive/all dataset/I have pain/person7/pain_7_aug_11.mp4,0
I have pain,person7,pain_7_aug_1_aug_8884f4ea.mp4,/content/drive/MyDrive/all dataset/I have pain/person7/pain_7_aug_1_aug_8884f4ea.mp4,0
I have pain,person7,pain_7_aug_10_aug_0393c68f.mp4,/content/drive/MyDrive/all dataset/I have pain/person7/pain_7_aug_10_aug_0393c68f.mp4,0
I have pain,person7,pain_7_aug_11_aug_0cb1d40c.mp4,/content/drive/MyDrive/all dataset/I have pain/person7/pain_7_aug_11_aug_0cb1d40c.mp4,0
I have pain,person7,pain_7_aug_2_aug_539c5574.mp4,/content/drive/MyDrive/all dataset/I have pain/person7/pain_7_aug_2_aug_539c5574.mp4,0
I have pain,person7,pain_7_aug_3_aug_db26ee59.mp4,/content/drive/MyDrive/all dataset/I have pain/person7/pain_7_aug_3_aug_db26ee59.mp4,0
I have pain,person7,pain_7_aug_4_aug_baeae4c5.mp4,/content/drive/MyDrive/all dataset/I have pain/person7/pain_7_aug_4_aug_baeae4c5.mp4,0
I have pain,person7,pain_7_aug_6_aug_1ea43348.mp4,/content/drive/MyDrive/all dataset/I have pain/person7/pain_7_aug_6_aug_1ea43348.mp4,0
I have pain,person7,pain_7_aug_7_aug_115bf808.mp4,/content/drive/MyDrive/all dataset/I have pain/person7/pain_7_aug_7_aug_115bf808.mp4,0
I have pain,person7,pain_7_aug_9_aug_b2967619.mp4,/content/drive/MyDrive/all dataset/I have pain/person7/pain_7_aug_9_aug_b2967619.mp4,0
I have pain,person7,pain_7_aug_5_aug_31badd08.mp4,/content/drive/MyDrive/all dataset/I have pain/person7/pain_7_aug_5_aug_31badd08.mp4,0
I have pain,person8,pain_8.mp4,/content/drive/MyDrive/all dataset/I have pain/person8/pain_8.mp4,0
I have pain,person8,pain_8_aug_2.mp4,/content/drive/MyDrive/all dataset/I have pain/person8/pain_8_aug_2.mp4,0
I have pain,person8,pain_8_aug_3.mp4,/content/drive/MyDrive/all dataset/I have pain/person8/pain_8_aug_3.mp4,0
I have pain,person8,pain_8_aug_5.mp4,/content/drive/MyDrive/all dataset/I have pain/person8/pain_8_aug_5.mp4,0
I have pain,person8,pain_8_aug_6.mp4,/content/drive/MyDrive/all dataset/I have pain/person8/pain_8_aug_6.mp4,0
I have pain,person8,pain_8_aug_7.mp4,/content/drive/MyDrive/all dataset/I have pain/person8/pain_8_aug_7.mp4,0
I have pain,person8,pain_8_aug_8.mp4,/content/drive/MyDrive/all dataset/I have pain/person8/pain_8_aug_8.mp4,0
I have pain,person8,pain_8_aug_9.mp4,/content/drive/MyDrive/all dataset/I have pain/person8/pain_8_aug_9.mp4,0
I have pain,person8,pain_8_aug_10.mp4,/content/drive/MyDrive/all dataset/I have pain/person8/pain_8_aug_10.mp4,0
I have pain,person8,pain_8_aug_11.mp4,/content/drive/MyDrive/all dataset/I have pain/person8/pain_8_aug_11.mp4,0
I have pain,person8,pain_8_aug1.mp4,/content/drive/MyDrive/all dataset/I have pain/person8/pain_8_aug1.mp4,0
I have pain,person8,pain_8_aug_7b49162d.mp4,/content/drive/MyDrive/all dataset/I have pain/person8/pain_8_aug_7b49162d.mp4,0
I have pain,person8,pain_8_aug_6c6c827e.mp4,/content/drive/MyDrive/all dataset/I have pain/person8/pain_8_aug_6c6c827e.mp4,0
I have pain,person8,pain_8_aug_0a59c205.mp4,/content/drive/MyDrive/all dataset/I have pain/person8/pain_8_aug_0a59c205.mp4,0
I have pain,person8,pain_8_aug_ed167dde.mp4,/content/drive/MyDrive/all dataset/I have pain/person8/pain_8_aug_ed167dde.mp4,0
I have pain,person8,pain_8_aug_c119ec33.mp4,/content/drive/MyDrive/all dataset/I have pain/person8/pain_8_aug_c119ec33.mp4,0
I have pain,person8,pain_8_aug_f1678ca6.mp4,/content/drive/MyDrive/all dataset/I have pain/person8/pain_8_aug_f1678ca6.mp4,0
I have pain,person8,pain_8_aug_28072401.mp4,/content/drive/MyDrive/all dataset/I have pain/person8/pain_8_aug_28072401.mp4,0
I have pain,person8,pain_8_aug_922d0551.mp4,/content/drive/MyDrive/all dataset/I have pain/person8/pain_8_aug_922d0551.mp4,0
I have pain,person8,pain_8_aug_32fcd275.mp4,/content/drive/MyDrive/all dataset/I have pain/person8/pain_8_aug_32fcd275.mp4,0
I have pain,person9,pain_9.mp4,/content/drive/MyDrive/all dataset/I have pain/person9/pain_9.mp4,0
I have pain,person9,pain_9_aug_2.mp4,/content/drive/MyDrive/all dataset/I have pain/person9/pain_9_aug_2.mp4,0
I have pain,person9,pain_9_aug_4.mp4,/content/drive/MyDrive/all dataset/I have pain/person9/pain_9_aug_4.mp4,0
I have pain,person9,pain_9_aug_5.mp4,/content/drive/MyDrive/all dataset/I have pain/person9/pain_9_aug_5.mp4,0
I have pain,person9,pain_9_aug_6.mp4,/content/drive/MyDrive/all dataset/I have pain/person9/pain_9_aug_6.mp4,0
I have pain,person9,pain_9_aug_7.mp4,/content/drive/MyDrive/all dataset/I have pain/person9/pain_9_aug_7.mp4,0
I have pain,person9,pain_9_aug_8.mp4,/content/drive/MyDrive/all dataset/I have pain/person9/pain_9_aug_8.mp4,0
I have pain,person9,pain_9_aug_10.mp4,/content/drive/MyDrive/all dataset/I have pain/person9/pain_9_aug_10.mp4,0
I have pain,person9,pain_10.mp4,/content/drive/MyDrive/all dataset/I have pain/person9/pain_10.mp4,0
I have pain,person9,pain_11.mp4,/content/drive/MyDrive/all dataset/I have pain/person9/pain_11.mp4,0
I have pain,person9,pain_10_aug1.mp4,/content/drive/MyDrive/all dataset/I have pain/person9/pain_10_aug1.mp4,0
I have pain,person9,pain_11_aug1.mp4,/content/drive/MyDrive/all dataset/I have pain/person9/pain_11_aug1.mp4,0
I have pain,person9,pain_9_aug1.mp4,/content/drive/MyDrive/all dataset/I have pain/person9/pain_9_aug1.mp4,0
I have pain,person9,pain_10_aug_dd05c6c8.mp4,/content/drive/MyDrive/all dataset/I have pain/person9/pain_10_aug_dd05c6c8.mp4,0
I have pain,person9,pain_11_aug_f907ac99.mp4,/content/drive/MyDrive/all dataset/I have pain/person9/pain_11_aug_f907ac99.mp4,0
I have pain,person9,pain_9_aug_99fab4fe.mp4,/content/drive/MyDrive/all dataset/I have pain/person9/pain_9_aug_99fab4fe.mp4,0
I have pain,person9,pain_10_aug_206fe6b8.mp4,/content/drive/MyDrive/all dataset/I have pain/person9/pain_10_aug_206fe6b8.mp4,0
I have pain,person9,pain_11_aug_d7420834.mp4,/content/drive/MyDrive/all dataset/I have pain/person9/pain_11_aug_d7420834.mp4,0
I have pain,person9,pain_9_aug_4edc4506.mp4,/content/drive/MyDrive/all dataset/I have pain/person9/pain_9_aug_4edc4506.mp4,0
I have pain,person9,pain_10_aug_f5c1646c.mp4,/content/drive/MyDrive/all dataset/I have pain/person9/pain_10_aug_f5c1646c.mp4,0
I need help,person1,help_1.mp4,/content/drive/MyDrive/all dataset/I need help/person1/help_1.mp4,0
I need help,person1,help_1_aug_1.mp4,/content/drive/MyDrive/all dataset/I need help/person1/help_1_aug_1.mp4,0
I need help,person1,help_1_aug_3.mp4,/content/drive/MyDrive/all dataset/I need help/person1/help_1_aug_3.mp4,0
I need help,person1,help_1_aug_4.mp4,/content/drive/MyDrive/all dataset/I need help/person1/help_1_aug_4.mp4,0
I need help,person1,help_1_aug_6.mp4,/content/drive/MyDrive/all dataset/I need help/person1/help_1_aug_6.mp4,0
I need help,person1,help_1_aug_7.mp4,/content/drive/MyDrive/all dataset/I need help/person1/help_1_aug_7.mp4,0
I need help,person1,help_1_aug_8.mp4,/content/drive/MyDrive/all dataset/I need help/person1/help_1_aug_8.mp4,0
I need help,person1,help_1_aug_9.mp4,/content/drive/MyDrive/all dataset/I need help/person1/help_1_aug_9.mp4,0
I need help,person1,help_1_aug_10.mp4,/content/drive/MyDrive/all dataset/I need help/person1/help_1_aug_10.mp4,0
I need help,person1,help_1_aug_11.mp4,/content/drive/MyDrive/all dataset/I need help/person1/help_1_aug_11.mp4,0
I need help,person1,help_1_aug1.mp4,/content/drive/MyDrive/all dataset/I need help/person1/help_1_aug1.mp4,0
I need help,person1,help_1_aug_8ba3f0c6.mp4,/content/drive/MyDrive/all dataset/I need help/person1/help_1_aug_8ba3f0c6.mp4,0
I need help,person1,help_1_aug_1a105e65.mp4,/content/drive/MyDrive/all dataset/I need help/person1/help_1_aug_1a105e65.mp4,0
I need help,person1,help_1_aug_bec1005f.mp4,/content/drive/MyDrive/all dataset/I need help/person1/help_1_aug_bec1005f.mp4,0
I need help,person1,help_1_aug_45a0a31a.mp4,/content/drive/MyDrive/all dataset/I need help/person1/help_1_aug_45a0a31a.mp4,0
I need help,person1,help_1_aug_1d5e8e25.mp4,/content/drive/MyDrive/all dataset/I need help/person1/help_1_aug_1d5e8e25.mp4,0
I need help,person1,help_1_aug_b2d5b0f0.mp4,/content/drive/MyDrive/all dataset/I need help/person1/help_1_aug_b2d5b0f0.mp4,0
I need help,person1,help_1_aug_017da72f.mp4,/content/drive/MyDrive/all dataset/I need help/person1/help_1_aug_017da72f.mp4,0
I need help,person1,help_1_aug_40bdee88.mp4,/content/drive/MyDrive/all dataset/I need help/person1/help_1_aug_40bdee88.mp4,0
I need help,person1,help_1_aug_567beb42.mp4,/content/drive/MyDrive/all dataset/I need help/person1/help_1_aug_567beb42.mp4,0
I need help,person2,help_2.mp4,/content/drive/MyDrive/all dataset/I need help/person2/help_2.mp4,0
I need help,person2,help_2_aug_1.mp4,/content/drive/MyDrive/all dataset/I need help/person2/help_2_aug_1.mp4,0
I need help,person2,help_2_aug_2.mp4,/content/drive/MyDrive/all dataset/I need help/person2/help_2_aug_2.mp4,0
I need help,person2,help_2_aug_3.mp4,/content/drive/MyDrive/all dataset/I need help/person2/help_2_aug_3.mp4,0
I need help,person2,help_2_aug_4.mp4,/content/drive/MyDrive/all dataset/I need help/person2/help_2_aug_4.mp4,0
I need help,person2,help_2_aug_5.mp4,/content/drive/MyDrive/all dataset/I need help/person2/help_2_aug_5.mp4,0
I need help,person2,help_2_aug_6.mp4,/content/drive/MyDrive/all dataset/I need help/person2/help_2_aug_6.mp4,0
I need help,person2,help_2_aug_9.mp4,/content/drive/MyDrive/all dataset/I need help/person2/help_2_aug_9.mp4,0
I need help,person2,help_2_aug_10.mp4,/content/drive/MyDrive/all dataset/I need help/person2/help_2_aug_10.mp4,0
I need help,person2,help_2_aug_11.mp4,/content/drive/MyDrive/all dataset/I need help/person2/help_2_aug_11.mp4,0
I need help,person2,help_2_aug1.mp4,/content/drive/MyDrive/all dataset/I need help/person2/help_2_aug1.mp4,0
I need help,person2,help_2_aug_3ba71160.mp4,/content/drive/MyDrive/all dataset/I need help/person2/help_2_aug_3ba71160.mp4,0
I need help,person2,help_2_aug_8e94664f.mp4,/content/drive/MyDrive/all dataset/I need help/person2/help_2_aug_8e94664f.mp4,0
I need help,person2,help_2_aug_5aa68de5.mp4,/content/drive/MyDrive/all dataset/I need help/person2/help_2_aug_5aa68de5.mp4,0
I need help,person2,help_2_aug_005ca2e9.mp4,/content/drive/MyDrive/all dataset/I need help/person2/help_2_aug_005ca2e9.mp4,0
I need help,person2,help_2_aug_8bddca28.mp4,/content/drive/MyDrive/all dataset/I need help/person2/help_2_aug_8bddca28.mp4,0
I need help,person2,help_2_aug_3671c574.mp4,/content/drive/MyDrive/all dataset/I need help/person2/help_2_aug_3671c574.mp4,0
I need help,person2,help_2_aug_754657dd.mp4,/content/drive/MyDrive/all dataset/I need help/person2/help_2_aug_754657dd.mp4,0
I need help,person2,help_2_aug_6e4a44b9.mp4,/content/drive/MyDrive/all dataset/I need help/person2/help_2_aug_6e4a44b9.mp4,0
I need help,person2,help_2_aug_370628ae.mp4,/content/drive/MyDrive/all dataset/I need help/person2/help_2_aug_370628ae.mp4,0
I need help,person3,help_3.mp4,/content/drive/MyDrive/all dataset/I need help/person3/help_3.mp4,0
I need help,person3,help_3_aug_1.mp4,/content/drive/MyDrive/all dataset/I need help/person3/help_3_aug_1.mp4,0
I need help,person3,help_3_aug_2.mp4,/content/drive/MyDrive/all dataset/I need help/person3/help_3_aug_2.mp4,0
I need help,person3,help_3_aug_3.mp4,/content/drive/MyDrive/all dataset/I need help/person3/help_3_aug_3.mp4,0
I need help,person3,help_3_aug_4.mp4,/content/drive/MyDrive/all dataset/I need help/person3/help_3_aug_4.mp4,0
I need help,person3,help_3_aug_5.mp4,/content/drive/MyDrive/all dataset/I need help/person3/help_3_aug_5.mp4,0
I need help,person3,help_3_aug_8.mp4,/content/drive/MyDrive/all dataset/I need help/person3/help_3_aug_8.mp4,0
I need help,person3,help_3_aug_9.mp4,/content/drive/MyDrive/all dataset/I need help/person3/help_3_aug_9.mp4,0
I need help,person3,help_3_aug_10.mp4,/content/drive/MyDrive/all dataset/I need help/person3/help_3_aug_10.mp4,0
I need help,person3,help_3_aug_11.mp4,/content/drive/MyDrive/all dataset/I need help/person3/help_3_aug_11.mp4,0
I need help,person3,help_3_aug1.mp4,/content/drive/MyDrive/all dataset/I need help/person3/help_3_aug1.mp4,0
I need help,person3,help_3_aug_91fb73b1.mp4,/content/drive/MyDrive/all dataset/I need help/person3/help_3_aug_91fb73b1.mp4,0
I need help,person3,help_3_aug_e7f2c0e4.mp4,/content/drive/MyDrive/all dataset/I need help/person3/help_3_aug_e7f2c0e4.mp4,0
I need help,person3,help_3_aug_9da2f555.mp4,/content/drive/MyDrive/all dataset/I need help/person3/help_3_aug_9da2f555.mp4,0
I need help,person3,help_3_aug_c9a0e3d7.mp4,/content/drive/MyDrive/all dataset/I need help/person3/help_3_aug_c9a0e3d7.mp4,0
I need help,person3,help_3_aug_a7ec8ef3.mp4,/content/drive/MyDrive/all dataset/I need help/person3/help_3_aug_a7ec8ef3.mp4,0
I need help,person3,help_3_aug_083b1424.mp4,/content/drive/MyDrive/all dataset/I need help/person3/help_3_aug_083b1424.mp4,0
I need help,person3,help_3_aug_a762a7c0.mp4,/content/drive/MyDrive/all dataset/I need help/person3/help_3_aug_a762a7c0.mp4,0
I need help,person3,help_3_aug_d32d2aa8.mp4,/content/drive/MyDrive/all dataset/I need help/person3/help_3_aug_d32d2aa8.mp4,0
I need help,person3,help_3_aug_0ab9b208.mp4,/content/drive/MyDrive/all dataset/I need help/person3/help_3_aug_0ab9b208.mp4,0
I need help,person4,help_4.mp4,/content/drive/MyDrive/all dataset/I need help/person4/help_4.mp4,0
I need help,person4,help_4_aug_1.mp4,/content/drive/MyDrive/all dataset/I need help/person4/help_4_aug_1.mp4,0
I need help,person4,help_4_aug_4.mp4,/content/drive/MyDrive/all dataset/I need help/person4/help_4_aug_4.mp4,0
I need help,person4,help_4_aug_5.mp4,/content/drive/MyDrive/all dataset/I need help/person4/help_4_aug_5.mp4,0
I need help,person4,help_4_aug_6.mp4,/content/drive/MyDrive/all dataset/I need help/person4/help_4_aug_6.mp4,0
I need help,person4,help_4_aug_7.mp4,/content/drive/MyDrive/all dataset/I need help/person4/help_4_aug_7.mp4,0
I need help,person4,help_4_aug_8.mp4,/content/drive/MyDrive/all dataset/I need help/person4/help_4_aug_8.mp4,0
I need help,person4,help_4_aug_9.mp4,/content/drive/MyDrive/all dataset/I need help/person4/help_4_aug_9.mp4,0
I need help,person4,help_4_aug_10.mp4,/content/drive/MyDrive/all dataset/I need help/person4/help_4_aug_10.mp4,0
I need help,person4,help_4_aug_11.mp4,/content/drive/MyDrive/all dataset/I need help/person4/help_4_aug_11.mp4,0
I need help,person4,help_4_aug1.mp4,/content/drive/MyDrive/all dataset/I need help/person4/help_4_aug1.mp4,0
I need help,person4,help_4_aug_363bfd82.mp4,/content/drive/MyDrive/all dataset/I need help/person4/help_4_aug_363bfd82.mp4,0
I need help,person4,help_4_aug_75d0f6c5.mp4,/content/drive/MyDrive/all dataset/I need help/person4/help_4_aug_75d0f6c5.mp4,0
I need help,person4,help_4_aug_b1df4286.mp4,/content/drive/MyDrive/all dataset/I need help/person4/help_4_aug_b1df4286.mp4,0
I need help,person4,help_4_aug_faa99610.mp4,/content/drive/MyDrive/all dataset/I need help/person4/help_4_aug_faa99610.mp4,0
I need help,person4,help_4_aug_032a886c.mp4,/content/drive/MyDrive/all dataset/I need help/person4/help_4_aug_032a886c.mp4,0
I need help,person4,help_4_aug_0ecf486f.mp4,/content/drive/MyDrive/all dataset/I need help/person4/help_4_aug_0ecf486f.mp4,0
I need help,person4,help_4_aug_422a6856.mp4,/content/drive/MyDrive/all dataset/I need help/person4/help_4_aug_422a6856.mp4,0
I need help,person4,help_4_aug_63130e31.mp4,/content/drive/MyDrive/all dataset/I need help/person4/help_4_aug_63130e31.mp4,0
I need help,person4,help_4_aug_93d2ca61.mp4,/content/drive/MyDrive/all dataset/I need help/person4/help_4_aug_93d2ca61.mp4,0
I need help,person5,help_5.mp4,/content/drive/MyDrive/all dataset/I need help/person5/help_5.mp4,0
I need help,person5,help_5_aug_1.mp4,/content/drive/MyDrive/all dataset/I need help/person5/help_5_aug_1.mp4,0
I need help,person5,help_5_aug_2.mp4,/content/drive/MyDrive/all dataset/I need help/person5/help_5_aug_2.mp4,0
I need help,person5,help_5_aug_3.mp4,/content/drive/MyDrive/all dataset/I need help/person5/help_5_aug_3.mp4,0
I need help,person5,help_5_aug_4.mp4,/content/drive/MyDrive/all dataset/I need help/person5/help_5_aug_4.mp4,0
I need help,person5,help_5_aug_5.mp4,/content/drive/MyDrive/all dataset/I need help/person5/help_5_aug_5.mp4,0
I need help,person5,help_5_aug_6.mp4,/content/drive/MyDrive/all dataset/I need help/person5/help_5_aug_6.mp4,0
I need help,person5,help_5_aug_7.mp4,/content/drive/MyDrive/all dataset/I need help/person5/help_5_aug_7.mp4,0
I need help,person5,help_5_aug_9.mp4,/content/drive/MyDrive/all dataset/I need help/person5/help_5_aug_9.mp4,0
I need help,person5,help_5_aug_10.mp4,/content/drive/MyDrive/all dataset/I need help/person5/help_5_aug_10.mp4,0
I need help,person5,help_5_aug1.mp4,/content/drive/MyDrive/all dataset/I need help/person5/help_5_aug1.mp4,0
I need help,person5,help_5_aug_d7e83ec9.mp4,/content/drive/MyDrive/all dataset/I need help/person5/help_5_aug_d7e83ec9.mp4,0
I need help,person5,help_5_aug_b715e5bd.mp4,/content/drive/MyDrive/all dataset/I need help/person5/help_5_aug_b715e5bd.mp4,0
I need help,person5,help_5_aug_b3b7c0b7.mp4,/content/drive/MyDrive/all dataset/I need help/person5/help_5_aug_b3b7c0b7.mp4,0
I need help,person5,help_5_aug_16e7f16a.mp4,/content/drive/MyDrive/all dataset/I need help/person5/help_5_aug_16e7f16a.mp4,0
I need help,person5,help_5_aug_f91b12b1.mp4,/content/drive/MyDrive/all dataset/I need help/person5/help_5_aug_f91b12b1.mp4,0
I need help,person5,help_5_aug_deffe7b0.mp4,/content/drive/MyDrive/all dataset/I need help/person5/help_5_aug_deffe7b0.mp4,0
I need help,person5,help_5_aug_14d2da02.mp4,/content/drive/MyDrive/all dataset/I need help/person5/help_5_aug_14d2da02.mp4,0
I need help,person5,help_5_aug_7a597dca.mp4,/content/drive/MyDrive/all dataset/I need help/person5/help_5_aug_7a597dca.mp4,0
I need help,person5,help_5_aug_82a7deec.mp4,/content/drive/MyDrive/all dataset/I need help/person5/help_5_aug_82a7deec.mp4,0
I need help,person6,help_6.mp4,/content/drive/MyDrive/all dataset/I need help/person6/help_6.mp4,0
I need help,person6,help_6_aug_1.mp4,/content/drive/MyDrive/all dataset/I need help/person6/help_6_aug_1.mp4,0
I need help,person6,help_6_aug_2.mp4,/content/drive/MyDrive/all dataset/I need help/person6/help_6_aug_2.mp4,0
I need help,person6,help_6_aug_4.mp4,/content/drive/MyDrive/all dataset/I need help/person6/help_6_aug_4.mp4,0
I need help,person6,help_6_aug_5.mp4,/content/drive/MyDrive/all dataset/I need help/person6/help_6_aug_5.mp4,0
I need help,person6,help_6_aug_6.mp4,/content/drive/MyDrive/all dataset/I need help/person6/help_6_aug_6.mp4,0
I need help,person6,help_6_aug_7.mp4,/content/drive/MyDrive/all dataset/I need help/person6/help_6_aug_7.mp4,0
I need help,person6,help_6_aug_8.mp4,/content/drive/MyDrive/all dataset/I need help/person6/help_6_aug_8.mp4,0
I need help,person6,help_6_aug_10.mp4,/content/drive/MyDrive/all dataset/I need help/person6/help_6_aug_10.mp4,0
I need help,person6,help_6_aug_11.mp4,/content/drive/MyDrive/all dataset/I need help/person6/help_6_aug_11.mp4,0
I need help,person6,help_6_aug1.mp4,/content/drive/MyDrive/all dataset/I need help/person6/help_6_aug1.mp4,0
I need help,person6,help_6_aug_c6694fbf.mp4,/content/drive/MyDrive/all dataset/I need help/person6/help_6_aug_c6694fbf.mp4,0
I need help,person6,help_6_aug_ca175663.mp4,/content/drive/MyDrive/all dataset/I need help/person6/help_6_aug_ca175663.mp4,0
I need help,person6,help_6_aug_25bc5054.mp4,/content/drive/MyDrive/all dataset/I need help/person6/help_6_aug_25bc5054.mp4,0
I need help,person6,help_6_aug_36080fd1.mp4,/content/drive/MyDrive/all dataset/I need help/person6/help_6_aug_36080fd1.mp4,0
I need help,person6,help_6_aug_6fc429e1.mp4,/content/drive/MyDrive/all dataset/I need help/person6/help_6_aug_6fc429e1.mp4,0
I need help,person6,help_6_aug_12d41cc2.mp4,/content/drive/MyDrive/all dataset/I need help/person6/help_6_aug_12d41cc2.mp4,0
I need help,person6,help_6_aug_4f7f1ca9.mp4,/content/drive/MyDrive/all dataset/I need help/person6/help_6_aug_4f7f1ca9.mp4,0
I need help,person6,help_6_aug_8c849e12.mp4,/content/drive/MyDrive/all dataset/I need help/person6/help_6_aug_8c849e12.mp4,0
I need help,person6,help_6_aug_805f57c6.mp4,/content/drive/MyDrive/all dataset/I need help/person6/help_6_aug_805f57c6.mp4,0
I need help,person7,help_7.mp4,/content/drive/MyDrive/all dataset/I need help/person7/help_7.mp4,0
I need help,person7,help_7_aug_4.mp4,/content/drive/MyDrive/all dataset/I need help/person7/help_7_aug_4.mp4,0
I need help,person7,help_7_aug_5.mp4,/content/drive/MyDrive/all dataset/I need help/person7/help_7_aug_5.mp4,0
I need help,person7,help_7_aug_6.mp4,/content/drive/MyDrive/all dataset/I need help/person7/help_7_aug_6.mp4,0
I need help,person7,help_7_aug_7.mp4,/content/drive/MyDrive/all dataset/I need help/person7/help_7_aug_7.mp4,0
I need help,person7,help_7_aug_8.mp4,/content/drive/MyDrive/all dataset/I need help/person7/help_7_aug_8.mp4,0
I need help,person7,help_7_aug_9.mp4,/content/drive/MyDrive/all dataset/I need help/person7/help_7_aug_9.mp4,0
I need help,person7,help_7_aug_11.mp4,/content/drive/MyDrive/all dataset/I need help/person7/help_7_aug_11.mp4,0
I need help,person7,help_10.mp4,/content/drive/MyDrive/all dataset/I need help/person7/help_10.mp4,0
I need help,person7,help_11.mp4,/content/drive/MyDrive/all dataset/I need help/person7/help_11.mp4,0
I need help,person7,help_10_aug1.mp4,/content/drive/MyDrive/all dataset/I need help/person7/help_10_aug1.mp4,0
I need help,person7,help_11_aug1.mp4,/content/drive/MyDrive/all dataset/I need help/person7/help_11_aug1.mp4,0
I need help,person7,help_7_aug1.mp4,/content/drive/MyDrive/all dataset/I need help/person7/help_7_aug1.mp4,0
I need help,person7,help_10_aug_139a797b.mp4,/content/drive/MyDrive/all dataset/I need help/person7/help_10_aug_139a797b.mp4,0
I need help,person7,help_11_aug_e2aaeffc.mp4,/content/drive/MyDrive/all dataset/I need help/person7/help_11_aug_e2aaeffc.mp4,0
I need help,person7,help_7_aug_d34844dc.mp4,/content/drive/MyDrive/all dataset/I need help/person7/help_7_aug_d34844dc.mp4,0
I need help,person7,help_10_aug_7778275c.mp4,/content/drive/MyDrive/all dataset/I need help/person7/help_10_aug_7778275c.mp4,0
I need help,person7,help_11_aug_f5693db8.mp4,/content/drive/MyDrive/all dataset/I need help/person7/help_11_aug_f5693db8.mp4,0
I need help,person7,help_7_aug_28c8a7e7.mp4,/content/drive/MyDrive/all dataset/I need help/person7/help_7_aug_28c8a7e7.mp4,0
I need help,person7,help_10_aug_925de9f4.mp4,/content/drive/MyDrive/all dataset/I need help/person7/help_10_aug_925de9f4.mp4,0
I need help,person8,help_8.mp4,/content/drive/MyDrive/all dataset/I need help/person8/help_8.mp4,0
I need help,person8,help_8_aug_1.mp4,/content/drive/MyDrive/all dataset/I need help/person8/help_8_aug_1.mp4,0
I need help,person8,help_8_aug_2.mp4,/content/drive/MyDrive/all dataset/I need help/person8/help_8_aug_2.mp4,0
I need help,person8,help_8_aug_3.mp4,/content/drive/MyDrive/all dataset/I need help/person8/help_8_aug_3.mp4,0
I need help,person8,help_8_aug_4.mp4,/content/drive/MyDrive/all dataset/I need help/person8/help_8_aug_4.mp4,0
I need help,person8,help_8_aug_5.mp4,/content/drive/MyDrive/all dataset/I need help/person8/help_8_aug_5.mp4,0
I need help,person8,help_8_aug_6.mp4,/content/drive/MyDrive/all dataset/I need help/person8/help_8_aug_6.mp4,0
I need help,person8,help_8_aug_7.mp4,/content/drive/MyDrive/all dataset/I need help/person8/help_8_aug_7.mp4,0
I need help,person8,help_8_aug_9.mp4,/content/drive/MyDrive/all dataset/I need help/person8/help_8_aug_9.mp4,0
I need help,person8,help_8_aug_11.mp4,/content/drive/MyDrive/all dataset/I need help/person8/help_8_aug_11.mp4,0
I need help,person8,help_8_aug1.mp4,/content/drive/MyDrive/all dataset/I need help/person8/help_8_aug1.mp4,0
I need help,person8,help_8_aug_1f3ef2d0.mp4,/content/drive/MyDrive/all dataset/I need help/person8/help_8_aug_1f3ef2d0.mp4,0
I need help,person8,help_8_aug_fc5ae128.mp4,/content/drive/MyDrive/all dataset/I need help/person8/help_8_aug_fc5ae128.mp4,0
I need help,person8,help_8_aug_b47030c4.mp4,/content/drive/MyDrive/all dataset/I need help/person8/help_8_aug_b47030c4.mp4,0
I need help,person8,help_8_aug_9e550a59.mp4,/content/drive/MyDrive/all dataset/I need help/person8/help_8_aug_9e550a59.mp4,0
I need help,person8,help_8_aug_85029422.mp4,/content/drive/MyDrive/all dataset/I need help/person8/help_8_aug_85029422.mp4,0
I need help,person8,help_8_aug_88ef7631.mp4,/content/drive/MyDrive/all dataset/I need help/person8/help_8_aug_88ef7631.mp4,0
I need help,person8,help_8_aug_a313d539.mp4,/content/drive/MyDrive/all dataset/I need help/person8/help_8_aug_a313d539.mp4,0
I need help,person8,help_8_aug_e09a8738.mp4,/content/drive/MyDrive/all dataset/I need help/person8/help_8_aug_e09a8738.mp4,0
I need help,person8,help_8_aug_2c0b4c50.mp4,/content/drive/MyDrive/all dataset/I need help/person8/help_8_aug_2c0b4c50.mp4,0
I need help,person9,help_9.mp4,/content/drive/MyDrive/all dataset/I need help/person9/help_9.mp4,0
I need help,person9,help_9_aug_1.mp4,/content/drive/MyDrive/all dataset/I need help/person9/help_9_aug_1.mp4,0
I need help,person9,help_9_aug_3.mp4,/content/drive/MyDrive/all dataset/I need help/person9/help_9_aug_3.mp4,0
I need help,person9,help_9_aug_4.mp4,/content/drive/MyDrive/all dataset/I need help/person9/help_9_aug_4.mp4,0
I need help,person9,help_9_aug_5.mp4,/content/drive/MyDrive/all dataset/I need help/person9/help_9_aug_5.mp4,0
I need help,person9,help_9_aug_6.mp4,/content/drive/MyDrive/all dataset/I need help/person9/help_9_aug_6.mp4,0
I need help,person9,help_9_aug_7.mp4,/content/drive/MyDrive/all dataset/I need help/person9/help_9_aug_7.mp4,0
I need help,person9,help_9_aug_9.mp4,/content/drive/MyDrive/all dataset/I need help/person9/help_9_aug_9.mp4,0
I need help,person9,help_9_aug_10.mp4,/content/drive/MyDrive/all dataset/I need help/person9/help_9_aug_10.mp4,0
I need help,person9,help_9_aug_11.mp4,/content/drive/MyDrive/all dataset/I need help/person9/help_9_aug_11.mp4,0
I need help,person9,help_9_aug1.mp4,/content/drive/MyDrive/all dataset/I need help/person9/help_9_aug1.mp4,0
I need help,person9,help_9_aug_471c0ab6.mp4,/content/drive/MyDrive/all dataset/I need help/person9/help_9_aug_471c0ab6.mp4,0
I need help,person9,help_9_aug_6622092e.mp4,/content/drive/MyDrive/all dataset/I need help/person9/help_9_aug_6622092e.mp4,0
I need help,person9,help_9_aug_f2b50412.mp4,/content/drive/MyDrive/all dataset/I need help/person9/help_9_aug_f2b50412.mp4,0
I need help,person9,help_9_aug_f84f1452.mp4,/content/drive/MyDrive/all dataset/I need help/person9/help_9_aug_f84f1452.mp4,0
I need help,person9,help_9_aug_5be4639b.mp4,/content/drive/MyDrive/all dataset/I need help/person9/help_9_aug_5be4639b.mp4,0
I need help,person9,help_9_aug_bf039702.mp4,/content/drive/MyDrive/all dataset/I need help/person9/help_9_aug_bf039702.mp4,0
I need help,person9,help_9_aug_9d2852d9.mp4,/content/drive/MyDrive/all dataset/I need help/person9/help_9_aug_9d2852d9.mp4,0
I need help,person9,help_9_aug_8189dc7e.mp4,/content/drive/MyDrive/all dataset/I need help/person9/help_9_aug_8189dc7e.mp4,0
I need help,person9,help_9_aug_09568275.mp4,/content/drive/MyDrive/all dataset/I need help/person9/help_9_aug_09568275.mp4,0
I will rest,person1,rest_1.mp4,/content/drive/MyDrive/all dataset/I will rest/person1/rest_1.mp4,0
I will rest,person1,rest_1_aug_1.mp4,/content/drive/MyDrive/all dataset/I will rest/person1/rest_1_aug_1.mp4,0
I will rest,person1,rest_1_aug_3.mp4,/content/drive/MyDrive/all dataset/I will rest/person1/rest_1_aug_3.mp4,0
I will rest,person1,rest_1_aug_4.mp4,/content/drive/MyDrive/all dataset/I will rest/person1/rest_1_aug_4.mp4,0
I will rest,person1,rest_1_aug_5.mp4,/content/drive/MyDrive/all dataset/I will rest/person1/rest_1_aug_5.mp4,0
I will rest,person1,rest_1_aug_6.mp4,/content/drive/MyDrive/all dataset/I will rest/person1/rest_1_aug_6.mp4,0
I will rest,person1,rest_1_aug_7.mp4,/content/drive/MyDrive/all dataset/I will rest/person1/rest_1_aug_7.mp4,0
I will rest,person1,rest_1_aug_8.mp4,/content/drive/MyDrive/all dataset/I will rest/person1/rest_1_aug_8.mp4,0
I will rest,person1,rest_1_aug_9.mp4,/content/drive/MyDrive/all dataset/I will rest/person1/rest_1_aug_9.mp4,0
I will rest,person1,rest_1_aug_10.mp4,/content/drive/MyDrive/all dataset/I will rest/person1/rest_1_aug_10.mp4,0
I will rest,person1,rest_1_aug1.mp4,/content/drive/MyDrive/all dataset/I will rest/person1/rest_1_aug1.mp4,0
I will rest,person1,rest_1_aug_e0f66de8.mp4,/content/drive/MyDrive/all dataset/I will rest/person1/rest_1_aug_e0f66de8.mp4,0
I will rest,person1,rest_1_aug_ab9eabd2.mp4,/content/drive/MyDrive/all dataset/I will rest/person1/rest_1_aug_ab9eabd2.mp4,0
I will rest,person1,rest_1_aug_1609ab61.mp4,/content/drive/MyDrive/all dataset/I will rest/person1/rest_1_aug_1609ab61.mp4,0
I will rest,person1,rest_1_aug_87671b58.mp4,/content/drive/MyDrive/all dataset/I will rest/person1/rest_1_aug_87671b58.mp4,0
I will rest,person1,rest_1_aug_b42678a7.mp4,/content/drive/MyDrive/all dataset/I will rest/person1/rest_1_aug_b42678a7.mp4,0
I will rest,person1,rest_1_aug_469ee7cd.mp4,/content/drive/MyDrive/all dataset/I will rest/person1/rest_1_aug_469ee7cd.mp4,0
I will rest,person1,rest_1_aug_cd922fe0.mp4,/content/drive/MyDrive/all dataset/I will rest/person1/rest_1_aug_cd922fe0.mp4,0
I will rest,person1,rest_1_aug_173f52bf.mp4,/content/drive/MyDrive/all dataset/I will rest/person1/rest_1_aug_173f52bf.mp4,0
I will rest,person1,rest_1_aug_c18f23b5.mp4,/content/drive/MyDrive/all dataset/I will rest/person1/rest_1_aug_c18f23b5.mp4,0
I will rest,person2,rest_2.mp4,/content/drive/MyDrive/all dataset/I will rest/person2/rest_2.mp4,0
I will rest,person2,rest_2_aug_1.mp4,/content/drive/MyDrive/all dataset/I will rest/person2/rest_2_aug_1.mp4,0
I will rest,person2,rest_2_aug_2.mp4,/content/drive/MyDrive/all dataset/I will rest/person2/rest_2_aug_2.mp4,0
I will rest,person2,rest_2_aug_4.mp4,/content/drive/MyDrive/all dataset/I will rest/person2/rest_2_aug_4.mp4,0
I will rest,person2,rest_2_aug_5.mp4,/content/drive/MyDrive/all dataset/I will rest/person2/rest_2_aug_5.mp4,0
I will rest,person2,rest_2_aug_6.mp4,/content/drive/MyDrive/all dataset/I will rest/person2/rest_2_aug_6.mp4,0
I will rest,person2,rest_2_aug_7.mp4,/content/drive/MyDrive/all dataset/I will rest/person2/rest_2_aug_7.mp4,0
I will rest,person2,rest_2_aug_8.mp4,/content/drive/MyDrive/all dataset/I will rest/person2/rest_2_aug_8.mp4,0
I will rest,person2,rest_2_aug_10.mp4,/content/drive/MyDrive/all dataset/I will rest/person2/rest_2_aug_10.mp4,0
I will rest,person2,rest_2_aug_11.mp4,/content/drive/MyDrive/all dataset/I will rest/person2/rest_2_aug_11.mp4,0
I will rest,person2,rest_2_aug1.mp4,/content/drive/MyDrive/all dataset/I will rest/person2/rest_2_aug1.mp4,0
I will rest,person2,rest_2_aug_ee994b25.mp4,/content/drive/MyDrive/all dataset/I will rest/person2/rest_2_aug_ee994b25.mp4,0
I will rest,person2,rest_2_aug_0b39f50b.mp4,/content/drive/MyDrive/all dataset/I will rest/person2/rest_2_aug_0b39f50b.mp4,0
I will rest,person2,rest_2_aug_02e6c5e9.mp4,/content/drive/MyDrive/all dataset/I will rest/person2/rest_2_aug_02e6c5e9.mp4,0
I will rest,person2,rest_2_aug_33d18f67.mp4,/content/drive/MyDrive/all dataset/I will rest/person2/rest_2_aug_33d18f67.mp4,0
I will rest,person2,rest_2_aug_c0ac37ab.mp4,/content/drive/MyDrive/all dataset/I will rest/person2/rest_2_aug_c0ac37ab.mp4,0
I will rest,person2,rest_2_aug_d2c5a217.mp4,/content/drive/MyDrive/all dataset/I will rest/person2/rest_2_aug_d2c5a217.mp4,0
I will rest,person2,rest_2_aug_fd8b521b.mp4,/content/drive/MyDrive/all dataset/I will rest/person2/rest_2_aug_fd8b521b.mp4,0
I will rest,person2,rest_2_aug_72bede30.mp4,/content/drive/MyDrive/all dataset/I will rest/person2/rest_2_aug_72bede30.mp4,0
I will rest,person2,rest_2_aug_5c007dc7.mp4,/content/drive/MyDrive/all dataset/I will rest/person2/rest_2_aug_5c007dc7.mp4,0
I will rest,person3,rest_3.mp4,/content/drive/MyDrive/all dataset/I will rest/person3/rest_3.mp4,0
I will rest,person3,rest_3_aug_2.mp4,/content/drive/MyDrive/all dataset/I will rest/person3/rest_3_aug_2.mp4,0
I will rest,person3,rest_3_aug_3.mp4,/content/drive/MyDrive/all dataset/I will rest/person3/rest_3_aug_3.mp4,0
I will rest,person3,rest_3_aug_4.mp4,/content/drive/MyDrive/all dataset/I will rest/person3/rest_3_aug_4.mp4,0
I will rest,person3,rest_3_aug_5.mp4,/content/drive/MyDrive/all dataset/I will rest/person3/rest_3_aug_5.mp4,0
I will rest,person3,rest_3_aug_7.mp4,/content/drive/MyDrive/all dataset/I will rest/person3/rest_3_aug_7.mp4,0
I will rest,person3,rest_3_aug_8.mp4,/content/drive/MyDrive/all dataset/I will rest/person3/rest_3_aug_8.mp4,0
I will rest,person3,rest_3_aug_9.mp4,/content/drive/MyDrive/all dataset/I will rest/person3/rest_3_aug_9.mp4,0
I will rest,person3,rest_3_aug_10.mp4,/content/drive/MyDrive/all dataset/I will rest/person3/rest_3_aug_10.mp4,0
I will rest,person3,rest_3_aug_11.mp4,/content/drive/MyDrive/all dataset/I will rest/person3/rest_3_aug_11.mp4,0
I will rest,person3,rest_3_aug1.mp4,/content/drive/MyDrive/all dataset/I will rest/person3/rest_3_aug1.mp4,0
I will rest,person3,rest_3_aug_fe32721d.mp4,/content/drive/MyDrive/all dataset/I will rest/person3/rest_3_aug_fe32721d.mp4,0
I will rest,person3,rest_3_aug_9fd45ee8.mp4,/content/drive/MyDrive/all dataset/I will rest/person3/rest_3_aug_9fd45ee8.mp4,0
I will rest,person3,rest_3_aug_97c1ef2b.mp4,/content/drive/MyDrive/all dataset/I will rest/person3/rest_3_aug_97c1ef2b.mp4,0
I will rest,person3,rest_3_aug_1a695900.mp4,/content/drive/MyDrive/all dataset/I will rest/person3/rest_3_aug_1a695900.mp4,0
I will rest,person3,rest_3_aug_8bc670f8.mp4,/content/drive/MyDrive/all dataset/I will rest/person3/rest_3_aug_8bc670f8.mp4,0
I will rest,person3,rest_3_aug_1d61df24.mp4,/content/drive/MyDrive/all dataset/I will rest/person3/rest_3_aug_1d61df24.mp4,0
I will rest,person3,rest_3_aug_555e5e51.mp4,/content/drive/MyDrive/all dataset/I will rest/person3/rest_3_aug_555e5e51.mp4,0
I will rest,person3,rest_3_aug_c0bec335.mp4,/content/drive/MyDrive/all dataset/I will rest/person3/rest_3_aug_c0bec335.mp4,0
I will rest,person3,rest_3_aug_a6763380.mp4,/content/drive/MyDrive/all dataset/I will rest/person3/rest_3_aug_a6763380.mp4,0
I will rest,person4,rest_4.mp4,/content/drive/MyDrive/all dataset/I will rest/person4/rest_4.mp4,0
I will rest,person4,rest_4_aug_1.mp4,/content/drive/MyDrive/all dataset/I will rest/person4/rest_4_aug_1.mp4,0
I will rest,person4,rest_4_aug_2.mp4,/content/drive/MyDrive/all dataset/I will rest/person4/rest_4_aug_2.mp4,0
I will rest,person4,rest_4_aug_3.mp4,/content/drive/MyDrive/all dataset/I will rest/person4/rest_4_aug_3.mp4,0
I will rest,person4,rest_4_aug_4.mp4,/content/drive/MyDrive/all dataset/I will rest/person4/rest_4_aug_4.mp4,0
I will rest,person4,rest_4_aug_5.mp4,/content/drive/MyDrive/all dataset/I will rest/person4/rest_4_aug_5.mp4,0
I will rest,person4,rest_4_aug_6.mp4,/content/drive/MyDrive/all dataset/I will rest/person4/rest_4_aug_6.mp4,0
I will rest,person4,rest_4_aug_7.mp4,/content/drive/MyDrive/all dataset/I will rest/person4/rest_4_aug_7.mp4,0
I will rest,person4,rest_4_aug_8.mp4,/content/drive/MyDrive/all dataset/I will rest/person4/rest_4_aug_8.mp4,0
I will rest,person4,rest_4_aug_11.mp4,/content/drive/MyDrive/all dataset/I will rest/person4/rest_4_aug_11.mp4,0
I will rest,person4,rest_4_aug1.mp4,/content/drive/MyDrive/all dataset/I will rest/person4/rest_4_aug1.mp4,0
I will rest,person4,rest_4_aug_bd8f672f.mp4,/content/drive/MyDrive/all dataset/I will rest/person4/rest_4_aug_bd8f672f.mp4,0
I will rest,person4,rest_4_aug_c3ada932.mp4,/content/drive/MyDrive/all dataset/I will rest/person4/rest_4_aug_c3ada932.mp4,0
I will rest,person4,rest_4_aug_8276b0d5.mp4,/content/drive/MyDrive/all dataset/I will rest/person4/rest_4_aug_8276b0d5.mp4,0
I will rest,person4,rest_4_aug_edf06683.mp4,/content/drive/MyDrive/all dataset/I will rest/person4/rest_4_aug_edf06683.mp4,0
I will rest,person4,rest_4_aug_00eab0a2.mp4,/content/drive/MyDrive/all dataset/I will rest/person4/rest_4_aug_00eab0a2.mp4,0
I will rest,person4,rest_4_aug_daa8b629.mp4,/content/drive/MyDrive/all dataset/I will rest/person4/rest_4_aug_daa8b629.mp4,0
I will rest,person4,rest_4_aug_35080072.mp4,/content/drive/MyDrive/all dataset/I will rest/person4/rest_4_aug_35080072.mp4,0
I will rest,person4,rest_4_aug_c1c877f7.mp4,/content/drive/MyDrive/all dataset/I will rest/person4/rest_4_aug_c1c877f7.mp4,0
I will rest,person4,rest_4_aug_1eeff14f.mp4,/content/drive/MyDrive/all dataset/I will rest/person4/rest_4_aug_1eeff14f.mp4,0
I will rest,person5,rest_5.mp4,/content/drive/MyDrive/all dataset/I will rest/person5/rest_5.mp4,0
I will rest,person5,rest_5_aug_1.mp4,/content/drive/MyDrive/all dataset/I will rest/person5/rest_5_aug_1.mp4,0
I will rest,person5,rest_5_aug_2.mp4,/content/drive/MyDrive/all dataset/I will rest/person5/rest_5_aug_2.mp4,0
I will rest,person5,rest_5_aug_3.mp4,/content/drive/MyDrive/all dataset/I will rest/person5/rest_5_aug_3.mp4,0
I will rest,person5,rest_5_aug_5.mp4,/content/drive/MyDrive/all dataset/I will rest/person5/rest_5_aug_5.mp4,0
I will rest,person5,rest_5_aug_6.mp4,/content/drive/MyDrive/all dataset/I will rest/person5/rest_5_aug_6.mp4,0
I will rest,person5,rest_5_aug_7.mp4,/content/drive/MyDrive/all dataset/I will rest/person5/rest_5_aug_7.mp4,0
I will rest,person5,rest_5_aug_8.mp4,/content/drive/MyDrive/all dataset/I will rest/person5/rest_5_aug_8.mp4,0
I will rest,person5,rest_5_aug_9.mp4,/content/drive/MyDrive/all dataset/I will rest/person5/rest_5_aug_9.mp4,0
I will rest,person5,rest_5_aug_10.mp4,/content/drive/MyDrive/all dataset/I will rest/person5/rest_5_aug_10.mp4,0
I will rest,person5,rest_5_aug1.mp4,/content/drive/MyDrive/all dataset/I will rest/person5/rest_5_aug1.mp4,0
I will rest,person5,rest_5_aug_f8a6c5be.mp4,/content/drive/MyDrive/all dataset/I will rest/person5/rest_5_aug_f8a6c5be.mp4,0
I will rest,person5,rest_5_aug_c1ae5992.mp4,/content/drive/MyDrive/all dataset/I will rest/person5/rest_5_aug_c1ae5992.mp4,0
I will rest,person5,rest_5_aug_515e7487.mp4,/content/drive/MyDrive/all dataset/I will rest/person5/rest_5_aug_515e7487.mp4,0
I will rest,person5,rest_5_aug_7d5c647f.mp4,/content/drive/MyDrive/all dataset/I will rest/person5/rest_5_aug_7d5c647f.mp4,0
I will rest,person5,rest_5_aug_5bcb0122.mp4,/content/drive/MyDrive/all dataset/I will rest/person5/rest_5_aug_5bcb0122.mp4,0
I will rest,person5,rest_5_aug_11ab5a50.mp4,/content/drive/MyDrive/all dataset/I will rest/person5/rest_5_aug_11ab5a50.mp4,0
I will rest,person5,rest_5_aug_4e6380ab.mp4,/content/drive/MyDrive/all dataset/I will rest/person5/rest_5_aug_4e6380ab.mp4,0
I will rest,person5,rest_5_aug_33645fa3.mp4,/content/drive/MyDrive/all dataset/I will rest/person5/rest_5_aug_33645fa3.mp4,0
I will rest,person5,rest_5_aug_d1eb6123.mp4,/content/drive/MyDrive/all dataset/I will rest/person5/rest_5_aug_d1eb6123.mp4,0
I will rest,person6,rest_6.mp4,/content/drive/MyDrive/all dataset/I will rest/person6/rest_6.mp4,0
I will rest,person6,rest_6_aug_1.mp4,/content/drive/MyDrive/all dataset/I will rest/person6/rest_6_aug_1.mp4,0
I will rest,person6,rest_6_aug_2.mp4,/content/drive/MyDrive/all dataset/I will rest/person6/rest_6_aug_2.mp4,0
I will rest,person6,rest_6_aug_3.mp4,/content/drive/MyDrive/all dataset/I will rest/person6/rest_6_aug_3.mp4,0
I will rest,person6,rest_6_aug_4.mp4,/content/drive/MyDrive/all dataset/I will rest/person6/rest_6_aug_4.mp4,0
I will rest,person6,rest_6_aug_5.mp4,/content/drive/MyDrive/all dataset/I will rest/person6/rest_6_aug_5.mp4,0
I will rest,person6,rest_6_aug_6.mp4,/content/drive/MyDrive/all dataset/I will rest/person6/rest_6_aug_6.mp4,0
I will rest,person6,rest_6_aug_7.mp4,/content/drive/MyDrive/all dataset/I will rest/person6/rest_6_aug_7.mp4,0
I will rest,person6,rest_6_aug_8.mp4,/content/drive/MyDrive/all dataset/I will rest/person6/rest_6_aug_8.mp4,0
I will rest,person6,rest_6_aug_11.mp4,/content/drive/MyDrive/all dataset/I will rest/person6/rest_6_aug_11.mp4,0
I will rest,person6,rest_6_aug1.mp4,/content/drive/MyDrive/all dataset/I will rest/person6/rest_6_aug1.mp4,0
I will rest,person6,rest_6_aug_6d8db6be.mp4,/content/drive/MyDrive/all dataset/I will rest/person6/rest_6_aug_6d8db6be.mp4,0
I will rest,person6,rest_6_aug_ecf3ada8.mp4,/content/drive/MyDrive/all dataset/I will rest/person6/rest_6_aug_ecf3ada8.mp4,0
I will rest,person6,rest_6_aug_ce7af5ec.mp4,/content/drive/MyDrive/all dataset/I will rest/person6/rest_6_aug_ce7af5ec.mp4,0
I will rest,person6,rest_6_aug_3ed6626b.mp4,/content/drive/MyDrive/all dataset/I will rest/person6/rest_6_aug_3ed6626b.mp4,0
I will rest,person6,rest_6_aug_eac4ec9b.mp4,/content/drive/MyDrive/all dataset/I will rest/person6/rest_6_aug_eac4ec9b.mp4,0
I will rest,person6,rest_6_aug_acf9a73a.mp4,/content/drive/MyDrive/all dataset/I will rest/person6/rest_6_aug_acf9a73a.mp4,0
I will rest,person6,rest_6_aug_44fbb023.mp4,/content/drive/MyDrive/all dataset/I will rest/person6/rest_6_aug_44fbb023.mp4,0
I will rest,person6,rest_6_aug_fd86d3e1.mp4,/content/drive/MyDrive/all dataset/I will rest/person6/rest_6_aug_fd86d3e1.mp4,0
I will rest,person6,rest_6_aug_aec304c3.mp4,/content/drive/MyDrive/all dataset/I will rest/person6/rest_6_aug_aec304c3.mp4,0
I will rest,person7,rest_7.mp4,/content/drive/MyDrive/all dataset/I will rest/person7/rest_7.mp4,0
I will rest,person7,rest_7_aug_1.mp4,/content/drive/MyDrive/all dataset/I will rest/person7/rest_7_aug_1.mp4,0
I will rest,person7,rest_7_aug_2.mp4,/content/drive/MyDrive/all dataset/I will rest/person7/rest_7_aug_2.mp4,0
I will rest,person7,rest_7_aug_3.mp4,/content/drive/MyDrive/all dataset/I will rest/person7/rest_7_aug_3.mp4,0
I will rest,person7,rest_7_aug_4.mp4,/content/drive/MyDrive/all dataset/I will rest/person7/rest_7_aug_4.mp4,0
I will rest,person7,rest_7_aug_5.mp4,/content/drive/MyDrive/all dataset/I will rest/person7/rest_7_aug_5.mp4,0
I will rest,person7,rest_7_aug_6.mp4,/content/drive/MyDrive/all dataset/I will rest/person7/rest_7_aug_6.mp4,0
I will rest,person7,rest_7_aug_7.mp4,/content/drive/MyDrive/all dataset/I will rest/person7/rest_7_aug_7.mp4,0
I will rest,person7,rest_7_aug_8.mp4,/content/drive/MyDrive/all dataset/I will rest/person7/rest_7_aug_8.mp4,0
I will rest,person7,rest_7_aug_10.mp4,/content/drive/MyDrive/all dataset/I will rest/person7/rest_7_aug_10.mp4,0
I will rest,person7,rest_7_aug1.mp4,/content/drive/MyDrive/all dataset/I will rest/person7/rest_7_aug1.mp4,0
I will rest,person7,rest_7_aug_e70a98b8.mp4,/content/drive/MyDrive/all dataset/I will rest/person7/rest_7_aug_e70a98b8.mp4,0
I will rest,person7,rest_7_aug_8831a19e.mp4,/content/drive/MyDrive/all dataset/I will rest/person7/rest_7_aug_8831a19e.mp4,0
I will rest,person7,rest_7_aug_d3219e30.mp4,/content/drive/MyDrive/all dataset/I will rest/person7/rest_7_aug_d3219e30.mp4,0
I will rest,person7,rest_7_aug_1648b297.mp4,/content/drive/MyDrive/all dataset/I will rest/person7/rest_7_aug_1648b297.mp4,0
I will rest,person7,rest_7_aug_48154824.mp4,/content/drive/MyDrive/all dataset/I will rest/person7/rest_7_aug_48154824.mp4,0
I will rest,person7,rest_7_aug_24e923ff.mp4,/content/drive/MyDrive/all dataset/I will rest/person7/rest_7_aug_24e923ff.mp4,0
I will rest,person7,rest_7_aug_f8ec0968.mp4,/content/drive/MyDrive/all dataset/I will rest/person7/rest_7_aug_f8ec0968.mp4,0
I will rest,person7,rest_7_aug_76fc8174.mp4,/content/drive/MyDrive/all dataset/I will rest/person7/rest_7_aug_76fc8174.mp4,0
I will rest,person7,rest_7_aug_00371ad4.mp4,/content/drive/MyDrive/all dataset/I will rest/person7/rest_7_aug_00371ad4.mp4,0
I will rest,person8,rest_8_aug_1.mp4,/content/drive/MyDrive/all dataset/I will rest/person8/rest_8_aug_1.mp4,0
I will rest,person8,rest_8_aug_2.mp4,/content/drive/MyDrive/all dataset/I will rest/person8/rest_8_aug_2.mp4,0
I will rest,person8,rest_8_aug_4.mp4,/content/drive/MyDrive/all dataset/I will rest/person8/rest_8_aug_4.mp4,0
I will rest,person8,rest_8_aug_5.mp4,/content/drive/MyDrive/all dataset/I will rest/person8/rest_8_aug_5.mp4,0
I will rest,person8,rest_8_aug_6.mp4,/content/drive/MyDrive/all dataset/I will rest/person8/rest_8_aug_6.mp4,0
I will rest,person8,rest_8_aug_7.mp4,/content/drive/MyDrive/all dataset/I will rest/person8/rest_8_aug_7.mp4,0
I will rest,person8,rest_8_aug_9.mp4,/content/drive/MyDrive/all dataset/I will rest/person8/rest_8_aug_9.mp4,0
I will rest,person8,rest_8_aug_10.mp4,/content/drive/MyDrive/all dataset/I will rest/person8/rest_8_aug_10.mp4,0
I will rest,person8,rest_8_aug_11.mp4,/content/drive/MyDrive/all dataset/I will rest/person8/rest_8_aug_11.mp4,0
I will rest,person8,rest_10.mp4,/content/drive/MyDrive/all dataset/I will rest/person8/rest_10.mp4,0
I will rest,person8,rest_10_aug1.mp4,/content/drive/MyDrive/all dataset/I will rest/person8/rest_10_aug1.mp4,0
I will rest,person8,rest_10_aug_4abdd769.mp4,/content/drive/MyDrive/all dataset/I will rest/person8/rest_10_aug_4abdd769.mp4,0
I will rest,person8,rest_10_aug_1f79e05d.mp4,/content/drive/MyDrive/all dataset/I will rest/person8/rest_10_aug_1f79e05d.mp4,0
I will rest,person8,rest_10_aug_101a157f.mp4,/content/drive/MyDrive/all dataset/I will rest/person8/rest_10_aug_101a157f.mp4,0
I will rest,person8,rest_10_aug_ac2b8b53.mp4,/content/drive/MyDrive/all dataset/I will rest/person8/rest_10_aug_ac2b8b53.mp4,0
I will rest,person8,rest_10_aug_626eb8eb.mp4,/content/drive/MyDrive/all dataset/I will rest/person8/rest_10_aug_626eb8eb.mp4,0
I will rest,person8,rest_10_aug_cbec8d68.mp4,/content/drive/MyDrive/all dataset/I will rest/person8/rest_10_aug_cbec8d68.mp4,0
I will rest,person8,rest_10_aug_78862c6d.mp4,/content/drive/MyDrive/all dataset/I will rest/person8/rest_10_aug_78862c6d.mp4,0
I will rest,person8,rest_10_aug_4f562f0f.mp4,/content/drive/MyDrive/all dataset/I will rest/person8/rest_10_aug_4f562f0f.mp4,0
I will rest,person8,rest_10_aug_90e4e49c.mp4,/content/drive/MyDrive/all dataset/I will rest/person8/rest_10_aug_90e4e49c.mp4,0
I will rest,person9,rest_9.mp4,/content/drive/MyDrive/all dataset/I will rest/person9/rest_9.mp4,0
I will rest,person9,rest_9_aug_1.mp4,/content/drive/MyDrive/all dataset/I will rest/person9/rest_9_aug_1.mp4,0
I will rest,person9,rest_9_aug_2.mp4,/content/drive/MyDrive/all dataset/I will rest/person9/rest_9_aug_2.mp4,0
I will rest,person9,rest_9_aug_5.mp4,/content/drive/MyDrive/all dataset/I will rest/person9/rest_9_aug_5.mp4,0
I will rest,person9,rest_9_aug_6.mp4,/content/drive/MyDrive/all dataset/I will rest/person9/rest_9_aug_6.mp4,0
I will rest,person9,rest_9_aug_7.mp4,/content/drive/MyDrive/all dataset/I will rest/person9/rest_9_aug_7.mp4,0
I will rest,person9,rest_9_aug_8.mp4,/content/drive/MyDrive/all dataset/I will rest/person9/rest_9_aug_8.mp4,0
I will rest,person9,rest_9_aug_9.mp4,/content/drive/MyDrive/all dataset/I will rest/person9/rest_9_aug_9.mp4,0
I will rest,person9,rest_9_aug_10.mp4,/content/drive/MyDrive/all dataset/I will rest/person9/rest_9_aug_10.mp4,0
I will rest,person9,rest_9_aug_11.mp4,/content/drive/MyDrive/all dataset/I will rest/person9/rest_9_aug_11.mp4,0
I will rest,person9,rest_9_aug1.mp4,/content/drive/MyDrive/all dataset/I will rest/person9/rest_9_aug1.mp4,0
I will rest,person9,rest_9_aug_2d73cf69.mp4,/content/drive/MyDrive/all dataset/I will rest/person9/rest_9_aug_2d73cf69.mp4,0
I will rest,person9,rest_9_aug_377424ac.mp4,/content/drive/MyDrive/all dataset/I will rest/person9/rest_9_aug_377424ac.mp4,0
I will rest,person9,rest_9_aug_76cd44ce.mp4,/content/drive/MyDrive/all dataset/I will rest/person9/rest_9_aug_76cd44ce.mp4,0
I will rest,person9,rest_9_aug_bf351a03.mp4,/content/drive/MyDrive/all dataset/I will rest/person9/rest_9_aug_bf351a03.mp4,0
I will rest,person9,rest_9_aug_cb189745.mp4,/content/drive/MyDrive/all dataset/I will rest/person9/rest_9_aug_cb189745.mp4,0
I will rest,person9,rest_9_aug_26acfdc7.mp4,/content/drive/MyDrive/all dataset/I will rest/person9/rest_9_aug_26acfdc7.mp4,0
I will rest,person9,rest_9_aug_a9ff66f5.mp4,/content/drive/MyDrive/all dataset/I will rest/person9/rest_9_aug_a9ff66f5.mp4,0
I will rest,person9,rest_9_aug_ce21ef41.mp4,/content/drive/MyDrive/all dataset/I will rest/person9/rest_9_aug_ce21ef41.mp4,0
I will rest,person9,rest_9_aug_6609350c.mp4,/content/drive/MyDrive/all dataset/I will rest/person9/rest_9_aug_6609350c.mp4,0
ambulance,person1,ambulance_1.mp4,/content/drive/MyDrive/all dataset/ambulance/person1/ambulance_1.mp4,0
ambulance,person1,ambulance_1_aug_1.mp4,/content/drive/MyDrive/all dataset/ambulance/person1/ambulance_1_aug_1.mp4,0
ambulance,person1,ambulance_1_aug_2.mp4,/content/drive/MyDrive/all dataset/ambulance/person1/ambulance_1_aug_2.mp4,0
ambulance,person1,ambulance_1_aug_3.mp4,/content/drive/MyDrive/all dataset/ambulance/person1/ambulance_1_aug_3.mp4,0
ambulance,person1,ambulance_1_aug_4.mp4,/content/drive/MyDrive/all dataset/ambulance/person1/ambulance_1_aug_4.mp4,0
ambulance,person1,ambulance_1_aug_5.mp4,/content/drive/MyDrive/all dataset/ambulance/person1/ambulance_1_aug_5.mp4,0
ambulance,person1,ambulance_1_aug_6.mp4,/content/drive/MyDrive/all dataset/ambulance/person1/ambulance_1_aug_6.mp4,0
ambulance,person1,ambulance_1_aug_9.mp4,/content/drive/MyDrive/all dataset/ambulance/person1/ambulance_1_aug_9.mp4,0
ambulance,person1,ambulance_1_aug_10.mp4,/content/drive/MyDrive/all dataset/ambulance/person1/ambulance_1_aug_10.mp4,0
ambulance,person1,ambulance_1_aug_11.mp4,/content/drive/MyDrive/all dataset/ambulance/person1/ambulance_1_aug_11.mp4,0
ambulance,person1,ambulance_1_aug1.mp4,/content/drive/MyDrive/all dataset/ambulance/person1/ambulance_1_aug1.mp4,0
ambulance,person1,ambulance_1_aug_10788579.mp4,/content/drive/MyDrive/all dataset/ambulance/person1/ambulance_1_aug_10788579.mp4,0
ambulance,person1,ambulance_1_aug_0d7147c2.mp4,/content/drive/MyDrive/all dataset/ambulance/person1/ambulance_1_aug_0d7147c2.mp4,0
ambulance,person1,ambulance_1_aug_bebf5e3e.mp4,/content/drive/MyDrive/all dataset/ambulance/person1/ambulance_1_aug_bebf5e3e.mp4,0
ambulance,person1,ambulance_1_aug_faca2991.mp4,/content/drive/MyDrive/all dataset/ambulance/person1/ambulance_1_aug_faca2991.mp4,0
ambulance,person1,ambulance_1_aug_d31699e7.mp4,/content/drive/MyDrive/all dataset/ambulance/person1/ambulance_1_aug_d31699e7.mp4,0
ambulance,person1,ambulance_1_aug_55eea6bd.mp4,/content/drive/MyDrive/all dataset/ambulance/person1/ambulance_1_aug_55eea6bd.mp4,0
ambulance,person1,ambulance_1_aug_9c8e9455.mp4,/content/drive/MyDrive/all dataset/ambulance/person1/ambulance_1_aug_9c8e9455.mp4,0
ambulance,person1,ambulance_1_aug_173924b1.mp4,/content/drive/MyDrive/all dataset/ambulance/person1/ambulance_1_aug_173924b1.mp4,0
ambulance,person1,ambulance_1_aug_cd3ef588.mp4,/content/drive/MyDrive/all dataset/ambulance/person1/ambulance_1_aug_cd3ef588.mp4,0
ambulance,person2,ambulance_2_aug_1.mp4,/content/drive/MyDrive/all dataset/ambulance/person2/ambulance_2_aug_1.mp4,0
ambulance,person2,ambulance_2_aug_3.mp4,/content/drive/MyDrive/all dataset/ambulance/person2/ambulance_2_aug_3.mp4,0
ambulance,person2,ambulance_2_aug_4.mp4,/content/drive/MyDrive/all dataset/ambulance/person2/ambulance_2_aug_4.mp4,0
ambulance,person2,ambulance_2_aug_5.mp4,/content/drive/MyDrive/all dataset/ambulance/person2/ambulance_2_aug_5.mp4,0
ambulance,person2,ambulance_2_aug_6.mp4,/content/drive/MyDrive/all dataset/ambulance/person2/ambulance_2_aug_6.mp4,0
ambulance,person2,ambulance_2_aug_7.mp4,/content/drive/MyDrive/all dataset/ambulance/person2/ambulance_2_aug_7.mp4,0
ambulance,person2,ambulance_2_aug_8.mp4,/content/drive/MyDrive/all dataset/ambulance/person2/ambulance_2_aug_8.mp4,0
ambulance,person2,ambulance_2_aug_9.mp4,/content/drive/MyDrive/all dataset/ambulance/person2/ambulance_2_aug_9.mp4,0
ambulance,person2,ambulance_2_aug_10.mp4,/content/drive/MyDrive/all dataset/ambulance/person2/ambulance_2_aug_10.mp4,0
ambulance,person2,ambulance_2_aug_11.mp4,/content/drive/MyDrive/all dataset/ambulance/person2/ambulance_2_aug_11.mp4,0
ambulance,person2,ambulance_2_aug_10_aug_e1f21b4e.mp4,/content/drive/MyDrive/all dataset/ambulance/person2/ambulance_2_aug_10_aug_e1f21b4e.mp4,0
ambulance,person2,ambulance_2_aug_1_aug_0786d003.mp4,/content/drive/MyDrive/all dataset/ambulance/person2/ambulance_2_aug_1_aug_0786d003.mp4,0
ambulance,person2,ambulance_2_aug_11_aug_9fb21bb6.mp4,/content/drive/MyDrive/all dataset/ambulance/person2/ambulance_2_aug_11_aug_9fb21bb6.mp4,0
ambulance,person2,ambulance_2_aug_3_aug_8d7b950c.mp4,/content/drive/MyDrive/all dataset/ambulance/person2/ambulance_2_aug_3_aug_8d7b950c.mp4,0
ambulance,person2,ambulance_2_aug_4_aug_d8f1ee20.mp4,/content/drive/MyDrive/all dataset/ambulance/person2/ambulance_2_aug_4_aug_d8f1ee20.mp4,0
ambulance,person2,ambulance_2_aug_5_aug_3d8c52a2.mp4,/content/drive/MyDrive/all dataset/ambulance/person2/ambulance_2_aug_5_aug_3d8c52a2.mp4,0
ambulance,person2,ambulance_2_aug_6_aug_4d039170.mp4,/content/drive/MyDrive/all dataset/ambulance/person2/ambulance_2_aug_6_aug_4d039170.mp4,0
ambulance,person2,ambulance_2_aug_7_aug_86d43e25.mp4,/content/drive/MyDrive/all dataset/ambulance/person2/ambulance_2_aug_7_aug_86d43e25.mp4,0
ambulance,person2,ambulance_2_aug_8_aug_e8bce7b8.mp4,/content/drive/MyDrive/all dataset/ambulance/person2/ambulance_2_aug_8_aug_e8bce7b8.mp4,0
ambulance,person2,ambulance_2_aug_9_aug_910c75ad.mp4,/content/drive/MyDrive/all dataset/ambulance/person2/ambulance_2_aug_9_aug_910c75ad.mp4,0
ambulance,person3,ambulance_3.mp4,/content/drive/MyDrive/all dataset/ambulance/person3/ambulance_3.mp4,0
ambulance,person3,ambulance_3_aug_1.mp4,/content/drive/MyDrive/all dataset/ambulance/person3/ambulance_3_aug_1.mp4,0
ambulance,person3,ambulance_3_aug_2.mp4,/content/drive/MyDrive/all dataset/ambulance/person3/ambulance_3_aug_2.mp4,0
ambulance,person3,ambulance_3_aug_3.mp4,/content/drive/MyDrive/all dataset/ambulance/person3/ambulance_3_aug_3.mp4,0
ambulance,person3,ambulance_3_aug_4.mp4,/content/drive/MyDrive/all dataset/ambulance/person3/ambulance_3_aug_4.mp4,0
ambulance,person3,ambulance_3_aug_5.mp4,/content/drive/MyDrive/all dataset/ambulance/person3/ambulance_3_aug_5.mp4,0
ambulance,person3,ambulance_3_aug_6.mp4,/content/drive/MyDrive/all dataset/ambulance/person3/ambulance_3_aug_6.mp4,0
ambulance,person3,ambulance_3_aug_7.mp4,/content/drive/MyDrive/all dataset/ambulance/person3/ambulance_3_aug_7.mp4,0
ambulance,person3,ambulance_3_aug_8.mp4,/content/drive/MyDrive/all dataset/ambulance/person3/ambulance_3_aug_8.mp4,0
ambulance,person3,ambulance_3_aug_10.mp4,/content/drive/MyDrive/all dataset/ambulance/person3/ambulance_3_aug_10.mp4,0
ambulance,person3,ambulance_3_aug1.mp4,/content/drive/MyDrive/all dataset/ambulance/person3/ambulance_3_aug1.mp4,0
ambulance,person3,ambulance_3_aug_85c33f6e.mp4,/content/drive/MyDrive/all dataset/ambulance/person3/ambulance_3_aug_85c33f6e.mp4,0
ambulance,person3,ambulance_3_aug_c3e14062.mp4,/content/drive/MyDrive/all dataset/ambulance/person3/ambulance_3_aug_c3e14062.mp4,0
ambulance,person3,ambulance_3_aug_64e29507.mp4,/content/drive/MyDrive/all dataset/ambulance/person3/ambulance_3_aug_64e29507.mp4,0
ambulance,person3,ambulance_3_aug_b40fe905.mp4,/content/drive/MyDrive/all dataset/ambulance/person3/ambulance_3_aug_b40fe905.mp4,0
ambulance,person3,ambulance_3_aug_08a0e2d8.mp4,/content/drive/MyDrive/all dataset/ambulance/person3/ambulance_3_aug_08a0e2d8.mp4,0
ambulance,person3,ambulance_3_aug_36d12ca9.mp4,/content/drive/MyDrive/all dataset/ambulance/person3/ambulance_3_aug_36d12ca9.mp4,0
ambulance,person3,ambulance_3_aug_3cc2e9df.mp4,/content/drive/MyDrive/all dataset/ambulance/person3/ambulance_3_aug_3cc2e9df.mp4,0
ambulance,person3,ambulance_3_aug_41d8c8cc.mp4,/content/drive/MyDrive/all dataset/ambulance/person3/ambulance_3_aug_41d8c8cc.mp4,0
ambulance,person3,ambulance_3_aug_29b95390.mp4,/content/drive/MyDrive/all dataset/ambulance/person3/ambulance_3_aug_29b95390.mp4,0
ambulance,person4,ambulance_4_aug_2.mp4,/content/drive/MyDrive/all dataset/ambulance/person4/ambulance_4_aug_2.mp4,0
ambulance,person4,ambulance_4_aug_3.mp4,/content/drive/MyDrive/all dataset/ambulance/person4/ambulance_4_aug_3.mp4,0
ambulance,person4,ambulance_4_aug_4.mp4,/content/drive/MyDrive/all dataset/ambulance/person4/ambulance_4_aug_4.mp4,0
ambulance,person4,ambulance_4_aug_5.mp4,/content/drive/MyDrive/all dataset/ambulance/person4/ambulance_4_aug_5.mp4,0
ambulance,person4,ambulance_4_aug_6.mp4,/content/drive/MyDrive/all dataset/ambulance/person4/ambulance_4_aug_6.mp4,0
ambulance,person4,ambulance_4_aug_8.mp4,/content/drive/MyDrive/all dataset/ambulance/person4/ambulance_4_aug_8.mp4,0
ambulance,person4,ambulance_4_aug_9.mp4,/content/drive/MyDrive/all dataset/ambulance/person4/ambulance_4_aug_9.mp4,0
ambulance,person4,ambulance_4_aug_10.mp4,/content/drive/MyDrive/all dataset/ambulance/person4/ambulance_4_aug_10.mp4,0
ambulance,person4,ambulance_4_aug_11.mp4,/content/drive/MyDrive/all dataset/ambulance/person4/ambulance_4_aug_11.mp4,0
ambulance,person4,ambulance_11.mp4,/content/drive/MyDrive/all dataset/ambulance/person4/ambulance_11.mp4,0
ambulance,person4,ambulance_11_aug1.mp4,/content/drive/MyDrive/all dataset/ambulance/person4/ambulance_11_aug1.mp4,0
ambulance,person4,ambulance_11_aug_11c67c6d.mp4,/content/drive/MyDrive/all dataset/ambulance/person4/ambulance_11_aug_11c67c6d.mp4,0
ambulance,person4,ambulance_11_aug_90d2f02b.mp4,/content/drive/MyDrive/all dataset/ambulance/person4/ambulance_11_aug_90d2f02b.mp4,0
ambulance,person4,ambulance_11_aug_1247c6a5.mp4,/content/drive/MyDrive/all dataset/ambulance/person4/ambulance_11_aug_1247c6a5.mp4,0
ambulance,person4,ambulance_11_aug_f8e3e960.mp4,/content/drive/MyDrive/all dataset/ambulance/person4/ambulance_11_aug_f8e3e960.mp4,0
ambulance,person4,ambulance_11_aug_383ef129.mp4,/content/drive/MyDrive/all dataset/ambulance/person4/ambulance_11_aug_383ef129.mp4,0
ambulance,person4,ambulance_11_aug_76ff02b6.mp4,/content/drive/MyDrive/all dataset/ambulance/person4/ambulance_11_aug_76ff02b6.mp4,0
ambulance,person4,ambulance_11_aug_ebe0bf9b.mp4,/content/drive/MyDrive/all dataset/ambulance/person4/ambulance_11_aug_ebe0bf9b.mp4,0
ambulance,person4,ambulance_11_aug_1a6390d3.mp4,/content/drive/MyDrive/all dataset/ambulance/person4/ambulance_11_aug_1a6390d3.mp4,0
ambulance,person4,ambulance_11_aug_76f695f1.mp4,/content/drive/MyDrive/all dataset/ambulance/person4/ambulance_11_aug_76f695f1.mp4,0
ambulance,person5,ambulance_5.mp4,/content/drive/MyDrive/all dataset/ambulance/person5/ambulance_5.mp4,0
ambulance,person5,ambulance_5_aug_1.mp4,/content/drive/MyDrive/all dataset/ambulance/person5/ambulance_5_aug_1.mp4,0
ambulance,person5,ambulance_5_aug_2.mp4,/content/drive/MyDrive/all dataset/ambulance/person5/ambulance_5_aug_2.mp4,0
ambulance,person5,ambulance_5_aug_3.mp4,/content/drive/MyDrive/all dataset/ambulance/person5/ambulance_5_aug_3.mp4,0
ambulance,person5,ambulance_5_aug_4.mp4,/content/drive/MyDrive/all dataset/ambulance/person5/ambulance_5_aug_4.mp4,0
ambulance,person5,ambulance_5_aug_6.mp4,/content/drive/MyDrive/all dataset/ambulance/person5/ambulance_5_aug_6.mp4,0
ambulance,person5,ambulance_5_aug_9.mp4,/content/drive/MyDrive/all dataset/ambulance/person5/ambulance_5_aug_9.mp4,0
ambulance,person5,ambulance_5_aug_10.mp4,/content/drive/MyDrive/all dataset/ambulance/person5/ambulance_5_aug_10.mp4,0
ambulance,person5,ambulance_5_aug_11.mp4,/content/drive/MyDrive/all dataset/ambulance/person5/ambulance_5_aug_11.mp4,0
ambulance,person5,ambulance_12.mp4,/content/drive/MyDrive/all dataset/ambulance/person5/ambulance_12.mp4,0
ambulance,person5,ambulance_12_aug1.mp4,/content/drive/MyDrive/all dataset/ambulance/person5/ambulance_12_aug1.mp4,0
ambulance,person5,ambulance_5_aug1.mp4,/content/drive/MyDrive/all dataset/ambulance/person5/ambulance_5_aug1.mp4,0
ambulance,person5,ambulance_12_aug_cd95e119.mp4,/content/drive/MyDrive/all dataset/ambulance/person5/ambulance_12_aug_cd95e119.mp4,0
ambulance,person5,ambulance_5_aug_aa047550.mp4,/content/drive/MyDrive/all dataset/ambulance/person5/ambulance_5_aug_aa047550.mp4,0
ambulance,person5,ambulance_12_aug_a026724b.mp4,/content/drive/MyDrive/all dataset/ambulance/person5/ambulance_12_aug_a026724b.mp4,0
ambulance,person5,ambulance_5_aug_f03f6dad.mp4,/content/drive/MyDrive/all dataset/ambulance/person5/ambulance_5_aug_f03f6dad.mp4,0
ambulance,person5,ambulance_12_aug_95cd1467.mp4,/content/drive/MyDrive/all dataset/ambulance/person5/ambulance_12_aug_95cd1467.mp4,0
ambulance,person5,ambulance_5_aug_2ca232ad.mp4,/content/drive/MyDrive/all dataset/ambulance/person5/ambulance_5_aug_2ca232ad.mp4,0
ambulance,person5,ambulance_12_aug_6f5823e6.mp4,/content/drive/MyDrive/all dataset/ambulance/person5/ambulance_12_aug_6f5823e6.mp4,0
ambulance,person5,ambulance_5_aug_d934b4e5.mp4,/content/drive/MyDrive/all dataset/ambulance/person5/ambulance_5_aug_d934b4e5.mp4,0
ambulance,person6,ambulance_6.mp4,/content/drive/MyDrive/all dataset/ambulance/person6/ambulance_6.mp4,0
ambulance,person6,ambulance_6_aug_2.mp4,/content/drive/MyDrive/all dataset/ambulance/person6/ambulance_6_aug_2.mp4,0
ambulance,person6,ambulance_6_aug_3.mp4,/content/drive/MyDrive/all dataset/ambulance/person6/ambulance_6_aug_3.mp4,0
ambulance,person6,ambulance_6_aug_4.mp4,/content/drive/MyDrive/all dataset/ambulance/person6/ambulance_6_aug_4.mp4,0
ambulance,person6,ambulance_6_aug_5.mp4,/content/drive/MyDrive/all dataset/ambulance/person6/ambulance_6_aug_5.mp4,0
ambulance,person6,ambulance_6_aug_6.mp4,/content/drive/MyDrive/all dataset/ambulance/person6/ambulance_6_aug_6.mp4,0
ambulance,person6,ambulance_6_aug_8.mp4,/content/drive/MyDrive/all dataset/ambulance/person6/ambulance_6_aug_8.mp4,0
ambulance,person6,ambulance_6_aug_9.mp4,/content/drive/MyDrive/all dataset/ambulance/person6/ambulance_6_aug_9.mp4,0
ambulance,person6,ambulance_6_aug_10.mp4,/content/drive/MyDrive/all dataset/ambulance/person6/ambulance_6_aug_10.mp4,0
ambulance,person6,ambulance_6_aug_11.mp4,/content/drive/MyDrive/all dataset/ambulance/person6/ambulance_6_aug_11.mp4,0
ambulance,person6,ambulance_6_aug1.mp4,/content/drive/MyDrive/all dataset/ambulance/person6/ambulance_6_aug1.mp4,0
ambulance,person6,ambulance_6_aug_1c0f56fc.mp4,/content/drive/MyDrive/all dataset/ambulance/person6/ambulance_6_aug_1c0f56fc.mp4,0
ambulance,person6,ambulance_6_aug_742ad94f.mp4,/content/drive/MyDrive/all dataset/ambulance/person6/ambulance_6_aug_742ad94f.mp4,0
ambulance,person6,ambulance_6_aug_c149c164.mp4,/content/drive/MyDrive/all dataset/ambulance/person6/ambulance_6_aug_c149c164.mp4,0
ambulance,person6,ambulance_6_aug_ee61f104.mp4,/content/drive/MyDrive/all dataset/ambulance/person6/ambulance_6_aug_ee61f104.mp4,0
ambulance,person6,ambulance_6_aug_be7612bd.mp4,/content/drive/MyDrive/all dataset/ambulance/person6/ambulance_6_aug_be7612bd.mp4,0
ambulance,person6,ambulance_6_aug_eb9aa535.mp4,/content/drive/MyDrive/all dataset/ambulance/person6/ambulance_6_aug_eb9aa535.mp4,0
ambulance,person6,ambulance_6_aug_24614236.mp4,/content/drive/MyDrive/all dataset/ambulance/person6/ambulance_6_aug_24614236.mp4,0
ambulance,person6,ambulance_6_aug_67c0a50c.mp4,/content/drive/MyDrive/all dataset/ambulance/person6/ambulance_6_aug_67c0a50c.mp4,0
ambulance,person6,ambulance_6_aug_f06e9548.mp4,/content/drive/MyDrive/all dataset/ambulance/person6/ambulance_6_aug_f06e9548.mp4,0
ambulance,person7,ambulance_7_aug_1.mp4,/content/drive/MyDrive/all dataset/ambulance/person7/ambulance_7_aug_1.mp4,0
ambulance,person7,ambulance_7_aug_2.mp4,/content/drive/MyDrive/all dataset/ambulance/person7/ambulance_7_aug_2.mp4,0
ambulance,person7,ambulance_7_aug_3.mp4,/content/drive/MyDrive/all dataset/ambulance/person7/ambulance_7_aug_3.mp4,0
ambulance,person7,ambulance_7_aug_5.mp4,/content/drive/MyDrive/all dataset/ambulance/person7/ambulance_7_aug_5.mp4,0
ambulance,person7,ambulance_7_aug_6.mp4,/content/drive/MyDrive/all dataset/ambulance/person7/ambulance_7_aug_6.mp4,0
ambulance,person7,ambulance_7_aug_7.mp4,/content/drive/MyDrive/all dataset/ambulance/person7/ambulance_7_aug_7.mp4,0
ambulance,person7,ambulance_7_aug_8.mp4,/content/drive/MyDrive/all dataset/ambulance/person7/ambulance_7_aug_8.mp4,0
ambulance,person7,ambulance_7_aug_9.mp4,/content/drive/MyDrive/all dataset/ambulance/person7/ambulance_7_aug_9.mp4,0
ambulance,person7,ambulance_7_aug_10.mp4,/content/drive/MyDrive/all dataset/ambulance/person7/ambulance_7_aug_10.mp4,0
ambulance,person7,ambulance_7_aug_11.mp4,/content/drive/MyDrive/all dataset/ambulance/person7/ambulance_7_aug_11.mp4,0
ambulance,person7,ambulance_7_aug_1_aug_654a5cda.mp4,/content/drive/MyDrive/all dataset/ambulance/person7/ambulance_7_aug_1_aug_654a5cda.mp4,0
ambulance,person7,ambulance_7_aug_10_aug_2f119363.mp4,/content/drive/MyDrive/all dataset/ambulance/person7/ambulance_7_aug_10_aug_2f119363.mp4,0
ambulance,person7,ambulance_7_aug_11_aug_c74c80a1.mp4,/content/drive/MyDrive/all dataset/ambulance/person7/ambulance_7_aug_11_aug_c74c80a1.mp4,0
ambulance,person7,ambulance_7_aug_2_aug_44ed8be5.mp4,/content/drive/MyDrive/all dataset/ambulance/person7/ambulance_7_aug_2_aug_44ed8be5.mp4,0
ambulance,person7,ambulance_7_aug_3_aug_37268a36.mp4,/content/drive/MyDrive/all dataset/ambulance/person7/ambulance_7_aug_3_aug_37268a36.mp4,0
ambulance,person7,ambulance_7_aug_5_aug_82633a0b.mp4,/content/drive/MyDrive/all dataset/ambulance/person7/ambulance_7_aug_5_aug_82633a0b.mp4,0
ambulance,person7,ambulance_7_aug_6_aug_f3d213da.mp4,/content/drive/MyDrive/all dataset/ambulance/person7/ambulance_7_aug_6_aug_f3d213da.mp4,0
ambulance,person7,ambulance_7_aug_7_aug_5d801e84.mp4,/content/drive/MyDrive/all dataset/ambulance/person7/ambulance_7_aug_7_aug_5d801e84.mp4,0
ambulance,person7,ambulance_7_aug_8_aug_12cbb399.mp4,/content/drive/MyDrive/all dataset/ambulance/person7/ambulance_7_aug_8_aug_12cbb399.mp4,0
ambulance,person7,ambulance_7_aug_9_aug_d696ab06.mp4,/content/drive/MyDrive/all dataset/ambulance/person7/ambulance_7_aug_9_aug_d696ab06.mp4,0
ambulance,person8,ambulance_8_aug_1.mp4,/content/drive/MyDrive/all dataset/ambulance/person8/ambulance_8_aug_1.mp4,0
ambulance,person8,ambulance_8_aug_2.mp4,/content/drive/MyDrive/all dataset/ambulance/person8/ambulance_8_aug_2.mp4,0
ambulance,person8,ambulance_8_aug_3.mp4,/content/drive/MyDrive/all dataset/ambulance/person8/ambulance_8_aug_3.mp4,0
ambulance,person8,ambulance_8_aug_4.mp4,/content/drive/MyDrive/all dataset/ambulance/person8/ambulance_8_aug_4.mp4,0
ambulance,person8,ambulance_8_aug_5.mp4,/content/drive/MyDrive/all dataset/ambulance/person8/ambulance_8_aug_5.mp4,0
ambulance,person8,ambulance_8_aug_6.mp4,/content/drive/MyDrive/all dataset/ambulance/person8/ambulance_8_aug_6.mp4,0
ambulance,person8,ambulance_8_aug_7.mp4,/content/drive/MyDrive/all dataset/ambulance/person8/ambulance_8_aug_7.mp4,0
ambulance,person8,ambulance_8_aug_8.mp4,/content/drive/MyDrive/all dataset/ambulance/person8/ambulance_8_aug_8.mp4,0
ambulance,person8,ambulance_8_aug_9.mp4,/content/drive/MyDrive/all dataset/ambulance/person8/ambulance_8_aug_9.mp4,0
ambulance,person8,ambulance_8_aug_11.mp4,/content/drive/MyDrive/all dataset/ambulance/person8/ambulance_8_aug_11.mp4,0
ambulance,person8,ambulance_8_aug_1_aug_e4e61df4.mp4,/content/drive/MyDrive/all dataset/ambulance/person8/ambulance_8_aug_1_aug_e4e61df4.mp4,0
ambulance,person8,ambulance_8_aug_11_aug_37716e29.mp4,/content/drive/MyDrive/all dataset/ambulance/person8/ambulance_8_aug_11_aug_37716e29.mp4,0
ambulance,person8,ambulance_8_aug_2_aug_9add60a1.mp4,/content/drive/MyDrive/all dataset/ambulance/person8/ambulance_8_aug_2_aug_9add60a1.mp4,0
ambulance,person8,ambulance_8_aug_3_aug_6cd581ea.mp4,/content/drive/MyDrive/all dataset/ambulance/person8/ambulance_8_aug_3_aug_6cd581ea.mp4,0
ambulance,person8,ambulance_8_aug_4_aug_5b67075d.mp4,/content/drive/MyDrive/all dataset/ambulance/person8/ambulance_8_aug_4_aug_5b67075d.mp4,0
ambulance,person8,ambulance_8_aug_5_aug_8f40efdc.mp4,/content/drive/MyDrive/all dataset/ambulance/person8/ambulance_8_aug_5_aug_8f40efdc.mp4,0
ambulance,person8,ambulance_8_aug_6_aug_dc0c0f73.mp4,/content/drive/MyDrive/all dataset/ambulance/person8/ambulance_8_aug_6_aug_dc0c0f73.mp4,0
ambulance,person8,ambulance_8_aug_7_aug_49e65fad.mp4,/content/drive/MyDrive/all dataset/ambulance/person8/ambulance_8_aug_7_aug_49e65fad.mp4,0
ambulance,person8,ambulance_8_aug_8_aug_9c1cad87.mp4,/content/drive/MyDrive/all dataset/ambulance/person8/ambulance_8_aug_8_aug_9c1cad87.mp4,0
ambulance,person8,ambulance_8_aug_9_aug_15ab5d5d.mp4,/content/drive/MyDrive/all dataset/ambulance/person8/ambulance_8_aug_9_aug_15ab5d5d.mp4,0
ambulance,person9,ambulance_9_aug_1.mp4,/content/drive/MyDrive/all dataset/ambulance/person9/ambulance_9_aug_1.mp4,0
ambulance,person9,ambulance_9_aug_2.mp4,/content/drive/MyDrive/all dataset/ambulance/person9/ambulance_9_aug_2.mp4,0
ambulance,person9,ambulance_9_aug_4.mp4,/content/drive/MyDrive/all dataset/ambulance/person9/ambulance_9_aug_4.mp4,0
ambulance,person9,ambulance_9_aug_5.mp4,/content/drive/MyDrive/all dataset/ambulance/person9/ambulance_9_aug_5.mp4,0
ambulance,person9,ambulance_9_aug_6.mp4,/content/drive/MyDrive/all dataset/ambulance/person9/ambulance_9_aug_6.mp4,0
ambulance,person9,ambulance_9_aug_7.mp4,/content/drive/MyDrive/all dataset/ambulance/person9/ambulance_9_aug_7.mp4,0
ambulance,person9,ambulance_9_aug_9.mp4,/content/drive/MyDrive/all dataset/ambulance/person9/ambulance_9_aug_9.mp4,0
ambulance,person9,ambulance_9_aug_10.mp4,/content/drive/MyDrive/all dataset/ambulance/person9/ambulance_9_aug_10.mp4,0
ambulance,person9,ambulance_9_aug_11.mp4,/content/drive/MyDrive/all dataset/ambulance/person9/ambulance_9_aug_11.mp4,0
ambulance,person9,ambulance_13.mp4,/content/drive/MyDrive/all dataset/ambulance/person9/ambulance_13.mp4,0
ambulance,person9,ambulance_13_aug1.mp4,/content/drive/MyDrive/all dataset/ambulance/person9/ambulance_13_aug1.mp4,0
ambulance,person9,ambulance_13_aug_34fd45e8.mp4,/content/drive/MyDrive/all dataset/ambulance/person9/ambulance_13_aug_34fd45e8.mp4,0
ambulance,person9,ambulance_13_aug_77389a3b.mp4,/content/drive/MyDrive/all dataset/ambulance/person9/ambulance_13_aug_77389a3b.mp4,0
ambulance,person9,ambulance_13_aug_927f8e46.mp4,/content/drive/MyDrive/all dataset/ambulance/person9/ambulance_13_aug_927f8e46.mp4,0
ambulance,person9,ambulance_13_aug_112fd7d1.mp4,/content/drive/MyDrive/all dataset/ambulance/person9/ambulance_13_aug_112fd7d1.mp4,0
ambulance,person9,ambulance_13_aug_ea0419de.mp4,/content/drive/MyDrive/all dataset/ambulance/person9/ambulance_13_aug_ea0419de.mp4,0
ambulance,person9,ambulance_13_aug_7fbbfed1.mp4,/content/drive/MyDrive/all dataset/ambulance/person9/ambulance_13_aug_7fbbfed1.mp4,0
ambulance,person9,ambulance_13_aug_2fe1b77b.mp4,/content/drive/MyDrive/all dataset/ambulance/person9/ambulance_13_aug_2fe1b77b.mp4,0
ambulance,person9,ambulance_13_aug_506c996d.mp4,/content/drive/MyDrive/all dataset/ambulance/person9/ambulance_13_aug_506c996d.mp4,0
ambulance,person9,ambulance_13_aug_9eda3988.mp4,/content/drive/MyDrive/all dataset/ambulance/person9/ambulance_13_aug_9eda3988.mp4,0
blood,person1,blood_1.mp4,/content/drive/MyDrive/all dataset/blood/person1/blood_1.mp4,0
blood,person1,blood_1_aug_1.mp4,/content/drive/MyDrive/all dataset/blood/person1/blood_1_aug_1.mp4,0
blood,person1,blood_1_aug_3.mp4,/content/drive/MyDrive/all dataset/blood/person1/blood_1_aug_3.mp4,0
blood,person1,blood_1_aug_4.mp4,/content/drive/MyDrive/all dataset/blood/person1/blood_1_aug_4.mp4,0
blood,person1,blood_1_aug_5.mp4,/content/drive/MyDrive/all dataset/blood/person1/blood_1_aug_5.mp4,0
blood,person1,blood_1_aug_6.mp4,/content/drive/MyDrive/all dataset/blood/person1/blood_1_aug_6.mp4,0
blood,person1,blood_1_aug_8.mp4,/content/drive/MyDrive/all dataset/blood/person1/blood_1_aug_8.mp4,0
blood,person1,blood_1_aug_9.mp4,/content/drive/MyDrive/all dataset/blood/person1/blood_1_aug_9.mp4,0
blood,person1,blood_1_aug_10.mp4,/content/drive/MyDrive/all dataset/blood/person1/blood_1_aug_10.mp4,0
blood,person1,blood_10.mp4,/content/drive/MyDrive/all dataset/blood/person1/blood_10.mp4,0
blood,person1,blood_1_aug1.mp4,/content/drive/MyDrive/all dataset/blood/person1/blood_1_aug1.mp4,0
blood,person1,blood_10_aug1.mp4,/content/drive/MyDrive/all dataset/blood/person1/blood_10_aug1.mp4,0
blood,person1,blood_1_aug_50a46516.mp4,/content/drive/MyDrive/all dataset/blood/person1/blood_1_aug_50a46516.mp4,0
blood,person1,blood_10_aug_e26d7e63.mp4,/content/drive/MyDrive/all dataset/blood/person1/blood_10_aug_e26d7e63.mp4,0
blood,person1,blood_1_aug_ffe59ebb.mp4,/content/drive/MyDrive/all dataset/blood/person1/blood_1_aug_ffe59ebb.mp4,0
blood,person1,blood_10_aug_f833c297.mp4,/content/drive/MyDrive/all dataset/blood/person1/blood_10_aug_f833c297.mp4,0
blood,person1,blood_1_aug_a66c115b.mp4,/content/drive/MyDrive/all dataset/blood/person1/blood_1_aug_a66c115b.mp4,0
blood,person1,blood_10_aug_dc7b2ea1.mp4,/content/drive/MyDrive/all dataset/blood/person1/blood_10_aug_dc7b2ea1.mp4,0
blood,person1,blood_1_aug_153cd135.mp4,/content/drive/MyDrive/all dataset/blood/person1/blood_1_aug_153cd135.mp4,0
blood,person1,blood_10_aug_1029cfc9.mp4,/content/drive/MyDrive/all dataset/blood/person1/blood_10_aug_1029cfc9.mp4,0
blood,person2,blood_2.mp4,/content/drive/MyDrive/all dataset/blood/person2/blood_2.mp4,0
blood,person2,blood_2_aug_1.mp4,/content/drive/MyDrive/all dataset/blood/person2/blood_2_aug_1.mp4,0
blood,person2,blood_2_aug_2.mp4,/content/drive/MyDrive/all dataset/blood/person2/blood_2_aug_2.mp4,0
blood,person2,blood_2_aug_3.mp4,/content/drive/MyDrive/all dataset/blood/person2/blood_2_aug_3.mp4,0
blood,person2,blood_2_aug_4.mp4,/content/drive/MyDrive/all dataset/blood/person2/blood_2_aug_4.mp4,0
blood,person2,blood_2_aug_5.mp4,/content/drive/MyDrive/all dataset/blood/person2/blood_2_aug_5.mp4,0
blood,person2,blood_2_aug_6.mp4,/content/drive/MyDrive/all dataset/blood/person2/blood_2_aug_6.mp4,0
blood,person2,blood_2_aug_7.mp4,/content/drive/MyDrive/all dataset/blood/person2/blood_2_aug_7.mp4,0
blood,person2,blood_2_aug_8.mp4,/content/drive/MyDrive/all dataset/blood/person2/blood_2_aug_8.mp4,0
blood,person2,blood_2_aug_9.mp4,/content/drive/MyDrive/all dataset/blood/person2/blood_2_aug_9.mp4,0
blood,person2,blood_2_aug1.mp4,/content/drive/MyDrive/all dataset/blood/person2/blood_2_aug1.mp4,0
blood,person2,blood_2_aug_83b67e1c.mp4,/content/drive/MyDrive/all dataset/blood/person2/blood_2_aug_83b67e1c.mp4,0
blood,person2,blood_2_aug_8fd8c162.mp4,/content/drive/MyDrive/all dataset/blood/person2/blood_2_aug_8fd8c162.mp4,0
blood,person2,blood_2_aug_56a8ce88.mp4,/content/drive/MyDrive/all dataset/blood/person2/blood_2_aug_56a8ce88.mp4,0
blood,person2,blood_2_aug_5fc790c3.mp4,/content/drive/MyDrive/all dataset/blood/person2/blood_2_aug_5fc790c3.mp4,0
blood,person2,blood_2_aug_a4494740.mp4,/content/drive/MyDrive/all dataset/blood/person2/blood_2_aug_a4494740.mp4,0
blood,person2,blood_2_aug_d3f9f082.mp4,/content/drive/MyDrive/all dataset/blood/person2/blood_2_aug_d3f9f082.mp4,0
blood,person2,blood_2_aug_9a0b4b9a.mp4,/content/drive/MyDrive/all dataset/blood/person2/blood_2_aug_9a0b4b9a.mp4,0
blood,person2,blood_2_aug_96193c0e.mp4,/content/drive/MyDrive/all dataset/blood/person2/blood_2_aug_96193c0e.mp4,0
blood,person2,blood_2_aug_526de206.mp4,/content/drive/MyDrive/all dataset/blood/person2/blood_2_aug_526de206.mp4,0
blood,person3,blood_3.mp4,/content/drive/MyDrive/all dataset/blood/person3/blood_3.mp4,0
blood,person3,blood_3_aug_2.mp4,/content/drive/MyDrive/all dataset/blood/person3/blood_3_aug_2.mp4,0
blood,person3,blood_3_aug_4.mp4,/content/drive/MyDrive/all dataset/blood/person3/blood_3_aug_4.mp4,0
blood,person3,blood_3_aug_5.mp4,/content/drive/MyDrive/all dataset/blood/person3/blood_3_aug_5.mp4,0
blood,person3,blood_3_aug_6.mp4,/content/drive/MyDrive/all dataset/blood/person3/blood_3_aug_6.mp4,0
blood,person3,blood_3_aug_7.mp4,/content/drive/MyDrive/all dataset/blood/person3/blood_3_aug_7.mp4,0
blood,person3,blood_3_aug_8.mp4,/content/drive/MyDrive/all dataset/blood/person3/blood_3_aug_8.mp4,0
blood,person3,blood_3_aug_9.mp4,/content/drive/MyDrive/all dataset/blood/person3/blood_3_aug_9.mp4,0
blood,person3,blood_3_aug_10.mp4,/content/drive/MyDrive/all dataset/blood/person3/blood_3_aug_10.mp4,0
blood,person3,blood_3_aug_11.mp4,/content/drive/MyDrive/all dataset/blood/person3/blood_3_aug_11.mp4,0
blood,person3,blood_3_aug1.mp4,/content/drive/MyDrive/all dataset/blood/person3/blood_3_aug1.mp4,0
blood,person3,blood_3_aug_782b14da.mp4,/content/drive/MyDrive/all dataset/blood/person3/blood_3_aug_782b14da.mp4,0
blood,person3,blood_3_aug_99eb4608.mp4,/content/drive/MyDrive/all dataset/blood/person3/blood_3_aug_99eb4608.mp4,0
blood,person3,blood_3_aug_8d38a75a.mp4,/content/drive/MyDrive/all dataset/blood/person3/blood_3_aug_8d38a75a.mp4,0
blood,person3,blood_3_aug_e67ada52.mp4,/content/drive/MyDrive/all dataset/blood/person3/blood_3_aug_e67ada52.mp4,0
blood,person3,blood_3_aug_e670b0e0.mp4,/content/drive/MyDrive/all dataset/blood/person3/blood_3_aug_e670b0e0.mp4,0
blood,person3,blood_3_aug_31fc4461.mp4,/content/drive/MyDrive/all dataset/blood/person3/blood_3_aug_31fc4461.mp4,0
blood,person3,blood_3_aug_d492e47f.mp4,/content/drive/MyDrive/all dataset/blood/person3/blood_3_aug_d492e47f.mp4,0
blood,person3,blood_3_aug_bdef1605.mp4,/content/drive/MyDrive/all dataset/blood/person3/blood_3_aug_bdef1605.mp4,0
blood,person3,blood_3_aug_d67d7e4f.mp4,/content/drive/MyDrive/all dataset/blood/person3/blood_3_aug_d67d7e4f.mp4,0
blood,person4,blood_4_aug_1.mp4,/content/drive/MyDrive/all dataset/blood/person4/blood_4_aug_1.mp4,0
blood,person4,blood_4_aug_2.mp4,/content/drive/MyDrive/all dataset/blood/person4/blood_4_aug_2.mp4,0
blood,person4,blood_4_aug_4.mp4,/content/drive/MyDrive/all dataset/blood/person4/blood_4_aug_4.mp4,0
blood,person4,blood_4_aug_5.mp4,/content/drive/MyDrive/all dataset/blood/person4/blood_4_aug_5.mp4,0
blood,person4,blood_4_aug_6.mp4,/content/drive/MyDrive/all dataset/blood/person4/blood_4_aug_6.mp4,0
blood,person4,blood_4_aug_7.mp4,/content/drive/MyDrive/all dataset/blood/person4/blood_4_aug_7.mp4,0
blood,person4,blood_4_aug_8.mp4,/content/drive/MyDrive/all dataset/blood/person4/blood_4_aug_8.mp4,0
blood,person4,blood_4_aug_10.mp4,/content/drive/MyDrive/all dataset/blood/person4/blood_4_aug_10.mp4,0
blood,person4,blood_4_aug_11.mp4,/content/drive/MyDrive/all dataset/blood/person4/blood_4_aug_11.mp4,0
blood,person4,blood_11.mp4,/content/drive/MyDrive/all dataset/blood/person4/blood_11.mp4,0
blood,person4,blood_11_aug1.mp4,/content/drive/MyDrive/all dataset/blood/person4/blood_11_aug1.mp4,0
blood,person4,blood_11_aug_d09b7150.mp4,/content/drive/MyDrive/all dataset/blood/person4/blood_11_aug_d09b7150.mp4,0
blood,person4,blood_11_aug_47b65fdd.mp4,/content/drive/MyDrive/all dataset/blood/person4/blood_11_aug_47b65fdd.mp4,0
blood,person4,blood_11_aug_d3397880.mp4,/content/drive/MyDrive/all dataset/blood/person4/blood_11_aug_d3397880.mp4,0
blood,person4,blood_11_aug_51f89a72.mp4,/content/drive/MyDrive/all dataset/blood/person4/blood_11_aug_51f89a72.mp4,0
blood,person4,blood_11_aug_c89c9a15.mp4,/content/drive/MyDrive/all dataset/blood/person4/blood_11_aug_c89c9a15.mp4,0
blood,person4,blood_11_aug_495fd4f4.mp4,/content/drive/MyDrive/all dataset/blood/person4/blood_11_aug_495fd4f4.mp4,0
blood,person4,blood_11_aug_14e7a501.mp4,/content/drive/MyDrive/all dataset/blood/person4/blood_11_aug_14e7a501.mp4,0
blood,person4,blood_11_aug_6bc0df76.mp4,/content/drive/MyDrive/all dataset/blood/person4/blood_11_aug_6bc0df76.mp4,0
blood,person4,blood_11_aug_b4f7a65e.mp4,/content/drive/MyDrive/all dataset/blood/person4/blood_11_aug_b4f7a65e.mp4,0
blood,person5,blood_5.mp4,/content/drive/MyDrive/all dataset/blood/person5/blood_5.mp4,0
blood,person5,blood_5_aug_1.mp4,/content/drive/MyDrive/all dataset/blood/person5/blood_5_aug_1.mp4,0
blood,person5,blood_5_aug_2.mp4,/content/drive/MyDrive/all dataset/blood/person5/blood_5_aug_2.mp4,0
blood,person5,blood_5_aug_4.mp4,/content/drive/MyDrive/all dataset/blood/person5/blood_5_aug_4.mp4,0
blood,person5,blood_5_aug_5.mp4,/content/drive/MyDrive/all dataset/blood/person5/blood_5_aug_5.mp4,0
blood,person5,blood_5_aug_6.mp4,/content/drive/MyDrive/all dataset/blood/person5/blood_5_aug_6.mp4,0
blood,person5,blood_5_aug_7.mp4,/content/drive/MyDrive/all dataset/blood/person5/blood_5_aug_7.mp4,0
blood,person5,blood_5_aug_8.mp4,/content/drive/MyDrive/all dataset/blood/person5/blood_5_aug_8.mp4,0
blood,person5,blood_5_aug_10.mp4,/content/drive/MyDrive/all dataset/blood/person5/blood_5_aug_10.mp4,0
blood,person5,blood_5_aug_11.mp4,/content/drive/MyDrive/all dataset/blood/person5/blood_5_aug_11.mp4,0
blood,person5,blood_5_aug1.mp4,/content/drive/MyDrive/all dataset/blood/person5/blood_5_aug1.mp4,0
blood,person5,blood_5_aug_68b4bfec.mp4,/content/drive/MyDrive/all dataset/blood/person5/blood_5_aug_68b4bfec.mp4,0
blood,person5,blood_5_aug_ec206f7a.mp4,/content/drive/MyDrive/all dataset/blood/person5/blood_5_aug_ec206f7a.mp4,0
blood,person5,blood_5_aug_6cb0ad2f.mp4,/content/drive/MyDrive/all dataset/blood/person5/blood_5_aug_6cb0ad2f.mp4,0
blood,person5,blood_5_aug_0d92736c.mp4,/content/drive/MyDrive/all dataset/blood/person5/blood_5_aug_0d92736c.mp4,0
blood,person5,blood_5_aug_60926a63.mp4,/content/drive/MyDrive/all dataset/blood/person5/blood_5_aug_60926a63.mp4,0
blood,person5,blood_5_aug_2367a52d.mp4,/content/drive/MyDrive/all dataset/blood/person5/blood_5_aug_2367a52d.mp4,0
blood,person5,blood_5_aug_882bd65b.mp4,/content/drive/MyDrive/all dataset/blood/person5/blood_5_aug_882bd65b.mp4,0
blood,person5,blood_5_aug_09f2123a.mp4,/content/drive/MyDrive/all dataset/blood/person5/blood_5_aug_09f2123a.mp4,0
blood,person5,blood_5_aug_01dd2ecd.mp4,/content/drive/MyDrive/all dataset/blood/person5/blood_5_aug_01dd2ecd.mp4,0
blood,person6,blood_6.mp4,/content/drive/MyDrive/all dataset/blood/person6/blood_6.mp4,0
blood,person6,blood_6_aug_1.mp4,/content/drive/MyDrive/all dataset/blood/person6/blood_6_aug_1.mp4,0
blood,person6,blood_6_aug_3.mp4,/content/drive/MyDrive/all dataset/blood/person6/blood_6_aug_3.mp4,0
blood,person6,blood_6_aug_4.mp4,/content/drive/MyDrive/all dataset/blood/person6/blood_6_aug_4.mp4,0
blood,person6,blood_6_aug_5.mp4,/content/drive/MyDrive/all dataset/blood/person6/blood_6_aug_5.mp4,0
blood,person6,blood_6_aug_6.mp4,/content/drive/MyDrive/all dataset/blood/person6/blood_6_aug_6.mp4,0
blood,person6,blood_6_aug_8.mp4,/content/drive/MyDrive/all dataset/blood/person6/blood_6_aug_8.mp4,0
blood,person6,blood_6_aug_9.mp4,/content/drive/MyDrive/all dataset/blood/person6/blood_6_aug_9.mp4,0
blood,person6,blood_6_aug_10.mp4,/content/drive/MyDrive/all dataset/blood/person6/blood_6_aug_10.mp4,0
blood,person6,blood_6_aug_11.mp4,/content/drive/MyDrive/all dataset/blood/person6/blood_6_aug_11.mp4,0
blood,person6,blood_6_aug1.mp4,/content/drive/MyDrive/all dataset/blood/person6/blood_6_aug1.mp4,0
blood,person6,blood_6_aug_d5b826c7.mp4,/content/drive/MyDrive/all dataset/blood/person6/blood_6_aug_d5b826c7.mp4,0
blood,person6,blood_6_aug_2457c1ce.mp4,/content/drive/MyDrive/all dataset/blood/person6/blood_6_aug_2457c1ce.mp4,0
blood,person6,blood_6_aug_b6fe5c38.mp4,/content/drive/MyDrive/all dataset/blood/person6/blood_6_aug_b6fe5c38.mp4,0
blood,person6,blood_6_aug_cb2ecbf9.mp4,/content/drive/MyDrive/all dataset/blood/person6/blood_6_aug_cb2ecbf9.mp4,0
blood,person6,blood_6_aug_6d1f3abb.mp4,/content/drive/MyDrive/all dataset/blood/person6/blood_6_aug_6d1f3abb.mp4,0
blood,person6,blood_6_aug_4cf71a44.mp4,/content/drive/MyDrive/all dataset/blood/person6/blood_6_aug_4cf71a44.mp4,0
blood,person6,blood_6_aug_10bbdbd8.mp4,/content/drive/MyDrive/all dataset/blood/person6/blood_6_aug_10bbdbd8.mp4,0
blood,person6,blood_6_aug_760b5056.mp4,/content/drive/MyDrive/all dataset/blood/person6/blood_6_aug_760b5056.mp4,0
blood,person6,blood_6_aug_9ba94fa4.mp4,/content/drive/MyDrive/all dataset/blood/person6/blood_6_aug_9ba94fa4.mp4,0
blood,person7,blood_7_aug_1.mp4,/content/drive/MyDrive/all dataset/blood/person7/blood_7_aug_1.mp4,0
blood,person7,blood_7_aug_2.mp4,/content/drive/MyDrive/all dataset/blood/person7/blood_7_aug_2.mp4,0
blood,person7,blood_7_aug_3.mp4,/content/drive/MyDrive/all dataset/blood/person7/blood_7_aug_3.mp4,0
blood,person7,blood_7_aug_4.mp4,/content/drive/MyDrive/all dataset/blood/person7/blood_7_aug_4.mp4,0
blood,person7,blood_7_aug_5.mp4,/content/drive/MyDrive/all dataset/blood/person7/blood_7_aug_5.mp4,0
blood,person7,blood_7_aug_6.mp4,/content/drive/MyDrive/all dataset/blood/person7/blood_7_aug_6.mp4,0
blood,person7,blood_7_aug_8.mp4,/content/drive/MyDrive/all dataset/blood/person7/blood_7_aug_8.mp4,0
blood,person7,blood_7_aug_9.mp4,/content/drive/MyDrive/all dataset/blood/person7/blood_7_aug_9.mp4,0
blood,person7,blood_7_aug_10.mp4,/content/drive/MyDrive/all dataset/blood/person7/blood_7_aug_10.mp4,0
blood,person7,blood_7_aug_11.mp4,/content/drive/MyDrive/all dataset/blood/person7/blood_7_aug_11.mp4,0
blood,person7,blood_7_aug_1_aug_5fb9b0ef.mp4,/content/drive/MyDrive/all dataset/blood/person7/blood_7_aug_1_aug_5fb9b0ef.mp4,0
blood,person7,blood_7_aug_10_aug_03259d8f.mp4,/content/drive/MyDrive/all dataset/blood/person7/blood_7_aug_10_aug_03259d8f.mp4,0
blood,person7,blood_7_aug_11_aug_f86f6411.mp4,/content/drive/MyDrive/all dataset/blood/person7/blood_7_aug_11_aug_f86f6411.mp4,0
blood,person7,blood_7_aug_2_aug_df433309.mp4,/content/drive/MyDrive/all dataset/blood/person7/blood_7_aug_2_aug_df433309.mp4,0
blood,person7,blood_7_aug_3_aug_753c2865.mp4,/content/drive/MyDrive/all dataset/blood/person7/blood_7_aug_3_aug_753c2865.mp4,0
blood,person7,blood_7_aug_4_aug_4f7613f0.mp4,/content/drive/MyDrive/all dataset/blood/person7/blood_7_aug_4_aug_4f7613f0.mp4,0
blood,person7,blood_7_aug_5_aug_182ff1cb.mp4,/content/drive/MyDrive/all dataset/blood/person7/blood_7_aug_5_aug_182ff1cb.mp4,0
blood,person7,blood_7_aug_6_aug_2448ae0d.mp4,/content/drive/MyDrive/all dataset/blood/person7/blood_7_aug_6_aug_2448ae0d.mp4,0
blood,person7,blood_7_aug_8_aug_a48b34f3.mp4,/content/drive/MyDrive/all dataset/blood/person7/blood_7_aug_8_aug_a48b34f3.mp4,0
blood,person7,blood_7_aug_9_aug_5bf3c3f1.mp4,/content/drive/MyDrive/all dataset/blood/person7/blood_7_aug_9_aug_5bf3c3f1.mp4,0
blood,person8,blood_8.mp4,/content/drive/MyDrive/all dataset/blood/person8/blood_8.mp4,0
blood,person8,blood_8_aug_1.mp4,/content/drive/MyDrive/all dataset/blood/person8/blood_8_aug_1.mp4,0
blood,person8,blood_8_aug_2.mp4,/content/drive/MyDrive/all dataset/blood/person8/blood_8_aug_2.mp4,0
blood,person8,blood_8_aug_3.mp4,/content/drive/MyDrive/all dataset/blood/person8/blood_8_aug_3.mp4,0
blood,person8,blood_8_aug_4.mp4,/content/drive/MyDrive/all dataset/blood/person8/blood_8_aug_4.mp4,0
blood,person8,blood_8_aug_6.mp4,/content/drive/MyDrive/all dataset/blood/person8/blood_8_aug_6.mp4,0
blood,person8,blood_8_aug_7.mp4,/content/drive/MyDrive/all dataset/blood/person8/blood_8_aug_7.mp4,0
blood,person8,blood_8_aug_8.mp4,/content/drive/MyDrive/all dataset/blood/person8/blood_8_aug_8.mp4,0
blood,person8,blood_8_aug_10.mp4,/content/drive/MyDrive/all dataset/blood/person8/blood_8_aug_10.mp4,0
blood,person8,blood_8_aug_11.mp4,/content/drive/MyDrive/all dataset/blood/person8/blood_8_aug_11.mp4,0
blood,person8,blood_8_aug1.mp4,/content/drive/MyDrive/all dataset/blood/person8/blood_8_aug1.mp4,0
blood,person8,blood_8_aug_3affdee3.mp4,/content/drive/MyDrive/all dataset/blood/person8/blood_8_aug_3affdee3.mp4,0
blood,person8,blood_8_aug_46ed9386.mp4,/content/drive/MyDrive/all dataset/blood/person8/blood_8_aug_46ed9386.mp4,0
blood,person8,blood_8_aug_2a626e9d.mp4,/content/drive/MyDrive/all dataset/blood/person8/blood_8_aug_2a626e9d.mp4,0
blood,person8,blood_8_aug_3ac7a037.mp4,/content/drive/MyDrive/all dataset/blood/person8/blood_8_aug_3ac7a037.mp4,0
blood,person8,blood_8_aug_e0060da2.mp4,/content/drive/MyDrive/all dataset/blood/person8/blood_8_aug_e0060da2.mp4,0
blood,person8,blood_8_aug_3d1e539b.mp4,/content/drive/MyDrive/all dataset/blood/person8/blood_8_aug_3d1e539b.mp4,0
blood,person8,blood_8_aug_afe3447b.mp4,/content/drive/MyDrive/all dataset/blood/person8/blood_8_aug_afe3447b.mp4,0
blood,person8,blood_8_aug_2f68fda9.mp4,/content/drive/MyDrive/all dataset/blood/person8/blood_8_aug_2f68fda9.mp4,0
blood,person8,blood_8_aug_4abec3e1.mp4,/content/drive/MyDrive/all dataset/blood/person8/blood_8_aug_4abec3e1.mp4,0
blood,person9,blood_9.mp4,/content/drive/MyDrive/all dataset/blood/person9/blood_9.mp4,0
blood,person9,blood_9_aug_2.mp4,/content/drive/MyDrive/all dataset/blood/person9/blood_9_aug_2.mp4,0
blood,person9,blood_9_aug_3.mp4,/content/drive/MyDrive/all dataset/blood/person9/blood_9_aug_3.mp4,0
blood,person9,blood_9_aug_4.mp4,/content/drive/MyDrive/all dataset/blood/person9/blood_9_aug_4.mp4,0
blood,person9,blood_9_aug_5.mp4,/content/drive/MyDrive/all dataset/blood/person9/blood_9_aug_5.mp4,0
blood,person9,blood_9_aug_7.mp4,/content/drive/MyDrive/all dataset/blood/person9/blood_9_aug_7.mp4,0
blood,person9,blood_9_aug_8.mp4,/content/drive/MyDrive/all dataset/blood/person9/blood_9_aug_8.mp4,0
blood,person9,blood_9_aug_9.mp4,/content/drive/MyDrive/all dataset/blood/person9/blood_9_aug_9.mp4,0
blood,person9,blood_9_aug_10.mp4,/content/drive/MyDrive/all dataset/blood/person9/blood_9_aug_10.mp4,0
blood,person9,blood_9_aug_11.mp4,/content/drive/MyDrive/all dataset/blood/person9/blood_9_aug_11.mp4,0
blood,person9,blood_9_aug1.mp4,/content/drive/MyDrive/all dataset/blood/person9/blood_9_aug1.mp4,0
blood,person9,blood_9_aug_22d4193d.mp4,/content/drive/MyDrive/all dataset/blood/person9/blood_9_aug_22d4193d.mp4,0
blood,person9,blood_9_aug_1423c20a.mp4,/content/drive/MyDrive/all dataset/blood/person9/blood_9_aug_1423c20a.mp4,0
blood,person9,blood_9_aug_99812c15.mp4,/content/drive/MyDrive/all dataset/blood/person9/blood_9_aug_99812c15.mp4,0
blood,person9,blood_9_aug_e43aa6aa.mp4,/content/drive/MyDrive/all dataset/blood/person9/blood_9_aug_e43aa6aa.mp4,0
blood,person9,blood_9_aug_fbcae176.mp4,/content/drive/MyDrive/all dataset/blood/person9/blood_9_aug_fbcae176.mp4,0
blood,person9,blood_9_aug_83b096c3.mp4,/content/drive/MyDrive/all dataset/blood/person9/blood_9_aug_83b096c3.mp4,0
blood,person9,blood_9_aug_a07fec2f.mp4,/content/drive/MyDrive/all dataset/blood/person9/blood_9_aug_a07fec2f.mp4,0
blood,person9,blood_9_aug_8fa3d139.mp4,/content/drive/MyDrive/all dataset/blood/person9/blood_9_aug_8fa3d139.mp4,0
blood,person9,blood_9_aug_0b919f6e.mp4,/content/drive/MyDrive/all dataset/blood/person9/blood_9_aug_0b919f6e.mp4,0
book,person6,book_1.mp4,/content/drive/MyDrive/all dataset/book/person6/book_1.mp4,0
book,person6,book_1_aug_1.mp4,/content/drive/MyDrive/all dataset/book/person6/book_1_aug_1.mp4,0
book,person6,book_1_aug_2.mp4,/content/drive/MyDrive/all dataset/book/person6/book_1_aug_2.mp4,0
book,person6,book_1_aug_3.mp4,/content/drive/MyDrive/all dataset/book/person6/book_1_aug_3.mp4,0
book,person6,book_1_aug_4.mp4,/content/drive/MyDrive/all dataset/book/person6/book_1_aug_4.mp4,0
book,person6,book_1_aug_6.mp4,/content/drive/MyDrive/all dataset/book/person6/book_1_aug_6.mp4,0
book,person6,book_1_aug_9.mp4,/content/drive/MyDrive/all dataset/book/person6/book_1_aug_9.mp4,0
book,person6,book_1_aug_11.mp4,/content/drive/MyDrive/all dataset/book/person6/book_1_aug_11.mp4,0
book,person6,book_1_aug_12.mp4,/content/drive/MyDrive/all dataset/book/person6/book_1_aug_12.mp4,0
book,person6,book_1_aug_14.mp4,/content/drive/MyDrive/all dataset/book/person6/book_1_aug_14.mp4,0
book,person6,book_1_aug1.mp4,/content/drive/MyDrive/all dataset/book/person6/book_1_aug1.mp4,0
book,person6,book_1_aug_09d942a4.mp4,/content/drive/MyDrive/all dataset/book/person6/book_1_aug_09d942a4.mp4,0
book,person6,book_1_aug_4858bf82.mp4,/content/drive/MyDrive/all dataset/book/person6/book_1_aug_4858bf82.mp4,0
book,person6,book_1_aug_5da5342f.mp4,/content/drive/MyDrive/all dataset/book/person6/book_1_aug_5da5342f.mp4,0
book,person6,book_1_aug_f9b3298c.mp4,/content/drive/MyDrive/all dataset/book/person6/book_1_aug_f9b3298c.mp4,0
book,person6,book_1_aug_7590e3dd.mp4,/content/drive/MyDrive/all dataset/book/person6/book_1_aug_7590e3dd.mp4,0
book,person6,book_1_aug_6791c9f1.mp4,/content/drive/MyDrive/all dataset/book/person6/book_1_aug_6791c9f1.mp4,0
book,person6,book_1_aug_ccf319ee.mp4,/content/drive/MyDrive/all dataset/book/person6/book_1_aug_ccf319ee.mp4,0
book,person6,book_1_aug_fec11495.mp4,/content/drive/MyDrive/all dataset/book/person6/book_1_aug_fec11495.mp4,0
book,person6,book_1_aug_72d8abc0.mp4,/content/drive/MyDrive/all dataset/book/person6/book_1_aug_72d8abc0.mp4,0
book,person1,book_1.mp4,/content/drive/MyDrive/all dataset/book/person1/book_1.mp4,0
book,person1,book_1_aug_2.mp4,/content/drive/MyDrive/all dataset/book/person1/book_1_aug_2.mp4,0
book,person1,book_1_aug_4.mp4,/content/drive/MyDrive/all dataset/book/person1/book_1_aug_4.mp4,0
book,person1,book_1_aug_5.mp4,/content/drive/MyDrive/all dataset/book/person1/book_1_aug_5.mp4,0
book,person1,book_1_aug_6.mp4,/content/drive/MyDrive/all dataset/book/person1/book_1_aug_6.mp4,0
book,person1,book_1_aug_7.mp4,/content/drive/MyDrive/all dataset/book/person1/book_1_aug_7.mp4,0
book,person1,book_1_aug_8.mp4,/content/drive/MyDrive/all dataset/book/person1/book_1_aug_8.mp4,0
book,person1,book_1_aug_10.mp4,/content/drive/MyDrive/all dataset/book/person1/book_1_aug_10.mp4,0
book,person1,book_1_aug_11.mp4,/content/drive/MyDrive/all dataset/book/person1/book_1_aug_11.mp4,0
book,person1,book_1_aug_13.mp4,/content/drive/MyDrive/all dataset/book/person1/book_1_aug_13.mp4,0
book,person1,book_1_aug1.mp4,/content/drive/MyDrive/all dataset/book/person1/book_1_aug1.mp4,0
book,person1,book_1_aug_424076c0.mp4,/content/drive/MyDrive/all dataset/book/person1/book_1_aug_424076c0.mp4,0
book,person1,book_1_aug_d3bbf858.mp4,/content/drive/MyDrive/all dataset/book/person1/book_1_aug_d3bbf858.mp4,0
book,person1,book_1_aug_cd7b3605.mp4,/content/drive/MyDrive/all dataset/book/person1/book_1_aug_cd7b3605.mp4,0
book,person1,book_1_aug_2386923e.mp4,/content/drive/MyDrive/all dataset/book/person1/book_1_aug_2386923e.mp4,0
book,person1,book_1_aug_9a4d96a7.mp4,/content/drive/MyDrive/all dataset/book/person1/book_1_aug_9a4d96a7.mp4,0
book,person1,book_1_aug_9f653678.mp4,/content/drive/MyDrive/all dataset/book/person1/book_1_aug_9f653678.mp4,0
book,person1,book_1_aug_501c56b2.mp4,/content/drive/MyDrive/all dataset/book/person1/book_1_aug_501c56b2.mp4,0
book,person1,book_1_aug_b3b04be5.mp4,/content/drive/MyDrive/all dataset/book/person1/book_1_aug_b3b04be5.mp4,0
book,person1,book_1_aug_55c450ae.mp4,/content/drive/MyDrive/all dataset/book/person1/book_1_aug_55c450ae.mp4,0
book,person2,book_1.mp4,/content/drive/MyDrive/all dataset/book/person2/book_1.mp4,0
book,person2,book_1_aug_1.mp4,/content/drive/MyDrive/all dataset/book/person2/book_1_aug_1.mp4,0
book,person2,book_1_aug_2.mp4,/content/drive/MyDrive/all dataset/book/person2/book_1_aug_2.mp4,0
book,person2,book_1_aug_3.mp4,/content/drive/MyDrive/all dataset/book/person2/book_1_aug_3.mp4,0
book,person2,book_1_aug_6.mp4,/content/drive/MyDrive/all dataset/book/person2/book_1_aug_6.mp4,0
book,person2,book_1_aug_9.mp4,/content/drive/MyDrive/all dataset/book/person2/book_1_aug_9.mp4,0
book,person2,book_1_aug_10.mp4,/content/drive/MyDrive/all dataset/book/person2/book_1_aug_10.mp4,0
book,person2,book_1_aug_11.mp4,/content/drive/MyDrive/all dataset/book/person2/book_1_aug_11.mp4,0
book,person2,book_1_aug_12.mp4,/content/drive/MyDrive/all dataset/book/person2/book_1_aug_12.mp4,0
book,person2,book_1_aug_14.mp4,/content/drive/MyDrive/all dataset/book/person2/book_1_aug_14.mp4,0
book,person2,book_1_aug1.mp4,/content/drive/MyDrive/all dataset/book/person2/book_1_aug1.mp4,0
book,person2,book_1_aug_ef72e6c3.mp4,/content/drive/MyDrive/all dataset/book/person2/book_1_aug_ef72e6c3.mp4,0
book,person2,book_1_aug_af896529.mp4,/content/drive/MyDrive/all dataset/book/person2/book_1_aug_af896529.mp4,0
book,person2,book_1_aug_b93f3a47.mp4,/content/drive/MyDrive/all dataset/book/person2/book_1_aug_b93f3a47.mp4,0
book,person2,book_1_aug_4489477a.mp4,/content/drive/MyDrive/all dataset/book/person2/book_1_aug_4489477a.mp4,0
book,person2,book_1_aug_0569b8cb.mp4,/content/drive/MyDrive/all dataset/book/person2/book_1_aug_0569b8cb.mp4,0
book,person2,book_1_aug_51bc0b1b.mp4,/content/drive/MyDrive/all dataset/book/person2/book_1_aug_51bc0b1b.mp4,0
book,person2,book_1_aug_5632f05d.mp4,/content/drive/MyDrive/all dataset/book/person2/book_1_aug_5632f05d.mp4,0
book,person2,book_1_aug_27b701b0.mp4,/content/drive/MyDrive/all dataset/book/person2/book_1_aug_27b701b0.mp4,0
book,person2,book_1_aug_e311a787.mp4,/content/drive/MyDrive/all dataset/book/person2/book_1_aug_e311a787.mp4,0
book,person3,book_1_aug_2.mp4,/content/drive/MyDrive/all dataset/book/person3/book_1_aug_2.mp4,0
book,person3,book_1_aug_3.mp4,/content/drive/MyDrive/all dataset/book/person3/book_1_aug_3.mp4,0
book,person3,book_1_aug_4.mp4,/content/drive/MyDrive/all dataset/book/person3/book_1_aug_4.mp4,0
book,person3,book_1_aug_7.mp4,/content/drive/MyDrive/all dataset/book/person3/book_1_aug_7.mp4,0
book,person3,book_1_aug_8.mp4,/content/drive/MyDrive/all dataset/book/person3/book_1_aug_8.mp4,0
book,person3,book_1_aug_9.mp4,/content/drive/MyDrive/all dataset/book/person3/book_1_aug_9.mp4,0
book,person3,book_1_aug_10.mp4,/content/drive/MyDrive/all dataset/book/person3/book_1_aug_10.mp4,0
book,person3,book_1_aug_12.mp4,/content/drive/MyDrive/all dataset/book/person3/book_1_aug_12.mp4,0
book,person3,book_1_aug_13.mp4,/content/drive/MyDrive/all dataset/book/person3/book_1_aug_13.mp4,0
book,person3,book_1_aug_14.mp4,/content/drive/MyDrive/all dataset/book/person3/book_1_aug_14.mp4,0
book,person3,book_1_aug_10_aug_1b01424d.mp4,/content/drive/MyDrive/all dataset/book/person3/book_1_aug_10_aug_1b01424d.mp4,0
book,person3,book_1_aug_12_aug_5e64bad4.mp4,/content/drive/MyDrive/all dataset/book/person3/book_1_aug_12_aug_5e64bad4.mp4,0
book,person3,book_1_aug_13_aug_4fc4d215.mp4,/content/drive/MyDrive/all dataset/book/person3/book_1_aug_13_aug_4fc4d215.mp4,0
book,person3,book_1_aug_14_aug_411da65a.mp4,/content/drive/MyDrive/all dataset/book/person3/book_1_aug_14_aug_411da65a.mp4,0
book,person3,book_1_aug_2_aug_85635aeb.mp4,/content/drive/MyDrive/all dataset/book/person3/book_1_aug_2_aug_85635aeb.mp4,0
book,person3,book_1_aug_3_aug_678f7d26.mp4,/content/drive/MyDrive/all dataset/book/person3/book_1_aug_3_aug_678f7d26.mp4,0
book,person3,book_1_aug_4_aug_642cb12a.mp4,/content/drive/MyDrive/all dataset/book/person3/book_1_aug_4_aug_642cb12a.mp4,0
book,person3,book_1_aug_7_aug_e2667708.mp4,/content/drive/MyDrive/all dataset/book/person3/book_1_aug_7_aug_e2667708.mp4,0
book,person3,book_1_aug_8_aug_98d115d3.mp4,/content/drive/MyDrive/all dataset/book/person3/book_1_aug_8_aug_98d115d3.mp4,0
book,person3,book_1_aug_9_aug_445a28c5.mp4,/content/drive/MyDrive/all dataset/book/person3/book_1_aug_9_aug_445a28c5.mp4,0
book,person4,book_1.mp4,/content/drive/MyDrive/all dataset/book/person4/book_1.mp4,0
book,person4,book_1_aug_2.mp4,/content/drive/MyDrive/all dataset/book/person4/book_1_aug_2.mp4,0
book,person4,book_1_aug_3.mp4,/content/drive/MyDrive/all dataset/book/person4/book_1_aug_3.mp4,0
book,person4,book_1_aug_4.mp4,/content/drive/MyDrive/all dataset/book/person4/book_1_aug_4.mp4,0
book,person4,book_1_aug_5.mp4,/content/drive/MyDrive/all dataset/book/person4/book_1_aug_5.mp4,0
book,person4,book_1_aug_6.mp4,/content/drive/MyDrive/all dataset/book/person4/book_1_aug_6.mp4,0
book,person4,book_1_aug_8.mp4,/content/drive/MyDrive/all dataset/book/person4/book_1_aug_8.mp4,0
book,person4,book_1_aug_10.mp4,/content/drive/MyDrive/all dataset/book/person4/book_1_aug_10.mp4,0
book,person4,book_1_aug_13.mp4,/content/drive/MyDrive/all dataset/book/person4/book_1_aug_13.mp4,0
book,person4,book_1_aug_14.mp4,/content/drive/MyDrive/all dataset/book/person4/book_1_aug_14.mp4,0
book,person4,book_1_aug1.mp4,/content/drive/MyDrive/all dataset/book/person4/book_1_aug1.mp4,0
book,person4,book_1_aug_a37025d5.mp4,/content/drive/MyDrive/all dataset/book/person4/book_1_aug_a37025d5.mp4,0
book,person4,book_1_aug_a224c1e3.mp4,/content/drive/MyDrive/all dataset/book/person4/book_1_aug_a224c1e3.mp4,0
book,person4,book_1_aug_4876e3d3.mp4,/content/drive/MyDrive/all dataset/book/person4/book_1_aug_4876e3d3.mp4,0
book,person4,book_1_aug_fed8af66.mp4,/content/drive/MyDrive/all dataset/book/person4/book_1_aug_fed8af66.mp4,0
book,person4,book_1_aug_ae1b2445.mp4,/content/drive/MyDrive/all dataset/book/person4/book_1_aug_ae1b2445.mp4,0
book,person4,book_1_aug_7beebc1e.mp4,/content/drive/MyDrive/all dataset/book/person4/book_1_aug_7beebc1e.mp4,0
book,person4,book_1_aug_3e3cad99.mp4,/content/drive/MyDrive/all dataset/book/person4/book_1_aug_3e3cad99.mp4,0
book,person4,book_1_aug_a7e029c3.mp4,/content/drive/MyDrive/all dataset/book/person4/book_1_aug_a7e029c3.mp4,0
book,person4,book_1_aug_5b10fb32.mp4,/content/drive/MyDrive/all dataset/book/person4/book_1_aug_5b10fb32.mp4,0
book,person5,book_1.mp4,/content/drive/MyDrive/all dataset/book/person5/book_1.mp4,0
book,person5,book_1_aug_3.mp4,/content/drive/MyDrive/all dataset/book/person5/book_1_aug_3.mp4,0
book,person5,book_1_aug_4.mp4,/content/drive/MyDrive/all dataset/book/person5/book_1_aug_4.mp4,0
book,person5,book_1_aug_5.mp4,/content/drive/MyDrive/all dataset/book/person5/book_1_aug_5.mp4,0
book,person5,book_1_aug_6.mp4,/content/drive/MyDrive/all dataset/book/person5/book_1_aug_6.mp4,0
book,person5,book_1_aug_7.mp4,/content/drive/MyDrive/all dataset/book/person5/book_1_aug_7.mp4,0
book,person5,book_1_aug_9.mp4,/content/drive/MyDrive/all dataset/book/person5/book_1_aug_9.mp4,0
book,person5,book_1_aug_10.mp4,/content/drive/MyDrive/all dataset/book/person5/book_1_aug_10.mp4,0
book,person5,book_1_aug_11.mp4,/content/drive/MyDrive/all dataset/book/person5/book_1_aug_11.mp4,0
book,person5,book_1_aug_13.mp4,/content/drive/MyDrive/all dataset/book/person5/book_1_aug_13.mp4,0
book,person5,book_1_aug1.mp4,/content/drive/MyDrive/all dataset/book/person5/book_1_aug1.mp4,0
book,person5,book_1_aug_d7eaa8aa.mp4,/content/drive/MyDrive/all dataset/book/person5/book_1_aug_d7eaa8aa.mp4,0
book,person5,book_1_aug_a54c8c22.mp4,/content/drive/MyDrive/all dataset/book/person5/book_1_aug_a54c8c22.mp4,0
book,person5,book_1_aug_f192b3e2.mp4,/content/drive/MyDrive/all dataset/book/person5/book_1_aug_f192b3e2.mp4,0
book,person5,book_1_aug_ad2a63c9.mp4,/content/drive/MyDrive/all dataset/book/person5/book_1_aug_ad2a63c9.mp4,0
book,person5,book_1_aug_0a6696cb.mp4,/content/drive/MyDrive/all dataset/book/person5/book_1_aug_0a6696cb.mp4,0
book,person5,book_1_aug_4bdb9412.mp4,/content/drive/MyDrive/all dataset/book/person5/book_1_aug_4bdb9412.mp4,0
book,person5,book_1_aug_b9a7d14f.mp4,/content/drive/MyDrive/all dataset/book/person5/book_1_aug_b9a7d14f.mp4,0
book,person5,book_1_aug_f2f7d838.mp4,/content/drive/MyDrive/all dataset/book/person5/book_1_aug_f2f7d838.mp4,0
book,person5,book_1_aug_081627d7.mp4,/content/drive/MyDrive/all dataset/book/person5/book_1_aug_081627d7.mp4,0
book,person7,book_1.mp4,/content/drive/MyDrive/all dataset/book/person7/book_1.mp4,0
book,person7,book_1_aug_1.mp4,/content/drive/MyDrive/all dataset/book/person7/book_1_aug_1.mp4,0
book,person7,book_1_aug_2.mp4,/content/drive/MyDrive/all dataset/book/person7/book_1_aug_2.mp4,0
book,person7,book_1_aug_3.mp4,/content/drive/MyDrive/all dataset/book/person7/book_1_aug_3.mp4,0
book,person7,book_1_aug_4.mp4,/content/drive/MyDrive/all dataset/book/person7/book_1_aug_4.mp4,0
book,person7,book_1_aug_6.mp4,/content/drive/MyDrive/all dataset/book/person7/book_1_aug_6.mp4,0
book,person7,book_1_aug_8.mp4,/content/drive/MyDrive/all dataset/book/person7/book_1_aug_8.mp4,0
book,person7,book_1_aug_9.mp4,/content/drive/MyDrive/all dataset/book/person7/book_1_aug_9.mp4,0
book,person7,book_1_aug_10.mp4,/content/drive/MyDrive/all dataset/book/person7/book_1_aug_10.mp4,0
book,person7,book_1_aug_14.mp4,/content/drive/MyDrive/all dataset/book/person7/book_1_aug_14.mp4,0
book,person7,book_1_aug1.mp4,/content/drive/MyDrive/all dataset/book/person7/book_1_aug1.mp4,0
book,person7,book_1_aug_dd1511b5.mp4,/content/drive/MyDrive/all dataset/book/person7/book_1_aug_dd1511b5.mp4,0
book,person7,book_1_aug_766087c3.mp4,/content/drive/MyDrive/all dataset/book/person7/book_1_aug_766087c3.mp4,0
book,person7,book_1_aug_7bdfc6f0.mp4,/content/drive/MyDrive/all dataset/book/person7/book_1_aug_7bdfc6f0.mp4,0
book,person7,book_1_aug_38c50ba3.mp4,/content/drive/MyDrive/all dataset/book/person7/book_1_aug_38c50ba3.mp4,0
book,person7,book_1_aug_4d3fc241.mp4,/content/drive/MyDrive/all dataset/book/person7/book_1_aug_4d3fc241.mp4,0
book,person7,book_1_aug_e29ad12a.mp4,/content/drive/MyDrive/all dataset/book/person7/book_1_aug_e29ad12a.mp4,0
book,person7,book_1_aug_8be0aae2.mp4,/content/drive/MyDrive/all dataset/book/person7/book_1_aug_8be0aae2.mp4,0
book,person7,book_1_aug_b6f6ece5.mp4,/content/drive/MyDrive/all dataset/book/person7/book_1_aug_b6f6ece5.mp4,0
book,person7,book_1_aug_cf4ec28a.mp4,/content/drive/MyDrive/all dataset/book/person7/book_1_aug_cf4ec28a.mp4,0
book,person8,book_1.mp4,/content/drive/MyDrive/all dataset/book/person8/book_1.mp4,0
book,person8,book_1_aug_2.mp4,/content/drive/MyDrive/all dataset/book/person8/book_1_aug_2.mp4,0
book,person8,book_1_aug_3.mp4,/content/drive/MyDrive/all dataset/book/person8/book_1_aug_3.mp4,0
book,person8,book_1_aug_6.mp4,/content/drive/MyDrive/all dataset/book/person8/book_1_aug_6.mp4,0
book,person8,book_1_aug_7.mp4,/content/drive/MyDrive/all dataset/book/person8/book_1_aug_7.mp4,0
book,person8,book_1_aug_8.mp4,/content/drive/MyDrive/all dataset/book/person8/book_1_aug_8.mp4,0
book,person8,book_1_aug_11.mp4,/content/drive/MyDrive/all dataset/book/person8/book_1_aug_11.mp4,0
book,person8,book_1_aug_12.mp4,/content/drive/MyDrive/all dataset/book/person8/book_1_aug_12.mp4,0
book,person8,book_1_aug_13.mp4,/content/drive/MyDrive/all dataset/book/person8/book_1_aug_13.mp4,0
book,person8,book_1_aug_14.mp4,/content/drive/MyDrive/all dataset/book/person8/book_1_aug_14.mp4,0
book,person8,book_1_aug1.mp4,/content/drive/MyDrive/all dataset/book/person8/book_1_aug1.mp4,0
book,person8,book_1_aug_12a063c7.mp4,/content/drive/MyDrive/all dataset/book/person8/book_1_aug_12a063c7.mp4,0
book,person8,book_1_aug_d79d1ec8.mp4,/content/drive/MyDrive/all dataset/book/person8/book_1_aug_d79d1ec8.mp4,0
book,person8,book_1_aug_d0879c2a.mp4,/content/drive/MyDrive/all dataset/book/person8/book_1_aug_d0879c2a.mp4,0
book,person8,book_1_aug_5a7395f7.mp4,/content/drive/MyDrive/all dataset/book/person8/book_1_aug_5a7395f7.mp4,0
book,person8,book_1_aug_dcd483b4.mp4,/content/drive/MyDrive/all dataset/book/person8/book_1_aug_dcd483b4.mp4,0
book,person8,book_1_aug_28af56b2.mp4,/content/drive/MyDrive/all dataset/book/person8/book_1_aug_28af56b2.mp4,0
book,person8,book_1_aug_51a83f67.mp4,/content/drive/MyDrive/all dataset/book/person8/book_1_aug_51a83f67.mp4,0
book,person8,book_1_aug_3008b029.mp4,/content/drive/MyDrive/all dataset/book/person8/book_1_aug_3008b029.mp4,0
book,person8,book_1_aug_75f81a17.mp4,/content/drive/MyDrive/all dataset/book/person8/book_1_aug_75f81a17.mp4,0
book,person9,book_1.mp4,/content/drive/MyDrive/all dataset/book/person9/book_1.mp4,0
book,person9,book_1_aug_1.mp4,/content/drive/MyDrive/all dataset/book/person9/book_1_aug_1.mp4,0
book,person9,book_1_aug_4.mp4,/content/drive/MyDrive/all dataset/book/person9/book_1_aug_4.mp4,0
book,person9,book_1_aug_5.mp4,/content/drive/MyDrive/all dataset/book/person9/book_1_aug_5.mp4,0
book,person9,book_1_aug_7.mp4,/content/drive/MyDrive/all dataset/book/person9/book_1_aug_7.mp4,0
book,person9,book_1_aug_8.mp4,/content/drive/MyDrive/all dataset/book/person9/book_1_aug_8.mp4,0
book,person9,book_1_aug_9.mp4,/content/drive/MyDrive/all dataset/book/person9/book_1_aug_9.mp4,0
book,person9,book_1_aug_12.mp4,/content/drive/MyDrive/all dataset/book/person9/book_1_aug_12.mp4,0
book,person9,book_1_aug_13.mp4,/content/drive/MyDrive/all dataset/book/person9/book_1_aug_13.mp4,0
book,person9,book_1_aug_14.mp4,/content/drive/MyDrive/all dataset/book/person9/book_1_aug_14.mp4,0
book,person9,book_1_aug1.mp4,/content/drive/MyDrive/all dataset/book/person9/book_1_aug1.mp4,0
book,person9,book_1_aug_39fdacd6.mp4,/content/drive/MyDrive/all dataset/book/person9/book_1_aug_39fdacd6.mp4,0
book,person9,book_1_aug_b0a48ce0.mp4,/content/drive/MyDrive/all dataset/book/person9/book_1_aug_b0a48ce0.mp4,0
book,person9,book_1_aug_fbc7422f.mp4,/content/drive/MyDrive/all dataset/book/person9/book_1_aug_fbc7422f.mp4,0
book,person9,book_1_aug_8c938b8c.mp4,/content/drive/MyDrive/all dataset/book/person9/book_1_aug_8c938b8c.mp4,0
book,person9,book_1_aug_4b67ec4c.mp4,/content/drive/MyDrive/all dataset/book/person9/book_1_aug_4b67ec4c.mp4,0
book,person9,book_1_aug_3411f67e.mp4,/content/drive/MyDrive/all dataset/book/person9/book_1_aug_3411f67e.mp4,0
book,person9,book_1_aug_dff36c5f.mp4,/content/drive/MyDrive/all dataset/book/person9/book_1_aug_dff36c5f.mp4,0
book,person9,book_1_aug_1966b058.mp4,/content/drive/MyDrive/all dataset/book/person9/book_1_aug_1966b058.mp4,0
book,person9,book_1_aug_e222ecad.mp4,/content/drive/MyDrive/all dataset/book/person9/book_1_aug_e222ecad.mp4,0
brother,person1,brother_19.mp4,/content/drive/MyDrive/all dataset/brother/person1/brother_19.mp4,0
brother,person1,brother_17.mp4,/content/drive/MyDrive/all dataset/brother/person1/brother_17.mp4,0
brother,person1,brother_22.mp4,/content/drive/MyDrive/all dataset/brother/person1/brother_22.mp4,0
brother,person1,brother_11.mp4,/content/drive/MyDrive/all dataset/brother/person1/brother_11.mp4,0
brother,person1,brother_12.mp4,/content/drive/MyDrive/all dataset/brother/person1/brother_12.mp4,0
brother,person1,brother_21.mp4,/content/drive/MyDrive/all dataset/brother/person1/brother_21.mp4,0
brother,person1,brother_18.mp4,/content/drive/MyDrive/all dataset/brother/person1/brother_18.mp4,0
brother,person1,brother_15.mp4,/content/drive/MyDrive/all dataset/brother/person1/brother_15.mp4,0
brother,person1,brother_10.mp4,/content/drive/MyDrive/all dataset/brother/person1/brother_10.mp4,0
brother,person1,brother_13.mp4,/content/drive/MyDrive/all dataset/brother/person1/brother_13.mp4,0
brother,person1,brother_10_aug1.mp4,/content/drive/MyDrive/all dataset/brother/person1/brother_10_aug1.mp4,0
brother,person1,brother_11_aug1.mp4,/content/drive/MyDrive/all dataset/brother/person1/brother_11_aug1.mp4,0
brother,person1,brother_12_aug1.mp4,/content/drive/MyDrive/all dataset/brother/person1/brother_12_aug1.mp4,0
brother,person1,brother_13_aug1.mp4,/content/drive/MyDrive/all dataset/brother/person1/brother_13_aug1.mp4,0
brother,person1,brother_15_aug1.mp4,/content/drive/MyDrive/all dataset/brother/person1/brother_15_aug1.mp4,0
brother,person1,brother_17_aug1.mp4,/content/drive/MyDrive/all dataset/brother/person1/brother_17_aug1.mp4,0
brother,person1,brother_18_aug1.mp4,/content/drive/MyDrive/all dataset/brother/person1/brother_18_aug1.mp4,0
brother,person1,brother_19_aug1.mp4,/content/drive/MyDrive/all dataset/brother/person1/brother_19_aug1.mp4,0
brother,person1,brother_21_aug1.mp4,/content/drive/MyDrive/all dataset/brother/person1/brother_21_aug1.mp4,0
brother,person1,brother_22_aug1.mp4,/content/drive/MyDrive/all dataset/brother/person1/brother_22_aug1.mp4,0
brother,person7,brother_98.mp4,/content/drive/MyDrive/all dataset/brother/person7/brother_98.mp4,0
brother,person7,brother_88.mp4,/content/drive/MyDrive/all dataset/brother/person7/brother_88.mp4,0
brother,person7,brother_99.mp4,/content/drive/MyDrive/all dataset/brother/person7/brother_99.mp4,0
brother,person7,brother_92.mp4,/content/drive/MyDrive/all dataset/brother/person7/brother_92.mp4,0
brother,person7,brother_93.mp4,/content/drive/MyDrive/all dataset/brother/person7/brother_93.mp4,0
brother,person7,brother_91.mp4,/content/drive/MyDrive/all dataset/brother/person7/brother_91.mp4,0
brother,person7,brother_95.mp4,/content/drive/MyDrive/all dataset/brother/person7/brother_95.mp4,0
brother,person7,brother_89.mp4,/content/drive/MyDrive/all dataset/brother/person7/brother_89.mp4,0
brother,person7,brother_100.mp4,/content/drive/MyDrive/all dataset/brother/person7/brother_100.mp4,0
brother,person7,brother_96.mp4,/content/drive/MyDrive/all dataset/brother/person7/brother_96.mp4,0
brother,person7,brother_100_aug1.mp4,/content/drive/MyDrive/all dataset/brother/person7/brother_100_aug1.mp4,0
brother,person7,brother_88_aug1.mp4,/content/drive/MyDrive/all dataset/brother/person7/brother_88_aug1.mp4,0
brother,person7,brother_89_aug1.mp4,/content/drive/MyDrive/all dataset/brother/person7/brother_89_aug1.mp4,0
brother,person7,brother_91_aug1.mp4,/content/drive/MyDrive/all dataset/brother/person7/brother_91_aug1.mp4,0
brother,person7,brother_92_aug1.mp4,/content/drive/MyDrive/all dataset/brother/person7/brother_92_aug1.mp4,0
brother,person7,brother_93_aug1.mp4,/content/drive/MyDrive/all dataset/brother/person7/brother_93_aug1.mp4,0
brother,person7,brother_95_aug1.mp4,/content/drive/MyDrive/all dataset/brother/person7/brother_95_aug1.mp4,0
brother,person7,brother_96_aug1.mp4,/content/drive/MyDrive/all dataset/brother/person7/brother_96_aug1.mp4,0
brother,person7,brother_98_aug1.mp4,/content/drive/MyDrive/all dataset/brother/person7/brother_98_aug1.mp4,0
brother,person7,brother_99_aug1.mp4,/content/drive/MyDrive/all dataset/brother/person7/brother_99_aug1.mp4,0
brother,person5,brother_72.mp4,/content/drive/MyDrive/all dataset/brother/person5/brother_72.mp4,0
brother,person5,brother_74.mp4,/content/drive/MyDrive/all dataset/brother/person5/brother_74.mp4,0
brother,person5,brother_65.mp4,/content/drive/MyDrive/all dataset/brother/person5/brother_65.mp4,0
brother,person5,brother_69.mp4,/content/drive/MyDrive/all dataset/brother/person5/brother_69.mp4,0
brother,person5,brother_70.mp4,/content/drive/MyDrive/all dataset/brother/person5/brother_70.mp4,0
brother,person5,brother_73.mp4,/content/drive/MyDrive/all dataset/brother/person5/brother_73.mp4,0
brother,person5,brother_62.mp4,/content/drive/MyDrive/all dataset/brother/person5/brother_62.mp4,0
brother,person5,brother_64.mp4,/content/drive/MyDrive/all dataset/brother/person5/brother_64.mp4,0
brother,person5,brother_67.mp4,/content/drive/MyDrive/all dataset/brother/person5/brother_67.mp4,0
brother,person5,brother_71.mp4,/content/drive/MyDrive/all dataset/brother/person5/brother_71.mp4,0
brother,person5,brother_62_aug1.mp4,/content/drive/MyDrive/all dataset/brother/person5/brother_62_aug1.mp4,0
brother,person5,brother_64_aug1.mp4,/content/drive/MyDrive/all dataset/brother/person5/brother_64_aug1.mp4,0
brother,person5,brother_65_aug1.mp4,/content/drive/MyDrive/all dataset/brother/person5/brother_65_aug1.mp4,0
brother,person5,brother_67_aug1.mp4,/content/drive/MyDrive/all dataset/brother/person5/brother_67_aug1.mp4,0
brother,person5,brother_69_aug1.mp4,/content/drive/MyDrive/all dataset/brother/person5/brother_69_aug1.mp4,0
brother,person5,brother_70_aug1.mp4,/content/drive/MyDrive/all dataset/brother/person5/brother_70_aug1.mp4,0
brother,person5,brother_71_aug1.mp4,/content/drive/MyDrive/all dataset/brother/person5/brother_71_aug1.mp4,0
brother,person5,brother_72_aug1.mp4,/content/drive/MyDrive/all dataset/brother/person5/brother_72_aug1.mp4,0
brother,person5,brother_73_aug1.mp4,/content/drive/MyDrive/all dataset/brother/person5/brother_73_aug1.mp4,0
brother,person5,brother_74_aug1.mp4,/content/drive/MyDrive/all dataset/brother/person5/brother_74_aug1.mp4,0
brother,person2,brother_28.mp4,/content/drive/MyDrive/all dataset/brother/person2/brother_28.mp4,0
brother,person2,brother_33.mp4,/content/drive/MyDrive/all dataset/brother/person2/brother_33.mp4,0
brother,person2,brother_23.mp4,/content/drive/MyDrive/all dataset/brother/person2/brother_23.mp4,0
brother,person2,brother_35.mp4,/content/drive/MyDrive/all dataset/brother/person2/brother_35.mp4,0
brother,person2,brother_24.mp4,/content/drive/MyDrive/all dataset/brother/person2/brother_24.mp4,0
brother,person2,brother_25.mp4,/content/drive/MyDrive/all dataset/brother/person2/brother_25.mp4,0
brother,person2,brother_32.mp4,/content/drive/MyDrive/all dataset/brother/person2/brother_32.mp4,0
brother,person2,brother_30.mp4,/content/drive/MyDrive/all dataset/brother/person2/brother_30.mp4,0
brother,person2,brother_27.mp4,/content/drive/MyDrive/all dataset/brother/person2/brother_27.mp4,0
brother,person2,brother_29.mp4,/content/drive/MyDrive/all dataset/brother/person2/brother_29.mp4,0
brother,person2,brother_23_aug1.mp4,/content/drive/MyDrive/all dataset/brother/person2/brother_23_aug1.mp4,0
brother,person2,brother_24_aug1.mp4,/content/drive/MyDrive/all dataset/brother/person2/brother_24_aug1.mp4,0
brother,person2,brother_25_aug1.mp4,/content/drive/MyDrive/all dataset/brother/person2/brother_25_aug1.mp4,0
brother,person2,brother_27_aug1.mp4,/content/drive/MyDrive/all dataset/brother/person2/brother_27_aug1.mp4,0
brother,person2,brother_28_aug1.mp4,/content/drive/MyDrive/all dataset/brother/person2/brother_28_aug1.mp4,0
brother,person2,brother_30_aug1.mp4,/content/drive/MyDrive/all dataset/brother/person2/brother_30_aug1.mp4,0
brother,person2,brother_32_aug1.mp4,/content/drive/MyDrive/all dataset/brother/person2/brother_32_aug1.mp4,0
brother,person2,brother_33_aug1.mp4,/content/drive/MyDrive/all dataset/brother/person2/brother_33_aug1.mp4,0
brother,person2,brother_35_aug1.mp4,/content/drive/MyDrive/all dataset/brother/person2/brother_35_aug1.mp4,0
brother,person2,brother_29_aug1.mp4,/content/drive/MyDrive/all dataset/brother/person2/brother_29_aug1.mp4,0
brother,person3,brother_40.mp4,/content/drive/MyDrive/all dataset/brother/person3/brother_40.mp4,0
brother,person3,brother_45.mp4,/content/drive/MyDrive/all dataset/brother/person3/brother_45.mp4,0
brother,person3,brother_38.mp4,/content/drive/MyDrive/all dataset/brother/person3/brother_38.mp4,0
brother,person3,brother_47.mp4,/content/drive/MyDrive/all dataset/brother/person3/brother_47.mp4,0
brother,person3,brother_39.mp4,/content/drive/MyDrive/all dataset/brother/person3/brother_39.mp4,0
brother,person3,brother_48.mp4,/content/drive/MyDrive/all dataset/brother/person3/brother_48.mp4,0
brother,person3,brother_43.mp4,/content/drive/MyDrive/all dataset/brother/person3/brother_43.mp4,0
brother,person3,brother_44.mp4,/content/drive/MyDrive/all dataset/brother/person3/brother_44.mp4,0
brother,person3,brother_42.mp4,/content/drive/MyDrive/all dataset/brother/person3/brother_42.mp4,0
brother,person3,brother_37.mp4,/content/drive/MyDrive/all dataset/brother/person3/brother_37.mp4,0
brother,person3,brother_37_aug1.mp4,/content/drive/MyDrive/all dataset/brother/person3/brother_37_aug1.mp4,0
brother,person3,brother_38_aug1.mp4,/content/drive/MyDrive/all dataset/brother/person3/brother_38_aug1.mp4,0
brother,person3,brother_39_aug1.mp4,/content/drive/MyDrive/all dataset/brother/person3/brother_39_aug1.mp4,0
brother,person3,brother_40_aug1.mp4,/content/drive/MyDrive/all dataset/brother/person3/brother_40_aug1.mp4,0
brother,person3,brother_42_aug1.mp4,/content/drive/MyDrive/all dataset/brother/person3/brother_42_aug1.mp4,0
brother,person3,brother_43_aug1.mp4,/content/drive/MyDrive/all dataset/brother/person3/brother_43_aug1.mp4,0
brother,person3,brother_44_aug1.mp4,/content/drive/MyDrive/all dataset/brother/person3/brother_44_aug1.mp4,0
brother,person3,brother_45_aug1.mp4,/content/drive/MyDrive/all dataset/brother/person3/brother_45_aug1.mp4,0
brother,person3,brother_47_aug1.mp4,/content/drive/MyDrive/all dataset/brother/person3/brother_47_aug1.mp4,0
brother,person3,brother_48_aug1.mp4,/content/drive/MyDrive/all dataset/brother/person3/brother_48_aug1.mp4,0
brother,person4,brother_55.mp4,/content/drive/MyDrive/all dataset/brother/person4/brother_55.mp4,0
brother,person4,brother_53.mp4,/content/drive/MyDrive/all dataset/brother/person4/brother_53.mp4,0
brother,person4,brother_59.mp4,/content/drive/MyDrive/all dataset/brother/person4/brother_59.mp4,0
brother,person4,brother_61.mp4,/content/drive/MyDrive/all dataset/brother/person4/brother_61.mp4,0
brother,person4,brother_56.mp4,/content/drive/MyDrive/all dataset/brother/person4/brother_56.mp4,0
brother,person4,brother_57.mp4,/content/drive/MyDrive/all dataset/brother/person4/brother_57.mp4,0
brother,person4,brother_51.mp4,/content/drive/MyDrive/all dataset/brother/person4/brother_51.mp4,0
brother,person4,brother_58.mp4,/content/drive/MyDrive/all dataset/brother/person4/brother_58.mp4,0
brother,person4,brother_50.mp4,/content/drive/MyDrive/all dataset/brother/person4/brother_50.mp4,0
brother,person4,brother_60.mp4,/content/drive/MyDrive/all dataset/brother/person4/brother_60.mp4,0
brother,person4,brother_50_aug1.mp4,/content/drive/MyDrive/all dataset/brother/person4/brother_50_aug1.mp4,0
brother,person4,brother_51_aug1.mp4,/content/drive/MyDrive/all dataset/brother/person4/brother_51_aug1.mp4,0
brother,person4,brother_53_aug1.mp4,/content/drive/MyDrive/all dataset/brother/person4/brother_53_aug1.mp4,0
brother,person4,brother_55_aug1.mp4,/content/drive/MyDrive/all dataset/brother/person4/brother_55_aug1.mp4,0
brother,person4,brother_56_aug1.mp4,/content/drive/MyDrive/all dataset/brother/person4/brother_56_aug1.mp4,0
brother,person4,brother_57_aug1.mp4,/content/drive/MyDrive/all dataset/brother/person4/brother_57_aug1.mp4,0
brother,person4,brother_58_aug1.mp4,/content/drive/MyDrive/all dataset/brother/person4/brother_58_aug1.mp4,0
brother,person4,brother_59_aug1.mp4,/content/drive/MyDrive/all dataset/brother/person4/brother_59_aug1.mp4,0
brother,person4,brother_60_aug1.mp4,/content/drive/MyDrive/all dataset/brother/person4/brother_60_aug1.mp4,0
brother,person4,brother_61_aug1.mp4,/content/drive/MyDrive/all dataset/brother/person4/brother_61_aug1.mp4,0
brother,person6,brother_82.mp4,/content/drive/MyDrive/all dataset/brother/person6/brother_82.mp4,0
brother,person6,brother_85.mp4,/content/drive/MyDrive/all dataset/brother/person6/brother_85.mp4,0
brother,person6,brother_83.mp4,/content/drive/MyDrive/all dataset/brother/person6/brother_83.mp4,0
brother,person6,brother_79.mp4,/content/drive/MyDrive/all dataset/brother/person6/brother_79.mp4,0
brother,person6,brother_77.mp4,/content/drive/MyDrive/all dataset/brother/person6/brother_77.mp4,0
brother,person6,brother_86.mp4,/content/drive/MyDrive/all dataset/brother/person6/brother_86.mp4,0
brother,person6,brother_75.mp4,/content/drive/MyDrive/all dataset/brother/person6/brother_75.mp4,0
brother,person6,brother_76.mp4,/content/drive/MyDrive/all dataset/brother/person6/brother_76.mp4,0
brother,person6,brother_81.mp4,/content/drive/MyDrive/all dataset/brother/person6/brother_81.mp4,0
brother,person6,brother_87.mp4,/content/drive/MyDrive/all dataset/brother/person6/brother_87.mp4,0
brother,person6,brother_75_aug1.mp4,/content/drive/MyDrive/all dataset/brother/person6/brother_75_aug1.mp4,0
brother,person6,brother_76_aug1.mp4,/content/drive/MyDrive/all dataset/brother/person6/brother_76_aug1.mp4,0
brother,person6,brother_77_aug1.mp4,/content/drive/MyDrive/all dataset/brother/person6/brother_77_aug1.mp4,0
brother,person6,brother_79_aug1.mp4,/content/drive/MyDrive/all dataset/brother/person6/brother_79_aug1.mp4,0
brother,person6,brother_81_aug1.mp4,/content/drive/MyDrive/all dataset/brother/person6/brother_81_aug1.mp4,0
brother,person6,brother_82_aug1.mp4,/content/drive/MyDrive/all dataset/brother/person6/brother_82_aug1.mp4,0
brother,person6,brother_83_aug1.mp4,/content/drive/MyDrive/all dataset/brother/person6/brother_83_aug1.mp4,0
brother,person6,brother_85_aug1.mp4,/content/drive/MyDrive/all dataset/brother/person6/brother_85_aug1.mp4,0
brother,person6,brother_86_aug1.mp4,/content/drive/MyDrive/all dataset/brother/person6/brother_86_aug1.mp4,0
brother,person6,brother_87_aug1.mp4,/content/drive/MyDrive/all dataset/brother/person6/brother_87_aug1.mp4,0
brother,person8,brother_109.mp4,/content/drive/MyDrive/all dataset/brother/person8/brother_109.mp4,0
brother,person8,brother_105.mp4,/content/drive/MyDrive/all dataset/brother/person8/brother_105.mp4,0
brother,person8,brother_102.mp4,/content/drive/MyDrive/all dataset/brother/person8/brother_102.mp4,0
brother,person8,brother_103.mp4,/content/drive/MyDrive/all dataset/brother/person8/brother_103.mp4,0
brother,person8,brother_101.mp4,/content/drive/MyDrive/all dataset/brother/person8/brother_101.mp4,0
brother,person8,brother_104.mp4,/content/drive/MyDrive/all dataset/brother/person8/brother_104.mp4,0
brother,person8,brother_106.mp4,/content/drive/MyDrive/all dataset/brother/person8/brother_106.mp4,0
brother,person8,brother_113.mp4,/content/drive/MyDrive/all dataset/brother/person8/brother_113.mp4,0
brother,person8,brother_110.mp4,/content/drive/MyDrive/all dataset/brother/person8/brother_110.mp4,0
brother,person8,brother_112.mp4,/content/drive/MyDrive/all dataset/brother/person8/brother_112.mp4,0
brother,person8,brother_101_aug1.mp4,/content/drive/MyDrive/all dataset/brother/person8/brother_101_aug1.mp4,0
brother,person8,brother_102_aug1.mp4,/content/drive/MyDrive/all dataset/brother/person8/brother_102_aug1.mp4,0
brother,person8,brother_103_aug1.mp4,/content/drive/MyDrive/all dataset/brother/person8/brother_103_aug1.mp4,0
brother,person8,brother_104_aug1.mp4,/content/drive/MyDrive/all dataset/brother/person8/brother_104_aug1.mp4,0
brother,person8,brother_105_aug1.mp4,/content/drive/MyDrive/all dataset/brother/person8/brother_105_aug1.mp4,0
brother,person8,brother_106_aug1.mp4,/content/drive/MyDrive/all dataset/brother/person8/brother_106_aug1.mp4,0
brother,person8,brother_109_aug1.mp4,/content/drive/MyDrive/all dataset/brother/person8/brother_109_aug1.mp4,0
brother,person8,brother_110_aug1.mp4,/content/drive/MyDrive/all dataset/brother/person8/brother_110_aug1.mp4,0
brother,person8,brother_112_aug1.mp4,/content/drive/MyDrive/all dataset/brother/person8/brother_112_aug1.mp4,0
brother,person8,brother_113_aug1.mp4,/content/drive/MyDrive/all dataset/brother/person8/brother_113_aug1.mp4,0
brother,person9,brother_125.mp4,/content/drive/MyDrive/all dataset/brother/person9/brother_125.mp4,0
brother,person9,brother_124.mp4,/content/drive/MyDrive/all dataset/brother/person9/brother_124.mp4,0
brother,person9,brother_117.mp4,/content/drive/MyDrive/all dataset/brother/person9/brother_117.mp4,0
brother,person9,brother_123.mp4,/content/drive/MyDrive/all dataset/brother/person9/brother_123.mp4,0
brother,person9,brother_121.mp4,/content/drive/MyDrive/all dataset/brother/person9/brother_121.mp4,0
brother,person9,brother_119.mp4,/content/drive/MyDrive/all dataset/brother/person9/brother_119.mp4,0
brother,person9,brother_120.mp4,/content/drive/MyDrive/all dataset/brother/person9/brother_120.mp4,0
brother,person9,brother_122.mp4,/content/drive/MyDrive/all dataset/brother/person9/brother_122.mp4,0
brother,person9,brother_114.mp4,/content/drive/MyDrive/all dataset/brother/person9/brother_114.mp4,0
brother,person9,brother_115.mp4,/content/drive/MyDrive/all dataset/brother/person9/brother_115.mp4,0
brother,person9,brother_114_aug1.mp4,/content/drive/MyDrive/all dataset/brother/person9/brother_114_aug1.mp4,0
brother,person9,brother_115_aug1.mp4,/content/drive/MyDrive/all dataset/brother/person9/brother_115_aug1.mp4,0
brother,person9,brother_117_aug1.mp4,/content/drive/MyDrive/all dataset/brother/person9/brother_117_aug1.mp4,0
brother,person9,brother_119_aug1.mp4,/content/drive/MyDrive/all dataset/brother/person9/brother_119_aug1.mp4,0
brother,person9,brother_120_aug1.mp4,/content/drive/MyDrive/all dataset/brother/person9/brother_120_aug1.mp4,0
brother,person9,brother_121_aug1.mp4,/content/drive/MyDrive/all dataset/brother/person9/brother_121_aug1.mp4,0
brother,person9,brother_122_aug1.mp4,/content/drive/MyDrive/all dataset/brother/person9/brother_122_aug1.mp4,0
brother,person9,brother_123_aug1.mp4,/content/drive/MyDrive/all dataset/brother/person9/brother_123_aug1.mp4,0
brother,person9,brother_124_aug1.mp4,/content/drive/MyDrive/all dataset/brother/person9/brother_124_aug1.mp4,0
brother,person9,brother_125_aug1.mp4,/content/drive/MyDrive/all dataset/brother/person9/brother_125_aug1.mp4,0
city,person5,city_72.mp4,/content/drive/MyDrive/all dataset/city/person5/city_72.mp4,0
city,person5,city_66.mp4,/content/drive/MyDrive/all dataset/city/person5/city_66.mp4,0
city,person5,city_73.mp4,/content/drive/MyDrive/all dataset/city/person5/city_73.mp4,0
city,person5,city_62.mp4,/content/drive/MyDrive/all dataset/city/person5/city_62.mp4,0
city,person5,city_67.mp4,/content/drive/MyDrive/all dataset/city/person5/city_67.mp4,0
city,person5,city_68.mp4,/content/drive/MyDrive/all dataset/city/person5/city_68.mp4,0
city,person5,city_74.mp4,/content/drive/MyDrive/all dataset/city/person5/city_74.mp4,0
city,person5,city_65.mp4,/content/drive/MyDrive/all dataset/city/person5/city_65.mp4,0
city,person5,city_71.mp4,/content/drive/MyDrive/all dataset/city/person5/city_71.mp4,0
city,person5,city_64.mp4,/content/drive/MyDrive/all dataset/city/person5/city_64.mp4,0
city,person5,city_62_aug1.mp4,/content/drive/MyDrive/all dataset/city/person5/city_62_aug1.mp4,0
city,person5,city_64_aug1.mp4,/content/drive/MyDrive/all dataset/city/person5/city_64_aug1.mp4,0
city,person5,city_65_aug1.mp4,/content/drive/MyDrive/all dataset/city/person5/city_65_aug1.mp4,0
city,person5,city_66_aug1.mp4,/content/drive/MyDrive/all dataset/city/person5/city_66_aug1.mp4,0
city,person5,city_67_aug1.mp4,/content/drive/MyDrive/all dataset/city/person5/city_67_aug1.mp4,0
city,person5,city_68_aug1.mp4,/content/drive/MyDrive/all dataset/city/person5/city_68_aug1.mp4,0
city,person5,city_71_aug1.mp4,/content/drive/MyDrive/all dataset/city/person5/city_71_aug1.mp4,0
city,person5,city_72_aug1.mp4,/content/drive/MyDrive/all dataset/city/person5/city_72_aug1.mp4,0
city,person5,city_73_aug1.mp4,/content/drive/MyDrive/all dataset/city/person5/city_73_aug1.mp4,0
city,person5,city_74_aug1.mp4,/content/drive/MyDrive/all dataset/city/person5/city_74_aug1.mp4,0
city,person6,city_83.mp4,/content/drive/MyDrive/all dataset/city/person6/city_83.mp4,0
city,person6,city_85.mp4,/content/drive/MyDrive/all dataset/city/person6/city_85.mp4,0
city,person6,city_80.mp4,/content/drive/MyDrive/all dataset/city/person6/city_80.mp4,0
city,person6,city_82.mp4,/content/drive/MyDrive/all dataset/city/person6/city_82.mp4,0
city,person6,city_84.mp4,/content/drive/MyDrive/all dataset/city/person6/city_84.mp4,0
city,person6,city_86.mp4,/content/drive/MyDrive/all dataset/city/person6/city_86.mp4,0
city,person6,city_77.mp4,/content/drive/MyDrive/all dataset/city/person6/city_77.mp4,0
city,person6,city_78.mp4,/content/drive/MyDrive/all dataset/city/person6/city_78.mp4,0
city,person6,city_79.mp4,/content/drive/MyDrive/all dataset/city/person6/city_79.mp4,0
city,person6,city_81.mp4,/content/drive/MyDrive/all dataset/city/person6/city_81.mp4,0
city,person6,city_77_aug1.mp4,/content/drive/MyDrive/all dataset/city/person6/city_77_aug1.mp4,0
city,person6,city_78_aug1.mp4,/content/drive/MyDrive/all dataset/city/person6/city_78_aug1.mp4,0
city,person6,city_79_aug1.mp4,/content/drive/MyDrive/all dataset/city/person6/city_79_aug1.mp4,0
city,person6,city_80_aug1.mp4,/content/drive/MyDrive/all dataset/city/person6/city_80_aug1.mp4,0
city,person6,city_81_aug1.mp4,/content/drive/MyDrive/all dataset/city/person6/city_81_aug1.mp4,0
city,person6,city_82_aug1.mp4,/content/drive/MyDrive/all dataset/city/person6/city_82_aug1.mp4,0
city,person6,city_83_aug1.mp4,/content/drive/MyDrive/all dataset/city/person6/city_83_aug1.mp4,0
city,person6,city_84_aug1.mp4,/content/drive/MyDrive/all dataset/city/person6/city_84_aug1.mp4,0
city,person6,city_85_aug1.mp4,/content/drive/MyDrive/all dataset/city/person6/city_85_aug1.mp4,0
city,person6,city_86_aug1.mp4,/content/drive/MyDrive/all dataset/city/person6/city_86_aug1.mp4,0
city,person9,city_114.mp4,/content/drive/MyDrive/all dataset/city/person9/city_114.mp4,0
city,person9,city_121.mp4,/content/drive/MyDrive/all dataset/city/person9/city_121.mp4,0
city,person9,city_118.mp4,/content/drive/MyDrive/all dataset/city/person9/city_118.mp4,0
city,person9,city_126.mp4,/content/drive/MyDrive/all dataset/city/person9/city_126.mp4,0
city,person9,city_122.mp4,/content/drive/MyDrive/all dataset/city/person9/city_122.mp4,0
city,person9,city_125.mp4,/content/drive/MyDrive/all dataset/city/person9/city_125.mp4,0
city,person9,city_124.mp4,/content/drive/MyDrive/all dataset/city/person9/city_124.mp4,0
city,person9,city_119.mp4,/content/drive/MyDrive/all dataset/city/person9/city_119.mp4,0
city,person9,city_116.mp4,/content/drive/MyDrive/all dataset/city/person9/city_116.mp4,0
city,person9,city_117.mp4,/content/drive/MyDrive/all dataset/city/person9/city_117.mp4,0
city,person9,city_114_aug1.mp4,/content/drive/MyDrive/all dataset/city/person9/city_114_aug1.mp4,0
city,person9,city_116_aug1.mp4,/content/drive/MyDrive/all dataset/city/person9/city_116_aug1.mp4,0
city,person9,city_118_aug1.mp4,/content/drive/MyDrive/all dataset/city/person9/city_118_aug1.mp4,0
city,person9,city_119_aug1.mp4,/content/drive/MyDrive/all dataset/city/person9/city_119_aug1.mp4,0
city,person9,city_121_aug1.mp4,/content/drive/MyDrive/all dataset/city/person9/city_121_aug1.mp4,0
city,person9,city_122_aug1.mp4,/content/drive/MyDrive/all dataset/city/person9/city_122_aug1.mp4,0
city,person9,city_117_aug1.mp4,/content/drive/MyDrive/all dataset/city/person9/city_117_aug1.mp4,0
city,person9,city_124_aug1.mp4,/content/drive/MyDrive/all dataset/city/person9/city_124_aug1.mp4,0
city,person9,city_125_aug1.mp4,/content/drive/MyDrive/all dataset/city/person9/city_125_aug1.mp4,0
city,person9,city_126_aug1.mp4,/content/drive/MyDrive/all dataset/city/person9/city_126_aug1.mp4,0
city,person1,city_14.mp4,/content/drive/MyDrive/all dataset/city/person1/city_14.mp4,0
city,person1,city_17.mp4,/content/drive/MyDrive/all dataset/city/person1/city_17.mp4,0
city,person1,city_12.mp4,/content/drive/MyDrive/all dataset/city/person1/city_12.mp4,0
city,person1,city_20.mp4,/content/drive/MyDrive/all dataset/city/person1/city_20.mp4,0
city,person1,city_11.mp4,/content/drive/MyDrive/all dataset/city/person1/city_11.mp4,0
city,person1,city_16.mp4,/content/drive/MyDrive/all dataset/city/person1/city_16.mp4,0
city,person1,city_10.mp4,/content/drive/MyDrive/all dataset/city/person1/city_10.mp4,0
city,person1,city_19.mp4,/content/drive/MyDrive/all dataset/city/person1/city_19.mp4,0
city,person1,city_22.mp4,/content/drive/MyDrive/all dataset/city/person1/city_22.mp4,0
city,person1,city_15.mp4,/content/drive/MyDrive/all dataset/city/person1/city_15.mp4,0
city,person1,city_10_aug1.mp4,/content/drive/MyDrive/all dataset/city/person1/city_10_aug1.mp4,0
city,person1,city_11_aug1.mp4,/content/drive/MyDrive/all dataset/city/person1/city_11_aug1.mp4,0
city,person1,city_12_aug1.mp4,/content/drive/MyDrive/all dataset/city/person1/city_12_aug1.mp4,0
city,person1,city_14_aug1.mp4,/content/drive/MyDrive/all dataset/city/person1/city_14_aug1.mp4,0
city,person1,city_15_aug1.mp4,/content/drive/MyDrive/all dataset/city/person1/city_15_aug1.mp4,0
city,person1,city_16_aug1.mp4,/content/drive/MyDrive/all dataset/city/person1/city_16_aug1.mp4,0
city,person1,city_17_aug1.mp4,/content/drive/MyDrive/all dataset/city/person1/city_17_aug1.mp4,0
city,person1,city_19_aug1.mp4,/content/drive/MyDrive/all dataset/city/person1/city_19_aug1.mp4,0
city,person1,city_20_aug1.mp4,/content/drive/MyDrive/all dataset/city/person1/city_20_aug1.mp4,0
city,person1,city_22_aug1.mp4,/content/drive/MyDrive/all dataset/city/person1/city_22_aug1.mp4,0
city,person7,city_98.mp4,/content/drive/MyDrive/all dataset/city/person7/city_98.mp4,0
city,person7,city_100.mp4,/content/drive/MyDrive/all dataset/city/person7/city_100.mp4,0
city,person7,city_96.mp4,/content/drive/MyDrive/all dataset/city/person7/city_96.mp4,0
city,person7,city_88.mp4,/content/drive/MyDrive/all dataset/city/person7/city_88.mp4,0
city,person7,city_95.mp4,/content/drive/MyDrive/all dataset/city/person7/city_95.mp4,0
city,person7,city_94.mp4,/content/drive/MyDrive/all dataset/city/person7/city_94.mp4,0
city,person7,city_93.mp4,/content/drive/MyDrive/all dataset/city/person7/city_93.mp4,0
city,person7,city_92.mp4,/content/drive/MyDrive/all dataset/city/person7/city_92.mp4,0
city,person7,city_90.mp4,/content/drive/MyDrive/all dataset/city/person7/city_90.mp4,0
city,person7,city_91.mp4,/content/drive/MyDrive/all dataset/city/person7/city_91.mp4,0
city,person7,city_100_aug1.mp4,/content/drive/MyDrive/all dataset/city/person7/city_100_aug1.mp4,0
city,person7,city_88_aug1.mp4,/content/drive/MyDrive/all dataset/city/person7/city_88_aug1.mp4,0
city,person7,city_90_aug1.mp4,/content/drive/MyDrive/all dataset/city/person7/city_90_aug1.mp4,0
city,person7,city_91_aug1.mp4,/content/drive/MyDrive/all dataset/city/person7/city_91_aug1.mp4,0
city,person7,city_92_aug1.mp4,/content/drive/MyDrive/all dataset/city/person7/city_92_aug1.mp4,0
city,person7,city_93_aug1.mp4,/content/drive/MyDrive/all dataset/city/person7/city_93_aug1.mp4,0
city,person7,city_94_aug1.mp4,/content/drive/MyDrive/all dataset/city/person7/city_94_aug1.mp4,0
city,person7,city_95_aug1.mp4,/content/drive/MyDrive/all dataset/city/person7/city_95_aug1.mp4,0
city,person7,city_96_aug1.mp4,/content/drive/MyDrive/all dataset/city/person7/city_96_aug1.mp4,0
city,person7,city_98_aug1.mp4,/content/drive/MyDrive/all dataset/city/person7/city_98_aug1.mp4,0
city,person8,city_105.mp4,/content/drive/MyDrive/all dataset/city/person8/city_105.mp4,0
city,person8,city_103.mp4,/content/drive/MyDrive/all dataset/city/person8/city_103.mp4,0
city,person8,city_112.mp4,/content/drive/MyDrive/all dataset/city/person8/city_112.mp4,0
city,person8,city_104.mp4,/content/drive/MyDrive/all dataset/city/person8/city_104.mp4,0
city,person8,city_106.mp4,/content/drive/MyDrive/all dataset/city/person8/city_106.mp4,0
city,person8,city_101.mp4,/content/drive/MyDrive/all dataset/city/person8/city_101.mp4,0
city,person8,city_102.mp4,/content/drive/MyDrive/all dataset/city/person8/city_102.mp4,0
city,person8,city_110.mp4,/content/drive/MyDrive/all dataset/city/person8/city_110.mp4,0
city,person8,city_108.mp4,/content/drive/MyDrive/all dataset/city/person8/city_108.mp4,0
city,person8,city_109.mp4,/content/drive/MyDrive/all dataset/city/person8/city_109.mp4,0
city,person8,city_101_aug1.mp4,/content/drive/MyDrive/all dataset/city/person8/city_101_aug1.mp4,0
city,person8,city_102_aug1.mp4,/content/drive/MyDrive/all dataset/city/person8/city_102_aug1.mp4,0
city,person8,city_103_aug1.mp4,/content/drive/MyDrive/all dataset/city/person8/city_103_aug1.mp4,0
city,person8,city_104_aug1.mp4,/content/drive/MyDrive/all dataset/city/person8/city_104_aug1.mp4,0
city,person8,city_105_aug1.mp4,/content/drive/MyDrive/all dataset/city/person8/city_105_aug1.mp4,0
city,person8,city_106_aug1.mp4,/content/drive/MyDrive/all dataset/city/person8/city_106_aug1.mp4,0
city,person8,city_108_aug1.mp4,/content/drive/MyDrive/all dataset/city/person8/city_108_aug1.mp4,0
city,person8,city_109_aug1.mp4,/content/drive/MyDrive/all dataset/city/person8/city_109_aug1.mp4,0
city,person8,city_110_aug1.mp4,/content/drive/MyDrive/all dataset/city/person8/city_110_aug1.mp4,0
city,person8,city_112_aug1.mp4,/content/drive/MyDrive/all dataset/city/person8/city_112_aug1.mp4,0
city,person4,city_58.mp4,/content/drive/MyDrive/all dataset/city/person4/city_58.mp4,0
city,person4,city_50.mp4,/content/drive/MyDrive/all dataset/city/person4/city_50.mp4,0
city,person4,city_61.mp4,/content/drive/MyDrive/all dataset/city/person4/city_61.mp4,0
city,person4,city_59.mp4,/content/drive/MyDrive/all dataset/city/person4/city_59.mp4,0
city,person4,city_56.mp4,/content/drive/MyDrive/all dataset/city/person4/city_56.mp4,0
city,person4,city_55.mp4,/content/drive/MyDrive/all dataset/city/person4/city_55.mp4,0
city,person4,city_49.mp4,/content/drive/MyDrive/all dataset/city/person4/city_49.mp4,0
city,person4,city_53.mp4,/content/drive/MyDrive/all dataset/city/person4/city_53.mp4,0
city,person4,city_57.mp4,/content/drive/MyDrive/all dataset/city/person4/city_57.mp4,0
city,person4,city_60.mp4,/content/drive/MyDrive/all dataset/city/person4/city_60.mp4,0
city,person4,city_49_aug1.mp4,/content/drive/MyDrive/all dataset/city/person4/city_49_aug1.mp4,0
city,person4,city_50_aug1.mp4,/content/drive/MyDrive/all dataset/city/person4/city_50_aug1.mp4,0
city,person4,city_53_aug1.mp4,/content/drive/MyDrive/all dataset/city/person4/city_53_aug1.mp4,0
city,person4,city_55_aug1.mp4,/content/drive/MyDrive/all dataset/city/person4/city_55_aug1.mp4,0
city,person4,city_56_aug1.mp4,/content/drive/MyDrive/all dataset/city/person4/city_56_aug1.mp4,0
city,person4,city_57_aug1.mp4,/content/drive/MyDrive/all dataset/city/person4/city_57_aug1.mp4,0
city,person4,city_58_aug1.mp4,/content/drive/MyDrive/all dataset/city/person4/city_58_aug1.mp4,0
city,person4,city_59_aug1.mp4,/content/drive/MyDrive/all dataset/city/person4/city_59_aug1.mp4,0
city,person4,city_60_aug1.mp4,/content/drive/MyDrive/all dataset/city/person4/city_60_aug1.mp4,0
city,person4,city_61_aug1.mp4,/content/drive/MyDrive/all dataset/city/person4/city_61_aug1.mp4,0
city,person2,city_33.mp4,/content/drive/MyDrive/all dataset/city/person2/city_33.mp4,0
city,person2,city_34.mp4,/content/drive/MyDrive/all dataset/city/person2/city_34.mp4,0
city,person2,city_24.mp4,/content/drive/MyDrive/all dataset/city/person2/city_24.mp4,0
city,person2,city_35.mp4,/content/drive/MyDrive/all dataset/city/person2/city_35.mp4,0
city,person2,city_29.mp4,/content/drive/MyDrive/all dataset/city/person2/city_29.mp4,0
city,person2,city_28.mp4,/content/drive/MyDrive/all dataset/city/person2/city_28.mp4,0
city,person2,city_25.mp4,/content/drive/MyDrive/all dataset/city/person2/city_25.mp4,0
city,person2,city_23.mp4,/content/drive/MyDrive/all dataset/city/person2/city_23.mp4,0
city,person2,city_30.mp4,/content/drive/MyDrive/all dataset/city/person2/city_30.mp4,0
city,person2,city_26.mp4,/content/drive/MyDrive/all dataset/city/person2/city_26.mp4,0
city,person2,city_23_aug1.mp4,/content/drive/MyDrive/all dataset/city/person2/city_23_aug1.mp4,0
city,person2,city_24_aug1.mp4,/content/drive/MyDrive/all dataset/city/person2/city_24_aug1.mp4,0
city,person2,city_25_aug1.mp4,/content/drive/MyDrive/all dataset/city/person2/city_25_aug1.mp4,0
city,person2,city_26_aug1.mp4,/content/drive/MyDrive/all dataset/city/person2/city_26_aug1.mp4,0
city,person2,city_28_aug1.mp4,/content/drive/MyDrive/all dataset/city/person2/city_28_aug1.mp4,0
city,person2,city_29_aug1.mp4,/content/drive/MyDrive/all dataset/city/person2/city_29_aug1.mp4,0
city,person2,city_30_aug1.mp4,/content/drive/MyDrive/all dataset/city/person2/city_30_aug1.mp4,0
city,person2,city_33_aug1.mp4,/content/drive/MyDrive/all dataset/city/person2/city_33_aug1.mp4,0
city,person2,city_34_aug1.mp4,/content/drive/MyDrive/all dataset/city/person2/city_34_aug1.mp4,0
city,person2,city_35_aug1.mp4,/content/drive/MyDrive/all dataset/city/person2/city_35_aug1.mp4,0
city,person3,city_37.mp4,/content/drive/MyDrive/all dataset/city/person3/city_37.mp4,0
city,person3,city_44.mp4,/content/drive/MyDrive/all dataset/city/person3/city_44.mp4,0
city,person3,city_43.mp4,/content/drive/MyDrive/all dataset/city/person3/city_43.mp4,0
city,person3,city_39.mp4,/content/drive/MyDrive/all dataset/city/person3/city_39.mp4,0
city,person3,city_40.mp4,/content/drive/MyDrive/all dataset/city/person3/city_40.mp4,0
city,person3,city_46.mp4,/content/drive/MyDrive/all dataset/city/person3/city_46.mp4,0
city,person3,city_41.mp4,/content/drive/MyDrive/all dataset/city/person3/city_41.mp4,0
city,person3,city_38.mp4,/content/drive/MyDrive/all dataset/city/person3/city_38.mp4,0
city,person3,city_36.mp4,/content/drive/MyDrive/all dataset/city/person3/city_36.mp4,0
city,person3,city_47.mp4,/content/drive/MyDrive/all dataset/city/person3/city_47.mp4,0
city,person3,city_36_aug1.mp4,/content/drive/MyDrive/all dataset/city/person3/city_36_aug1.mp4,0
city,person3,city_37_aug1.mp4,/content/drive/MyDrive/all dataset/city/person3/city_37_aug1.mp4,0
city,person3,city_38_aug1.mp4,/content/drive/MyDrive/all dataset/city/person3/city_38_aug1.mp4,0
city,person3,city_39_aug1.mp4,/content/drive/MyDrive/all dataset/city/person3/city_39_aug1.mp4,0
city,person3,city_40_aug1.mp4,/content/drive/MyDrive/all dataset/city/person3/city_40_aug1.mp4,0
city,person3,city_41_aug1.mp4,/content/drive/MyDrive/all dataset/city/person3/city_41_aug1.mp4,0
city,person3,city_43_aug1.mp4,/content/drive/MyDrive/all dataset/city/person3/city_43_aug1.mp4,0
city,person3,city_44_aug1.mp4,/content/drive/MyDrive/all dataset/city/person3/city_44_aug1.mp4,0
city,person3,city_46_aug1.mp4,/content/drive/MyDrive/all dataset/city/person3/city_46_aug1.mp4,0
city,person3,city_47_aug1.mp4,/content/drive/MyDrive/all dataset/city/person3/city_47_aug1.mp4,0
class,person1,class_1.mp4,/content/drive/MyDrive/all dataset/class/person1/class_1.mp4,0
class,person1,class_1_aug_1.mp4,/content/drive/MyDrive/all dataset/class/person1/class_1_aug_1.mp4,0
class,person1,class_1_aug_5.mp4,/content/drive/MyDrive/all dataset/class/person1/class_1_aug_5.mp4,0
class,person1,class_1_aug_6.mp4,/content/drive/MyDrive/all dataset/class/person1/class_1_aug_6.mp4,0
class,person1,class_1_aug_7.mp4,/content/drive/MyDrive/all dataset/class/person1/class_1_aug_7.mp4,0
class,person1,class_1_aug_8.mp4,/content/drive/MyDrive/all dataset/class/person1/class_1_aug_8.mp4,0
class,person1,class_1_aug_9.mp4,/content/drive/MyDrive/all dataset/class/person1/class_1_aug_9.mp4,0
class,person1,class_1_aug_10.mp4,/content/drive/MyDrive/all dataset/class/person1/class_1_aug_10.mp4,0
class,person1,class_1_aug_11.mp4,/content/drive/MyDrive/all dataset/class/person1/class_1_aug_11.mp4,0
class,person1,class_1_aug_13.mp4,/content/drive/MyDrive/all dataset/class/person1/class_1_aug_13.mp4,0
class,person1,class_1_aug1.mp4,/content/drive/MyDrive/all dataset/class/person1/class_1_aug1.mp4,0
class,person1,class_1_aug_c127f4af.mp4,/content/drive/MyDrive/all dataset/class/person1/class_1_aug_c127f4af.mp4,0
class,person1,class_1_aug_9e625da9.mp4,/content/drive/MyDrive/all dataset/class/person1/class_1_aug_9e625da9.mp4,0
class,person1,class_1_aug_2aa955e2.mp4,/content/drive/MyDrive/all dataset/class/person1/class_1_aug_2aa955e2.mp4,0
class,person1,class_1_aug_1b96d03c.mp4,/content/drive/MyDrive/all dataset/class/person1/class_1_aug_1b96d03c.mp4,0
class,person1,class_1_aug_1a642027.mp4,/content/drive/MyDrive/all dataset/class/person1/class_1_aug_1a642027.mp4,0
class,person1,class_1_aug_2d0a5b8f.mp4,/content/drive/MyDrive/all dataset/class/person1/class_1_aug_2d0a5b8f.mp4,0
class,person1,class_1_aug_5fc41129.mp4,/content/drive/MyDrive/all dataset/class/person1/class_1_aug_5fc41129.mp4,0
class,person1,class_1_aug_153477c4.mp4,/content/drive/MyDrive/all dataset/class/person1/class_1_aug_153477c4.mp4,0
class,person1,class_1_aug_02f47c2b.mp4,/content/drive/MyDrive/all dataset/class/person1/class_1_aug_02f47c2b.mp4,0
class,person2,class_1_aug_2.mp4,/content/drive/MyDrive/all dataset/class/person2/class_1_aug_2.mp4,0
class,person2,class_1_aug_4.mp4,/content/drive/MyDrive/all dataset/class/person2/class_1_aug_4.mp4,0
class,person2,class_1_aug_6.mp4,/content/drive/MyDrive/all dataset/class/person2/class_1_aug_6.mp4,0
class,person2,class_1_aug_7.mp4,/content/drive/MyDrive/all dataset/class/person2/class_1_aug_7.mp4,0
class,person2,class_1_aug_9.mp4,/content/drive/MyDrive/all dataset/class/person2/class_1_aug_9.mp4,0
class,person2,class_1_aug_10.mp4,/content/drive/MyDrive/all dataset/class/person2/class_1_aug_10.mp4,0
class,person2,class_1_aug_11.mp4,/content/drive/MyDrive/all dataset/class/person2/class_1_aug_11.mp4,0
class,person2,class_1_aug_12.mp4,/content/drive/MyDrive/all dataset/class/person2/class_1_aug_12.mp4,0
class,person2,class_1_aug_13.mp4,/content/drive/MyDrive/all dataset/class/person2/class_1_aug_13.mp4,0
class,person2,class_1_aug_14.mp4,/content/drive/MyDrive/all dataset/class/person2/class_1_aug_14.mp4,0
class,person2,class_1_aug_10_aug_05411aa6.mp4,/content/drive/MyDrive/all dataset/class/person2/class_1_aug_10_aug_05411aa6.mp4,0
class,person2,class_1_aug_11_aug_4b357f24.mp4,/content/drive/MyDrive/all dataset/class/person2/class_1_aug_11_aug_4b357f24.mp4,0
class,person2,class_1_aug_12_aug_1c194633.mp4,/content/drive/MyDrive/all dataset/class/person2/class_1_aug_12_aug_1c194633.mp4,0
class,person2,class_1_aug_13_aug_af91229e.mp4,/content/drive/MyDrive/all dataset/class/person2/class_1_aug_13_aug_af91229e.mp4,0
class,person2,class_1_aug_14_aug_45d42926.mp4,/content/drive/MyDrive/all dataset/class/person2/class_1_aug_14_aug_45d42926.mp4,0
class,person2,class_1_aug_2_aug_1ceb8dfc.mp4,/content/drive/MyDrive/all dataset/class/person2/class_1_aug_2_aug_1ceb8dfc.mp4,0
class,person2,class_1_aug_4_aug_59090606.mp4,/content/drive/MyDrive/all dataset/class/person2/class_1_aug_4_aug_59090606.mp4,0
class,person2,class_1_aug_6_aug_ca4455ba.mp4,/content/drive/MyDrive/all dataset/class/person2/class_1_aug_6_aug_ca4455ba.mp4,0
class,person2,class_1_aug_7_aug_ca5b3cca.mp4,/content/drive/MyDrive/all dataset/class/person2/class_1_aug_7_aug_ca5b3cca.mp4,0
class,person2,class_1_aug_9_aug_9b8be3e2.mp4,/content/drive/MyDrive/all dataset/class/person2/class_1_aug_9_aug_9b8be3e2.mp4,0
class,person3,class_1.mp4,/content/drive/MyDrive/all dataset/class/person3/class_1.mp4,0
class,person3,class_1_aug_1.mp4,/content/drive/MyDrive/all dataset/class/person3/class_1_aug_1.mp4,0
class,person3,class_1_aug_2.mp4,/content/drive/MyDrive/all dataset/class/person3/class_1_aug_2.mp4,0
class,person3,class_1_aug_4.mp4,/content/drive/MyDrive/all dataset/class/person3/class_1_aug_4.mp4,0
class,person3,class_1_aug_6.mp4,/content/drive/MyDrive/all dataset/class/person3/class_1_aug_6.mp4,0
class,person3,class_1_aug_8.mp4,/content/drive/MyDrive/all dataset/class/person3/class_1_aug_8.mp4,0
class,person3,class_1_aug_10.mp4,/content/drive/MyDrive/all dataset/class/person3/class_1_aug_10.mp4,0
class,person3,class_1_aug_11.mp4,/content/drive/MyDrive/all dataset/class/person3/class_1_aug_11.mp4,0
class,person3,class_1_aug_13.mp4,/content/drive/MyDrive/all dataset/class/person3/class_1_aug_13.mp4,0
class,person3,class_1_aug_14.mp4,/content/drive/MyDrive/all dataset/class/person3/class_1_aug_14.mp4,0
class,person3,class_1_aug1.mp4,/content/drive/MyDrive/all dataset/class/person3/class_1_aug1.mp4,0
class,person3,class_1_aug_043eecfa.mp4,/content/drive/MyDrive/all dataset/class/person3/class_1_aug_043eecfa.mp4,0
class,person3,class_1_aug_d30ccba2.mp4,/content/drive/MyDrive/all dataset/class/person3/class_1_aug_d30ccba2.mp4,0
class,person3,class_1_aug_5f645bab.mp4,/content/drive/MyDrive/all dataset/class/person3/class_1_aug_5f645bab.mp4,0
class,person3,class_1_aug_7fc29fce.mp4,/content/drive/MyDrive/all dataset/class/person3/class_1_aug_7fc29fce.mp4,0
class,person3,class_1_aug_09b8dc9e.mp4,/content/drive/MyDrive/all dataset/class/person3/class_1_aug_09b8dc9e.mp4,0
class,person3,class_1_aug_2b152bef.mp4,/content/drive/MyDrive/all dataset/class/person3/class_1_aug_2b152bef.mp4,0
class,person3,class_1_aug_b86c2a67.mp4,/content/drive/MyDrive/all dataset/class/person3/class_1_aug_b86c2a67.mp4,0
class,person3,class_1_aug_d94d1917.mp4,/content/drive/MyDrive/all dataset/class/person3/class_1_aug_d94d1917.mp4,0
class,person3,class_1_aug_ed5de059.mp4,/content/drive/MyDrive/all dataset/class/person3/class_1_aug_ed5de059.mp4,0
class,person4,class_1.mp4,/content/drive/MyDrive/all dataset/class/person4/class_1.mp4,0
class,person4,class_1_aug_2.mp4,/content/drive/MyDrive/all dataset/class/person4/class_1_aug_2.mp4,0
class,person4,class_1_aug_3.mp4,/content/drive/MyDrive/all dataset/class/person4/class_1_aug_3.mp4,0
class,person4,class_1_aug_4.mp4,/content/drive/MyDrive/all dataset/class/person4/class_1_aug_4.mp4,0
class,person4,class_1_aug_5.mp4,/content/drive/MyDrive/all dataset/class/person4/class_1_aug_5.mp4,0
class,person4,class_1_aug_6.mp4,/content/drive/MyDrive/all dataset/class/person4/class_1_aug_6.mp4,0
class,person4,class_1_aug_7.mp4,/content/drive/MyDrive/all dataset/class/person4/class_1_aug_7.mp4,0
class,person4,class_1_aug_8.mp4,/content/drive/MyDrive/all dataset/class/person4/class_1_aug_8.mp4,0
class,person4,class_1_aug_9.mp4,/content/drive/MyDrive/all dataset/class/person4/class_1_aug_9.mp4,0
class,person4,class_1_aug_11.mp4,/content/drive/MyDrive/all dataset/class/person4/class_1_aug_11.mp4,0
class,person4,class_1_aug1.mp4,/content/drive/MyDrive/all dataset/class/person4/class_1_aug1.mp4,0
class,person4,class_1_aug_90b24663.mp4,/content/drive/MyDrive/all dataset/class/person4/class_1_aug_90b24663.mp4,0
class,person4,class_1_aug_8b0b56de.mp4,/content/drive/MyDrive/all dataset/class/person4/class_1_aug_8b0b56de.mp4,0
class,person4,class_1_aug_6708eabc.mp4,/content/drive/MyDrive/all dataset/class/person4/class_1_aug_6708eabc.mp4,0
class,person4,class_1_aug_958347ab.mp4,/content/drive/MyDrive/all dataset/class/person4/class_1_aug_958347ab.mp4,0
class,person4,class_1_aug_863b5743.mp4,/content/drive/MyDrive/all dataset/class/person4/class_1_aug_863b5743.mp4,0
class,person4,class_1_aug_6a31a061.mp4,/content/drive/MyDrive/all dataset/class/person4/class_1_aug_6a31a061.mp4,0
class,person4,class_1_aug_32d89b65.mp4,/content/drive/MyDrive/all dataset/class/person4/class_1_aug_32d89b65.mp4,0
class,person4,class_1_aug_29de5c17.mp4,/content/drive/MyDrive/all dataset/class/person4/class_1_aug_29de5c17.mp4,0
class,person4,class_1_aug_675edeb2.mp4,/content/drive/MyDrive/all dataset/class/person4/class_1_aug_675edeb2.mp4,0
class,person5,class_1_aug_1.mp4,/content/drive/MyDrive/all dataset/class/person5/class_1_aug_1.mp4,0
class,person5,class_1_aug_3.mp4,/content/drive/MyDrive/all dataset/class/person5/class_1_aug_3.mp4,0
class,person5,class_1_aug_4.mp4,/content/drive/MyDrive/all dataset/class/person5/class_1_aug_4.mp4,0
class,person5,class_1_aug_5.mp4,/content/drive/MyDrive/all dataset/class/person5/class_1_aug_5.mp4,0
class,person5,class_1_aug_8.mp4,/content/drive/MyDrive/all dataset/class/person5/class_1_aug_8.mp4,0
class,person5,class_1_aug_9.mp4,/content/drive/MyDrive/all dataset/class/person5/class_1_aug_9.mp4,0
class,person5,class_1_aug_10.mp4,/content/drive/MyDrive/all dataset/class/person5/class_1_aug_10.mp4,0
class,person5,class_1_aug_11.mp4,/content/drive/MyDrive/all dataset/class/person5/class_1_aug_11.mp4,0
class,person5,class_1_aug_13.mp4,/content/drive/MyDrive/all dataset/class/person5/class_1_aug_13.mp4,0
class,person5,class_1_aug_14.mp4,/content/drive/MyDrive/all dataset/class/person5/class_1_aug_14.mp4,0
class,person5,class_1_aug_1_aug_4eff4dab.mp4,/content/drive/MyDrive/all dataset/class/person5/class_1_aug_1_aug_4eff4dab.mp4,0
class,person5,class_1_aug_10_aug_dd2f8ae2.mp4,/content/drive/MyDrive/all dataset/class/person5/class_1_aug_10_aug_dd2f8ae2.mp4,0
class,person5,class_1_aug_11_aug_827233bb.mp4,/content/drive/MyDrive/all dataset/class/person5/class_1_aug_11_aug_827233bb.mp4,0
class,person5,class_1_aug_13_aug_a35c6d6b.mp4,/content/drive/MyDrive/all dataset/class/person5/class_1_aug_13_aug_a35c6d6b.mp4,0
class,person5,class_1_aug_14_aug_b60eb948.mp4,/content/drive/MyDrive/all dataset/class/person5/class_1_aug_14_aug_b60eb948.mp4,0
class,person5,class_1_aug_3_aug_8af5c90f.mp4,/content/drive/MyDrive/all dataset/class/person5/class_1_aug_3_aug_8af5c90f.mp4,0
class,person5,class_1_aug_4_aug_f72e7cab.mp4,/content/drive/MyDrive/all dataset/class/person5/class_1_aug_4_aug_f72e7cab.mp4,0
class,person5,class_1_aug_5_aug_29ee4351.mp4,/content/drive/MyDrive/all dataset/class/person5/class_1_aug_5_aug_29ee4351.mp4,0
class,person5,class_1_aug_8_aug_a4eca3ec.mp4,/content/drive/MyDrive/all dataset/class/person5/class_1_aug_8_aug_a4eca3ec.mp4,0
class,person5,class_1_aug_9_aug_001990b7.mp4,/content/drive/MyDrive/all dataset/class/person5/class_1_aug_9_aug_001990b7.mp4,0
class,person6,class_1.mp4,/content/drive/MyDrive/all dataset/class/person6/class_1.mp4,0
class,person6,class_1_aug_2.mp4,/content/drive/MyDrive/all dataset/class/person6/class_1_aug_2.mp4,0
class,person6,class_1_aug_4.mp4,/content/drive/MyDrive/all dataset/class/person6/class_1_aug_4.mp4,0
class,person6,class_1_aug_5.mp4,/content/drive/MyDrive/all dataset/class/person6/class_1_aug_5.mp4,0
class,person6,class_1_aug_6.mp4,/content/drive/MyDrive/all dataset/class/person6/class_1_aug_6.mp4,0
class,person6,class_1_aug_8.mp4,/content/drive/MyDrive/all dataset/class/person6/class_1_aug_8.mp4,0
class,person6,class_1_aug_11.mp4,/content/drive/MyDrive/all dataset/class/person6/class_1_aug_11.mp4,0
class,person6,class_1_aug_12.mp4,/content/drive/MyDrive/all dataset/class/person6/class_1_aug_12.mp4,0
class,person6,class_1_aug_13.mp4,/content/drive/MyDrive/all dataset/class/person6/class_1_aug_13.mp4,0
class,person6,class_1_aug_14.mp4,/content/drive/MyDrive/all dataset/class/person6/class_1_aug_14.mp4,0
class,person6,class_1_aug1.mp4,/content/drive/MyDrive/all dataset/class/person6/class_1_aug1.mp4,0
class,person6,class_1_aug_6d9fbd6f.mp4,/content/drive/MyDrive/all dataset/class/person6/class_1_aug_6d9fbd6f.mp4,0
class,person6,class_1_aug_3f82cd09.mp4,/content/drive/MyDrive/all dataset/class/person6/class_1_aug_3f82cd09.mp4,0
class,person6,class_1_aug_72cf69db.mp4,/content/drive/MyDrive/all dataset/class/person6/class_1_aug_72cf69db.mp4,0
class,person6,class_1_aug_95570d5d.mp4,/content/drive/MyDrive/all dataset/class/person6/class_1_aug_95570d5d.mp4,0
class,person6,class_1_aug_b997f2d7.mp4,/content/drive/MyDrive/all dataset/class/person6/class_1_aug_b997f2d7.mp4,0
class,person6,class_1_aug_b913cb0f.mp4,/content/drive/MyDrive/all dataset/class/person6/class_1_aug_b913cb0f.mp4,0
class,person6,class_1_aug_a95a5f63.mp4,/content/drive/MyDrive/all dataset/class/person6/class_1_aug_a95a5f63.mp4,0
class,person6,class_1_aug_e1d5969c.mp4,/content/drive/MyDrive/all dataset/class/person6/class_1_aug_e1d5969c.mp4,0
class,person6,class_1_aug_c6734501.mp4,/content/drive/MyDrive/all dataset/class/person6/class_1_aug_c6734501.mp4,0
class,person7,class_1.mp4,/content/drive/MyDrive/all dataset/class/person7/class_1.mp4,0
class,person7,class_1_aug_1.mp4,/content/drive/MyDrive/all dataset/class/person7/class_1_aug_1.mp4,0
class,person7,class_1_aug_2.mp4,/content/drive/MyDrive/all dataset/class/person7/class_1_aug_2.mp4,0
class,person7,class_1_aug_4.mp4,/content/drive/MyDrive/all dataset/class/person7/class_1_aug_4.mp4,0
class,person7,class_1_aug_6.mp4,/content/drive/MyDrive/all dataset/class/person7/class_1_aug_6.mp4,0
class,person7,class_1_aug_7.mp4,/content/drive/MyDrive/all dataset/class/person7/class_1_aug_7.mp4,0
class,person7,class_1_aug_10.mp4,/content/drive/MyDrive/all dataset/class/person7/class_1_aug_10.mp4,0
class,person7,class_1_aug_11.mp4,/content/drive/MyDrive/all dataset/class/person7/class_1_aug_11.mp4,0
class,person7,class_1_aug_13.mp4,/content/drive/MyDrive/all dataset/class/person7/class_1_aug_13.mp4,0
class,person7,class_1_aug_14.mp4,/content/drive/MyDrive/all dataset/class/person7/class_1_aug_14.mp4,0
class,person7,class_1_aug1.mp4,/content/drive/MyDrive/all dataset/class/person7/class_1_aug1.mp4,0
class,person7,class_1_aug_e08c8b95.mp4,/content/drive/MyDrive/all dataset/class/person7/class_1_aug_e08c8b95.mp4,0
class,person7,class_1_aug_bb6b1966.mp4,/content/drive/MyDrive/all dataset/class/person7/class_1_aug_bb6b1966.mp4,0
class,person7,class_1_aug_2862660c.mp4,/content/drive/MyDrive/all dataset/class/person7/class_1_aug_2862660c.mp4,0
class,person7,class_1_aug_8de55b7f.mp4,/content/drive/MyDrive/all dataset/class/person7/class_1_aug_8de55b7f.mp4,0
class,person7,class_1_aug_33e7c2e1.mp4,/content/drive/MyDrive/all dataset/class/person7/class_1_aug_33e7c2e1.mp4,0
class,person7,class_1_aug_119d5f15.mp4,/content/drive/MyDrive/all dataset/class/person7/class_1_aug_119d5f15.mp4,0
class,person7,class_1_aug_0e550bb0.mp4,/content/drive/MyDrive/all dataset/class/person7/class_1_aug_0e550bb0.mp4,0
class,person7,class_1_aug_182f7833.mp4,/content/drive/MyDrive/all dataset/class/person7/class_1_aug_182f7833.mp4,0
class,person7,class_1_aug_6682543a.mp4,/content/drive/MyDrive/all dataset/class/person7/class_1_aug_6682543a.mp4,0
class,person8,class_1.mp4,/content/drive/MyDrive/all dataset/class/person8/class_1.mp4,0
class,person8,class_1_aug_1.mp4,/content/drive/MyDrive/all dataset/class/person8/class_1_aug_1.mp4,0
class,person8,class_1_aug_2.mp4,/content/drive/MyDrive/all dataset/class/person8/class_1_aug_2.mp4,0
class,person8,class_1_aug_3.mp4,/content/drive/MyDrive/all dataset/class/person8/class_1_aug_3.mp4,0
class,person8,class_1_aug_5.mp4,/content/drive/MyDrive/all dataset/class/person8/class_1_aug_5.mp4,0
class,person8,class_1_aug_6.mp4,/content/drive/MyDrive/all dataset/class/person8/class_1_aug_6.mp4,0
class,person8,class_1_aug_8.mp4,/content/drive/MyDrive/all dataset/class/person8/class_1_aug_8.mp4,0
class,person8,class_1_aug_9.mp4,/content/drive/MyDrive/all dataset/class/person8/class_1_aug_9.mp4,0
class,person8,class_1_aug_12.mp4,/content/drive/MyDrive/all dataset/class/person8/class_1_aug_12.mp4,0
class,person8,class_1_aug_14.mp4,/content/drive/MyDrive/all dataset/class/person8/class_1_aug_14.mp4,0
class,person8,class_1_aug1.mp4,/content/drive/MyDrive/all dataset/class/person8/class_1_aug1.mp4,0
class,person8,class_1_aug_83911c68.mp4,/content/drive/MyDrive/all dataset/class/person8/class_1_aug_83911c68.mp4,0
class,person8,class_1_aug_38aadfcb.mp4,/content/drive/MyDrive/all dataset/class/person8/class_1_aug_38aadfcb.mp4,0
class,person8,class_1_aug_17228e55.mp4,/content/drive/MyDrive/all dataset/class/person8/class_1_aug_17228e55.mp4,0
class,person8,class_1_aug_b1f1558a.mp4,/content/drive/MyDrive/all dataset/class/person8/class_1_aug_b1f1558a.mp4,0
class,person8,class_1_aug_7b6b2439.mp4,/content/drive/MyDrive/all dataset/class/person8/class_1_aug_7b6b2439.mp4,0
class,person8,class_1_aug_c5161f78.mp4,/content/drive/MyDrive/all dataset/class/person8/class_1_aug_c5161f78.mp4,0
class,person8,class_1_aug_ae719d0e.mp4,/content/drive/MyDrive/all dataset/class/person8/class_1_aug_ae719d0e.mp4,0
class,person8,class_1_aug_3f9d810a.mp4,/content/drive/MyDrive/all dataset/class/person8/class_1_aug_3f9d810a.mp4,0
class,person8,class_1_aug_716533e2.mp4,/content/drive/MyDrive/all dataset/class/person8/class_1_aug_716533e2.mp4,0
class,person9,class_1_aug_1.mp4,/content/drive/MyDrive/all dataset/class/person9/class_1_aug_1.mp4,0
class,person9,class_1_aug_2.mp4,/content/drive/MyDrive/all dataset/class/person9/class_1_aug_2.mp4,0
class,person9,class_1_aug_5.mp4,/content/drive/MyDrive/all dataset/class/person9/class_1_aug_5.mp4,0
class,person9,class_1_aug_6.mp4,/content/drive/MyDrive/all dataset/class/person9/class_1_aug_6.mp4,0
class,person9,class_1_aug_8.mp4,/content/drive/MyDrive/all dataset/class/person9/class_1_aug_8.mp4,0
class,person9,class_1_aug_10.mp4,/content/drive/MyDrive/all dataset/class/person9/class_1_aug_10.mp4,0
class,person9,class_1_aug_11.mp4,/content/drive/MyDrive/all dataset/class/person9/class_1_aug_11.mp4,0
class,person9,class_1_aug_12.mp4,/content/drive/MyDrive/all dataset/class/person9/class_1_aug_12.mp4,0
class,person9,class_1_aug_13.mp4,/content/drive/MyDrive/all dataset/class/person9/class_1_aug_13.mp4,0
class,person9,class_1_aug_14.mp4,/content/drive/MyDrive/all dataset/class/person9/class_1_aug_14.mp4,0
class,person9,class_1_aug_1_aug_59f82a1f.mp4,/content/drive/MyDrive/all dataset/class/person9/class_1_aug_1_aug_59f82a1f.mp4,0
class,person9,class_1_aug_10_aug_be41897b.mp4,/content/drive/MyDrive/all dataset/class/person9/class_1_aug_10_aug_be41897b.mp4,0
class,person9,class_1_aug_11_aug_b8721972.mp4,/content/drive/MyDrive/all dataset/class/person9/class_1_aug_11_aug_b8721972.mp4,0
class,person9,class_1_aug_12_aug_f247f386.mp4,/content/drive/MyDrive/all dataset/class/person9/class_1_aug_12_aug_f247f386.mp4,0
class,person9,class_1_aug_13_aug_140977b9.mp4,/content/drive/MyDrive/all dataset/class/person9/class_1_aug_13_aug_140977b9.mp4,0
class,person9,class_1_aug_14_aug_87732876.mp4,/content/drive/MyDrive/all dataset/class/person9/class_1_aug_14_aug_87732876.mp4,0
class,person9,class_1_aug_2_aug_d0915b31.mp4,/content/drive/MyDrive/all dataset/class/person9/class_1_aug_2_aug_d0915b31.mp4,0
class,person9,class_1_aug_5_aug_3c9ef65d.mp4,/content/drive/MyDrive/all dataset/class/person9/class_1_aug_5_aug_3c9ef65d.mp4,0
class,person9,class_1_aug_6_aug_55012a53.mp4,/content/drive/MyDrive/all dataset/class/person9/class_1_aug_6_aug_55012a53.mp4,0
class,person9,class_1_aug_8_aug_c0e823f7.mp4,/content/drive/MyDrive/all dataset/class/person9/class_1_aug_8_aug_c0e823f7.mp4,0
computer,person1,computer_1_aug_3.mp4,/content/drive/MyDrive/all dataset/computer/person1/computer_1_aug_3.mp4,0
computer,person1,computer_1_aug_4.mp4,/content/drive/MyDrive/all dataset/computer/person1/computer_1_aug_4.mp4,0
computer,person1,computer_1_aug_5.mp4,/content/drive/MyDrive/all dataset/computer/person1/computer_1_aug_5.mp4,0
computer,person1,computer_1_aug_6.mp4,/content/drive/MyDrive/all dataset/computer/person1/computer_1_aug_6.mp4,0
computer,person1,computer_1_aug_7.mp4,/content/drive/MyDrive/all dataset/computer/person1/computer_1_aug_7.mp4,0
computer,person1,computer_1_aug_8.mp4,/content/drive/MyDrive/all dataset/computer/person1/computer_1_aug_8.mp4,0
computer,person1,computer_1_aug_10.mp4,/content/drive/MyDrive/all dataset/computer/person1/computer_1_aug_10.mp4,0
computer,person1,computer_1_aug_11.mp4,/content/drive/MyDrive/all dataset/computer/person1/computer_1_aug_11.mp4,0
computer,person1,computer_1_aug_12.mp4,/content/drive/MyDrive/all dataset/computer/person1/computer_1_aug_12.mp4,0
computer,person1,computer_1_aug_14.mp4,/content/drive/MyDrive/all dataset/computer/person1/computer_1_aug_14.mp4,0
computer,person1,computer_1_aug_10_aug_bf116c03.mp4,/content/drive/MyDrive/all dataset/computer/person1/computer_1_aug_10_aug_bf116c03.mp4,0
computer,person1,computer_1_aug_11_aug_7050c6b1.mp4,/content/drive/MyDrive/all dataset/computer/person1/computer_1_aug_11_aug_7050c6b1.mp4,0
computer,person1,computer_1_aug_12_aug_e7e69d4c.mp4,/content/drive/MyDrive/all dataset/computer/person1/computer_1_aug_12_aug_e7e69d4c.mp4,0
computer,person1,computer_1_aug_14_aug_2d3bfc80.mp4,/content/drive/MyDrive/all dataset/computer/person1/computer_1_aug_14_aug_2d3bfc80.mp4,0
computer,person1,computer_1_aug_3_aug_5019ab2e.mp4,/content/drive/MyDrive/all dataset/computer/person1/computer_1_aug_3_aug_5019ab2e.mp4,0
computer,person1,computer_1_aug_4_aug_c9d5531c.mp4,/content/drive/MyDrive/all dataset/computer/person1/computer_1_aug_4_aug_c9d5531c.mp4,0
computer,person1,computer_1_aug_5_aug_80a408c5.mp4,/content/drive/MyDrive/all dataset/computer/person1/computer_1_aug_5_aug_80a408c5.mp4,0
computer,person1,computer_1_aug_6_aug_d0ad068b.mp4,/content/drive/MyDrive/all dataset/computer/person1/computer_1_aug_6_aug_d0ad068b.mp4,0
computer,person1,computer_1_aug_7_aug_1772a881.mp4,/content/drive/MyDrive/all dataset/computer/person1/computer_1_aug_7_aug_1772a881.mp4,0
computer,person1,computer_1_aug_8_aug_3128acfc.mp4,/content/drive/MyDrive/all dataset/computer/person1/computer_1_aug_8_aug_3128acfc.mp4,0
computer,person2,computer_1.mp4,/content/drive/MyDrive/all dataset/computer/person2/computer_1.mp4,0
computer,person2,computer_1_aug_1.mp4,/content/drive/MyDrive/all dataset/computer/person2/computer_1_aug_1.mp4,0
computer,person2,computer_1_aug_2.mp4,/content/drive/MyDrive/all dataset/computer/person2/computer_1_aug_2.mp4,0
computer,person2,computer_1_aug_3.mp4,/content/drive/MyDrive/all dataset/computer/person2/computer_1_aug_3.mp4,0
computer,person2,computer_1_aug_4.mp4,/content/drive/MyDrive/all dataset/computer/person2/computer_1_aug_4.mp4,0
computer,person2,computer_1_aug_5.mp4,/content/drive/MyDrive/all dataset/computer/person2/computer_1_aug_5.mp4,0
computer,person2,computer_1_aug_6.mp4,/content/drive/MyDrive/all dataset/computer/person2/computer_1_aug_6.mp4,0
computer,person2,computer_1_aug_10.mp4,/content/drive/MyDrive/all dataset/computer/person2/computer_1_aug_10.mp4,0
computer,person2,computer_1_aug_13.mp4,/content/drive/MyDrive/all dataset/computer/person2/computer_1_aug_13.mp4,0
computer,person2,computer_1_aug_14.mp4,/content/drive/MyDrive/all dataset/computer/person2/computer_1_aug_14.mp4,0
computer,person2,computer_1_aug1.mp4,/content/drive/MyDrive/all dataset/computer/person2/computer_1_aug1.mp4,0
computer,person2,computer_1_aug_4e893c43.mp4,/content/drive/MyDrive/all dataset/computer/person2/computer_1_aug_4e893c43.mp4,0
computer,person2,computer_1_aug_f612faf8.mp4,/content/drive/MyDrive/all dataset/computer/person2/computer_1_aug_f612faf8.mp4,0
computer,person2,computer_1_aug_f2e118c8.mp4,/content/drive/MyDrive/all dataset/computer/person2/computer_1_aug_f2e118c8.mp4,0
computer,person2,computer_1_aug_3205b401.mp4,/content/drive/MyDrive/all dataset/computer/person2/computer_1_aug_3205b401.mp4,0
computer,person2,computer_1_aug_6a1eab1b.mp4,/content/drive/MyDrive/all dataset/computer/person2/computer_1_aug_6a1eab1b.mp4,0
computer,person2,computer_1_aug_380af470.mp4,/content/drive/MyDrive/all dataset/computer/person2/computer_1_aug_380af470.mp4,0
computer,person2,computer_1_aug_de523111.mp4,/content/drive/MyDrive/all dataset/computer/person2/computer_1_aug_de523111.mp4,0
computer,person2,computer_1_aug_cad5d7a2.mp4,/content/drive/MyDrive/all dataset/computer/person2/computer_1_aug_cad5d7a2.mp4,0
computer,person2,computer_1_aug_e5193ddb.mp4,/content/drive/MyDrive/all dataset/computer/person2/computer_1_aug_e5193ddb.mp4,0
computer,person3,computer_1_aug_2.mp4,/content/drive/MyDrive/all dataset/computer/person3/computer_1_aug_2.mp4,0
computer,person3,computer_1_aug_3.mp4,/content/drive/MyDrive/all dataset/computer/person3/computer_1_aug_3.mp4,0
computer,person3,computer_1_aug_5.mp4,/content/drive/MyDrive/all dataset/computer/person3/computer_1_aug_5.mp4,0
computer,person3,computer_1_aug_7.mp4,/content/drive/MyDrive/all dataset/computer/person3/computer_1_aug_7.mp4,0
computer,person3,computer_1_aug_8.mp4,/content/drive/MyDrive/all dataset/computer/person3/computer_1_aug_8.mp4,0
computer,person3,computer_1_aug_9.mp4,/content/drive/MyDrive/all dataset/computer/person3/computer_1_aug_9.mp4,0
computer,person3,computer_1_aug_10.mp4,/content/drive/MyDrive/all dataset/computer/person3/computer_1_aug_10.mp4,0
computer,person3,computer_1_aug_12.mp4,/content/drive/MyDrive/all dataset/computer/person3/computer_1_aug_12.mp4,0
computer,person3,computer_1_aug_13.mp4,/content/drive/MyDrive/all dataset/computer/person3/computer_1_aug_13.mp4,0
computer,person3,computer_1_aug_14.mp4,/content/drive/MyDrive/all dataset/computer/person3/computer_1_aug_14.mp4,0
computer,person3,computer_1_aug_10_aug_dcc72028.mp4,/content/drive/MyDrive/all dataset/computer/person3/computer_1_aug_10_aug_dcc72028.mp4,0
computer,person3,computer_1_aug_12_aug_71e3db90.mp4,/content/drive/MyDrive/all dataset/computer/person3/computer_1_aug_12_aug_71e3db90.mp4,0
computer,person3,computer_1_aug_13_aug_cbaa8645.mp4,/content/drive/MyDrive/all dataset/computer/person3/computer_1_aug_13_aug_cbaa8645.mp4,0
computer,person3,computer_1_aug_14_aug_05cd4d0c.mp4,/content/drive/MyDrive/all dataset/computer/person3/computer_1_aug_14_aug_05cd4d0c.mp4,0
computer,person3,computer_1_aug_2_aug_d00e4ea3.mp4,/content/drive/MyDrive/all dataset/computer/person3/computer_1_aug_2_aug_d00e4ea3.mp4,0
computer,person3,computer_1_aug_3_aug_6c654bd8.mp4,/content/drive/MyDrive/all dataset/computer/person3/computer_1_aug_3_aug_6c654bd8.mp4,0
computer,person3,computer_1_aug_5_aug_0dc38a65.mp4,/content/drive/MyDrive/all dataset/computer/person3/computer_1_aug_5_aug_0dc38a65.mp4,0
computer,person3,computer_1_aug_7_aug_708ebe17.mp4,/content/drive/MyDrive/all dataset/computer/person3/computer_1_aug_7_aug_708ebe17.mp4,0
computer,person3,computer_1_aug_8_aug_b6a57bfd.mp4,/content/drive/MyDrive/all dataset/computer/person3/computer_1_aug_8_aug_b6a57bfd.mp4,0
computer,person3,computer_1_aug_9_aug_751b6830.mp4,/content/drive/MyDrive/all dataset/computer/person3/computer_1_aug_9_aug_751b6830.mp4,0
computer,person4,computer_1.mp4,/content/drive/MyDrive/all dataset/computer/person4/computer_1.mp4,0
computer,person4,computer_1_aug_4.mp4,/content/drive/MyDrive/all dataset/computer/person4/computer_1_aug_4.mp4,0
computer,person4,computer_1_aug_5.mp4,/content/drive/MyDrive/all dataset/computer/person4/computer_1_aug_5.mp4,0
computer,person4,computer_1_aug_7.mp4,/content/drive/MyDrive/all dataset/computer/person4/computer_1_aug_7.mp4,0
computer,person4,computer_1_aug_8.mp4,/content/drive/MyDrive/all dataset/computer/person4/computer_1_aug_8.mp4,0
computer,person4,computer_1_aug_9.mp4,/content/drive/MyDrive/all dataset/computer/person4/computer_1_aug_9.mp4,0
computer,person4,computer_1_aug_11.mp4,/content/drive/MyDrive/all dataset/computer/person4/computer_1_aug_11.mp4,0
computer,person4,computer_1_aug_12.mp4,/content/drive/MyDrive/all dataset/computer/person4/computer_1_aug_12.mp4,0
computer,person4,computer_1_aug_13.mp4,/content/drive/MyDrive/all dataset/computer/person4/computer_1_aug_13.mp4,0
computer,person4,computer_1_aug_14.mp4,/content/drive/MyDrive/all dataset/computer/person4/computer_1_aug_14.mp4,0
computer,person4,computer_1_aug1.mp4,/content/drive/MyDrive/all dataset/computer/person4/computer_1_aug1.mp4,0
computer,person4,computer_1_aug_65232e14.mp4,/content/drive/MyDrive/all dataset/computer/person4/computer_1_aug_65232e14.mp4,0
computer,person4,computer_1_aug_3547d2bc.mp4,/content/drive/MyDrive/all dataset/computer/person4/computer_1_aug_3547d2bc.mp4,0
computer,person4,computer_1_aug_a0a5a546.mp4,/content/drive/MyDrive/all dataset/computer/person4/computer_1_aug_a0a5a546.mp4,0
computer,person4,computer_1_aug_84948146.mp4,/content/drive/MyDrive/all dataset/computer/person4/computer_1_aug_84948146.mp4,0
computer,person4,computer_1_aug_b1b1fd43.mp4,/content/drive/MyDrive/all dataset/computer/person4/computer_1_aug_b1b1fd43.mp4,0
computer,person4,computer_1_aug_86eb5f6d.mp4,/content/drive/MyDrive/all dataset/computer/person4/computer_1_aug_86eb5f6d.mp4,0
computer,person4,computer_1_aug_8ae73cf3.mp4,/content/drive/MyDrive/all dataset/computer/person4/computer_1_aug_8ae73cf3.mp4,0
computer,person4,computer_1_aug_b013ea74.mp4,/content/drive/MyDrive/all dataset/computer/person4/computer_1_aug_b013ea74.mp4,0
computer,person4,computer_1_aug_71bdbc82.mp4,/content/drive/MyDrive/all dataset/computer/person4/computer_1_aug_71bdbc82.mp4,0
computer,person5,computer_1.mp4,/content/drive/MyDrive/all dataset/computer/person5/computer_1.mp4,0
computer,person5,computer_1_aug_1.mp4,/content/drive/MyDrive/all dataset/computer/person5/computer_1_aug_1.mp4,0
computer,person5,computer_1_aug_4.mp4,/content/drive/MyDrive/all dataset/computer/person5/computer_1_aug_4.mp4,0
computer,person5,computer_1_aug_6.mp4,/content/drive/MyDrive/all dataset/computer/person5/computer_1_aug_6.mp4,0
computer,person5,computer_1_aug_7.mp4,/content/drive/MyDrive/all dataset/computer/person5/computer_1_aug_7.mp4,0
computer,person5,computer_1_aug_8.mp4,/content/drive/MyDrive/all dataset/computer/person5/computer_1_aug_8.mp4,0
computer,person5,computer_1_aug_11.mp4,/content/drive/MyDrive/all dataset/computer/person5/computer_1_aug_11.mp4,0
computer,person5,computer_1_aug_12.mp4,/content/drive/MyDrive/all dataset/computer/person5/computer_1_aug_12.mp4,0
computer,person5,computer_1_aug_13.mp4,/content/drive/MyDrive/all dataset/computer/person5/computer_1_aug_13.mp4,0
computer,person5,computer_1_aug_14.mp4,/content/drive/MyDrive/all dataset/computer/person5/computer_1_aug_14.mp4,0
computer,person5,computer_1_aug1.mp4,/content/drive/MyDrive/all dataset/computer/person5/computer_1_aug1.mp4,0
computer,person5,computer_1_aug_336993f5.mp4,/content/drive/MyDrive/all dataset/computer/person5/computer_1_aug_336993f5.mp4,0
computer,person5,computer_1_aug_7836a247.mp4,/content/drive/MyDrive/all dataset/computer/person5/computer_1_aug_7836a247.mp4,0
computer,person5,computer_1_aug_e05b9fd2.mp4,/content/drive/MyDrive/all dataset/computer/person5/computer_1_aug_e05b9fd2.mp4,0
computer,person5,computer_1_aug_afc7c0cd.mp4,/content/drive/MyDrive/all dataset/computer/person5/computer_1_aug_afc7c0cd.mp4,0
computer,person5,computer_1_aug_9bea00e3.mp4,/content/drive/MyDrive/all dataset/computer/person5/computer_1_aug_9bea00e3.mp4,0
computer,person5,computer_1_aug_8cc0a412.mp4,/content/drive/MyDrive/all dataset/computer/person5/computer_1_aug_8cc0a412.mp4,0
computer,person5,computer_1_aug_5c39dd7b.mp4,/content/drive/MyDrive/all dataset/computer/person5/computer_1_aug_5c39dd7b.mp4,0
computer,person5,computer_1_aug_dcd36aa8.mp4,/content/drive/MyDrive/all dataset/computer/person5/computer_1_aug_dcd36aa8.mp4,0
computer,person5,computer_1_aug_aad810ed.mp4,/content/drive/MyDrive/all dataset/computer/person5/computer_1_aug_aad810ed.mp4,0
computer,person6,computer_1.mp4,/content/drive/MyDrive/all dataset/computer/person6/computer_1.mp4,0
computer,person6,computer_1_aug_1.mp4,/content/drive/MyDrive/all dataset/computer/person6/computer_1_aug_1.mp4,0
computer,person6,computer_1_aug_2.mp4,/content/drive/MyDrive/all dataset/computer/person6/computer_1_aug_2.mp4,0
computer,person6,computer_1_aug_5.mp4,/content/drive/MyDrive/all dataset/computer/person6/computer_1_aug_5.mp4,0
computer,person6,computer_1_aug_6.mp4,/content/drive/MyDrive/all dataset/computer/person6/computer_1_aug_6.mp4,0
computer,person6,computer_1_aug_7.mp4,/content/drive/MyDrive/all dataset/computer/person6/computer_1_aug_7.mp4,0
computer,person6,computer_1_aug_8.mp4,/content/drive/MyDrive/all dataset/computer/person6/computer_1_aug_8.mp4,0
computer,person6,computer_1_aug_9.mp4,/content/drive/MyDrive/all dataset/computer/person6/computer_1_aug_9.mp4,0
computer,person6,computer_1_aug_10.mp4,/content/drive/MyDrive/all dataset/computer/person6/computer_1_aug_10.mp4,0
computer,person6,computer_1_aug_13.mp4,/content/drive/MyDrive/all dataset/computer/person6/computer_1_aug_13.mp4,0
computer,person6,computer_1_aug1.mp4,/content/drive/MyDrive/all dataset/computer/person6/computer_1_aug1.mp4,0
computer,person6,computer_1_aug_876c166a.mp4,/content/drive/MyDrive/all dataset/computer/person6/computer_1_aug_876c166a.mp4,0
computer,person6,computer_1_aug_238b1b95.mp4,/content/drive/MyDrive/all dataset/computer/person6/computer_1_aug_238b1b95.mp4,0
computer,person6,computer_1_aug_1f520565.mp4,/content/drive/MyDrive/all dataset/computer/person6/computer_1_aug_1f520565.mp4,0
computer,person6,computer_1_aug_98b706ab.mp4,/content/drive/MyDrive/all dataset/computer/person6/computer_1_aug_98b706ab.mp4,0
computer,person6,computer_1_aug_8c159b58.mp4,/content/drive/MyDrive/all dataset/computer/person6/computer_1_aug_8c159b58.mp4,0
computer,person6,computer_1_aug_ca7eef6c.mp4,/content/drive/MyDrive/all dataset/computer/person6/computer_1_aug_ca7eef6c.mp4,0
computer,person6,computer_1_aug_4fe2947d.mp4,/content/drive/MyDrive/all dataset/computer/person6/computer_1_aug_4fe2947d.mp4,0
computer,person6,computer_1_aug_3c19b9f5.mp4,/content/drive/MyDrive/all dataset/computer/person6/computer_1_aug_3c19b9f5.mp4,0
computer,person6,computer_1_aug_34331dd5.mp4,/content/drive/MyDrive/all dataset/computer/person6/computer_1_aug_34331dd5.mp4,0
computer,person7,computer_1.mp4,/content/drive/MyDrive/all dataset/computer/person7/computer_1.mp4,0
computer,person7,computer_1_aug_1.mp4,/content/drive/MyDrive/all dataset/computer/person7/computer_1_aug_1.mp4,0
computer,person7,computer_1_aug_2.mp4,/content/drive/MyDrive/all dataset/computer/person7/computer_1_aug_2.mp4,0
computer,person7,computer_1_aug_4.mp4,/content/drive/MyDrive/all dataset/computer/person7/computer_1_aug_4.mp4,0
computer,person7,computer_1_aug_5.mp4,/content/drive/MyDrive/all dataset/computer/person7/computer_1_aug_5.mp4,0
computer,person7,computer_1_aug_8.mp4,/content/drive/MyDrive/all dataset/computer/person7/computer_1_aug_8.mp4,0
computer,person7,computer_1_aug_10.mp4,/content/drive/MyDrive/all dataset/computer/person7/computer_1_aug_10.mp4,0
computer,person7,computer_1_aug_12.mp4,/content/drive/MyDrive/all dataset/computer/person7/computer_1_aug_12.mp4,0
computer,person7,computer_1_aug_13.mp4,/content/drive/MyDrive/all dataset/computer/person7/computer_1_aug_13.mp4,0
computer,person7,computer_1_aug_14.mp4,/content/drive/MyDrive/all dataset/computer/person7/computer_1_aug_14.mp4,0
computer,person7,computer_1_aug1.mp4,/content/drive/MyDrive/all dataset/computer/person7/computer_1_aug1.mp4,0
computer,person7,computer_1_aug_970ed0d9.mp4,/content/drive/MyDrive/all dataset/computer/person7/computer_1_aug_970ed0d9.mp4,0
computer,person7,computer_1_aug_419cfbcb.mp4,/content/drive/MyDrive/all dataset/computer/person7/computer_1_aug_419cfbcb.mp4,0
computer,person7,computer_1_aug_ed471a2a.mp4,/content/drive/MyDrive/all dataset/computer/person7/computer_1_aug_ed471a2a.mp4,0
computer,person7,computer_1_aug_7bbb7dd0.mp4,/content/drive/MyDrive/all dataset/computer/person7/computer_1_aug_7bbb7dd0.mp4,0
computer,person7,computer_1_aug_de93f063.mp4,/content/drive/MyDrive/all dataset/computer/person7/computer_1_aug_de93f063.mp4,0
computer,person7,computer_1_aug_c45f9286.mp4,/content/drive/MyDrive/all dataset/computer/person7/computer_1_aug_c45f9286.mp4,0
computer,person7,computer_1_aug_192e4284.mp4,/content/drive/MyDrive/all dataset/computer/person7/computer_1_aug_192e4284.mp4,0
computer,person7,computer_1_aug_8d560b15.mp4,/content/drive/MyDrive/all dataset/computer/person7/computer_1_aug_8d560b15.mp4,0
computer,person7,computer_1_aug_501aef11.mp4,/content/drive/MyDrive/all dataset/computer/person7/computer_1_aug_501aef11.mp4,0
computer,person8,computer_1.mp4,/content/drive/MyDrive/all dataset/computer/person8/computer_1.mp4,0
computer,person8,computer_1_aug_1.mp4,/content/drive/MyDrive/all dataset/computer/person8/computer_1_aug_1.mp4,0
computer,person8,computer_1_aug_2.mp4,/content/drive/MyDrive/all dataset/computer/person8/computer_1_aug_2.mp4,0
computer,person8,computer_1_aug_3.mp4,/content/drive/MyDrive/all dataset/computer/person8/computer_1_aug_3.mp4,0
computer,person8,computer_1_aug_4.mp4,/content/drive/MyDrive/all dataset/computer/person8/computer_1_aug_4.mp4,0
computer,person8,computer_1_aug_7.mp4,/content/drive/MyDrive/all dataset/computer/person8/computer_1_aug_7.mp4,0
computer,person8,computer_1_aug_8.mp4,/content/drive/MyDrive/all dataset/computer/person8/computer_1_aug_8.mp4,0
computer,person8,computer_1_aug_10.mp4,/content/drive/MyDrive/all dataset/computer/person8/computer_1_aug_10.mp4,0
computer,person8,computer_1_aug_11.mp4,/content/drive/MyDrive/all dataset/computer/person8/computer_1_aug_11.mp4,0
computer,person8,computer_1_aug_13.mp4,/content/drive/MyDrive/all dataset/computer/person8/computer_1_aug_13.mp4,0
computer,person8,computer_1_aug1.mp4,/content/drive/MyDrive/all dataset/computer/person8/computer_1_aug1.mp4,0
computer,person8,computer_1_aug_3f6e2989.mp4,/content/drive/MyDrive/all dataset/computer/person8/computer_1_aug_3f6e2989.mp4,0
computer,person8,computer_1_aug_d055e441.mp4,/content/drive/MyDrive/all dataset/computer/person8/computer_1_aug_d055e441.mp4,0
computer,person8,computer_1_aug_fbdd2440.mp4,/content/drive/MyDrive/all dataset/computer/person8/computer_1_aug_fbdd2440.mp4,0
computer,person8,computer_1_aug_f90152fa.mp4,/content/drive/MyDrive/all dataset/computer/person8/computer_1_aug_f90152fa.mp4,0
computer,person8,computer_1_aug_abac1216.mp4,/content/drive/MyDrive/all dataset/computer/person8/computer_1_aug_abac1216.mp4,0
computer,person8,computer_1_aug_c91029a8.mp4,/content/drive/MyDrive/all dataset/computer/person8/computer_1_aug_c91029a8.mp4,0
computer,person8,computer_1_aug_b82585ce.mp4,/content/drive/MyDrive/all dataset/computer/person8/computer_1_aug_b82585ce.mp4,0
computer,person8,computer_1_aug_395a4426.mp4,/content/drive/MyDrive/all dataset/computer/person8/computer_1_aug_395a4426.mp4,0
computer,person8,computer_1_aug_274db0d2.mp4,/content/drive/MyDrive/all dataset/computer/person8/computer_1_aug_274db0d2.mp4,0
computer,person9,computer_1.mp4,/content/drive/MyDrive/all dataset/computer/person9/computer_1.mp4,0
computer,person9,computer_1_aug_4.mp4,/content/drive/MyDrive/all dataset/computer/person9/computer_1_aug_4.mp4,0
computer,person9,computer_1_aug_5.mp4,/content/drive/MyDrive/all dataset/computer/person9/computer_1_aug_5.mp4,0
computer,person9,computer_1_aug_6.mp4,/content/drive/MyDrive/all dataset/computer/person9/computer_1_aug_6.mp4,0
computer,person9,computer_1_aug_7.mp4,/content/drive/MyDrive/all dataset/computer/person9/computer_1_aug_7.mp4,0
computer,person9,computer_1_aug_9.mp4,/content/drive/MyDrive/all dataset/computer/person9/computer_1_aug_9.mp4,0
computer,person9,computer_1_aug_10.mp4,/content/drive/MyDrive/all dataset/computer/person9/computer_1_aug_10.mp4,0
computer,person9,computer_1_aug_11.mp4,/content/drive/MyDrive/all dataset/computer/person9/computer_1_aug_11.mp4,0
computer,person9,computer_1_aug_12.mp4,/content/drive/MyDrive/all dataset/computer/person9/computer_1_aug_12.mp4,0
computer,person9,computer_1_aug_14.mp4,/content/drive/MyDrive/all dataset/computer/person9/computer_1_aug_14.mp4,0
computer,person9,computer_1_aug1.mp4,/content/drive/MyDrive/all dataset/computer/person9/computer_1_aug1.mp4,0
computer,person9,computer_1_aug_7278964e.mp4,/content/drive/MyDrive/all dataset/computer/person9/computer_1_aug_7278964e.mp4,0
computer,person9,computer_1_aug_3c51aeb5.mp4,/content/drive/MyDrive/all dataset/computer/person9/computer_1_aug_3c51aeb5.mp4,0
computer,person9,computer_1_aug_393dc471.mp4,/content/drive/MyDrive/all dataset/computer/person9/computer_1_aug_393dc471.mp4,0
computer,person9,computer_1_aug_a434e7f3.mp4,/content/drive/MyDrive/all dataset/computer/person9/computer_1_aug_a434e7f3.mp4,0
computer,person9,computer_1_aug_b6b2e2bd.mp4,/content/drive/MyDrive/all dataset/computer/person9/computer_1_aug_b6b2e2bd.mp4,0
computer,person9,computer_1_aug_73680fde.mp4,/content/drive/MyDrive/all dataset/computer/person9/computer_1_aug_73680fde.mp4,0
computer,person9,computer_1_aug_06dc7760.mp4,/content/drive/MyDrive/all dataset/computer/person9/computer_1_aug_06dc7760.mp4,0
computer,person9,computer_1_aug_8d426014.mp4,/content/drive/MyDrive/all dataset/computer/person9/computer_1_aug_8d426014.mp4,0
computer,person9,computer_1_aug_1be47efd.mp4,/content/drive/MyDrive/all dataset/computer/person9/computer_1_aug_1be47efd.mp4,0
doctor,person1,doctor_1.mp4,/content/drive/MyDrive/all dataset/doctor/person1/doctor_1.mp4,0
doctor,person1,doctor_1_aug_1.mp4,/content/drive/MyDrive/all dataset/doctor/person1/doctor_1_aug_1.mp4,0
doctor,person1,doctor_1_aug_2.mp4,/content/drive/MyDrive/all dataset/doctor/person1/doctor_1_aug_2.mp4,0
doctor,person1,doctor_1_aug_3.mp4,/content/drive/MyDrive/all dataset/doctor/person1/doctor_1_aug_3.mp4,0
doctor,person1,doctor_1_aug_4.mp4,/content/drive/MyDrive/all dataset/doctor/person1/doctor_1_aug_4.mp4,0
doctor,person1,doctor_1_aug_5.mp4,/content/drive/MyDrive/all dataset/doctor/person1/doctor_1_aug_5.mp4,0
doctor,person1,doctor_1_aug_6.mp4,/content/drive/MyDrive/all dataset/doctor/person1/doctor_1_aug_6.mp4,0
doctor,person1,doctor_1_aug_7.mp4,/content/drive/MyDrive/all dataset/doctor/person1/doctor_1_aug_7.mp4,0
doctor,person1,doctor_1_aug_8.mp4,/content/drive/MyDrive/all dataset/doctor/person1/doctor_1_aug_8.mp4,0
doctor,person1,doctor_1_aug_10.mp4,/content/drive/MyDrive/all dataset/doctor/person1/doctor_1_aug_10.mp4,0
doctor,person1,doctor_1_aug1.mp4,/content/drive/MyDrive/all dataset/doctor/person1/doctor_1_aug1.mp4,0
doctor,person1,doctor_1_aug_93f35e4a.mp4,/content/drive/MyDrive/all dataset/doctor/person1/doctor_1_aug_93f35e4a.mp4,0
doctor,person1,doctor_1_aug_43ac0ec0.mp4,/content/drive/MyDrive/all dataset/doctor/person1/doctor_1_aug_43ac0ec0.mp4,0
doctor,person1,doctor_1_aug_9bb5b142.mp4,/content/drive/MyDrive/all dataset/doctor/person1/doctor_1_aug_9bb5b142.mp4,0
doctor,person1,doctor_1_aug_4aa26b72.mp4,/content/drive/MyDrive/all dataset/doctor/person1/doctor_1_aug_4aa26b72.mp4,0
doctor,person1,doctor_1_aug_0d7b939b.mp4,/content/drive/MyDrive/all dataset/doctor/person1/doctor_1_aug_0d7b939b.mp4,0
doctor,person1,doctor_1_aug_2bfde7aa.mp4,/content/drive/MyDrive/all dataset/doctor/person1/doctor_1_aug_2bfde7aa.mp4,0
doctor,person1,doctor_1_aug_11d2461f.mp4,/content/drive/MyDrive/all dataset/doctor/person1/doctor_1_aug_11d2461f.mp4,0
doctor,person1,doctor_1_aug_7e599a31.mp4,/content/drive/MyDrive/all dataset/doctor/person1/doctor_1_aug_7e599a31.mp4,0
doctor,person1,doctor_1_aug_20822f11.mp4,/content/drive/MyDrive/all dataset/doctor/person1/doctor_1_aug_20822f11.mp4,0
doctor,person2,doctor_2_aug_1.mp4,/content/drive/MyDrive/all dataset/doctor/person2/doctor_2_aug_1.mp4,0
doctor,person2,doctor_2_aug_3.mp4,/content/drive/MyDrive/all dataset/doctor/person2/doctor_2_aug_3.mp4,0
doctor,person2,doctor_2_aug_4.mp4,/content/drive/MyDrive/all dataset/doctor/person2/doctor_2_aug_4.mp4,0
doctor,person2,doctor_2_aug_5.mp4,/content/drive/MyDrive/all dataset/doctor/person2/doctor_2_aug_5.mp4,0
doctor,person2,doctor_2_aug_6.mp4,/content/drive/MyDrive/all dataset/doctor/person2/doctor_2_aug_6.mp4,0
doctor,person2,doctor_2_aug_7.mp4,/content/drive/MyDrive/all dataset/doctor/person2/doctor_2_aug_7.mp4,0
doctor,person2,doctor_2_aug_8.mp4,/content/drive/MyDrive/all dataset/doctor/person2/doctor_2_aug_8.mp4,0
doctor,person2,doctor_2_aug_9.mp4,/content/drive/MyDrive/all dataset/doctor/person2/doctor_2_aug_9.mp4,0
doctor,person2,doctor_2_aug_10.mp4,/content/drive/MyDrive/all dataset/doctor/person2/doctor_2_aug_10.mp4,0
doctor,person2,doctor_2_aug_11.mp4,/content/drive/MyDrive/all dataset/doctor/person2/doctor_2_aug_11.mp4,0
doctor,person2,doctor_2_aug_1_aug_fbdc4dc2.mp4,/content/drive/MyDrive/all dataset/doctor/person2/doctor_2_aug_1_aug_fbdc4dc2.mp4,0
doctor,person2,doctor_2_aug_10_aug_a1474fc9.mp4,/content/drive/MyDrive/all dataset/doctor/person2/doctor_2_aug_10_aug_a1474fc9.mp4,0
doctor,person2,doctor_2_aug_11_aug_e8a0b5a1.mp4,/content/drive/MyDrive/all dataset/doctor/person2/doctor_2_aug_11_aug_e8a0b5a1.mp4,0
doctor,person2,doctor_2_aug_3_aug_938a7fb9.mp4,/content/drive/MyDrive/all dataset/doctor/person2/doctor_2_aug_3_aug_938a7fb9.mp4,0
doctor,person2,doctor_2_aug_4_aug_de5fbe30.mp4,/content/drive/MyDrive/all dataset/doctor/person2/doctor_2_aug_4_aug_de5fbe30.mp4,0
doctor,person2,doctor_2_aug_5_aug_fb278bdd.mp4,/content/drive/MyDrive/all dataset/doctor/person2/doctor_2_aug_5_aug_fb278bdd.mp4,0
doctor,person2,doctor_2_aug_6_aug_8623b1bd.mp4,/content/drive/MyDrive/all dataset/doctor/person2/doctor_2_aug_6_aug_8623b1bd.mp4,0
doctor,person2,doctor_2_aug_7_aug_54e2ecfd.mp4,/content/drive/MyDrive/all dataset/doctor/person2/doctor_2_aug_7_aug_54e2ecfd.mp4,0
doctor,person2,doctor_2_aug_8_aug_6e948fcf.mp4,/content/drive/MyDrive/all dataset/doctor/person2/doctor_2_aug_8_aug_6e948fcf.mp4,0
doctor,person2,doctor_2_aug_9_aug_fc8b1cc1.mp4,/content/drive/MyDrive/all dataset/doctor/person2/doctor_2_aug_9_aug_fc8b1cc1.mp4,0
doctor,person3,doctor_3.mp4,/content/drive/MyDrive/all dataset/doctor/person3/doctor_3.mp4,0
doctor,person3,doctor_3_aug_1.mp4,/content/drive/MyDrive/all dataset/doctor/person3/doctor_3_aug_1.mp4,0
doctor,person3,doctor_3_aug_2.mp4,/content/drive/MyDrive/all dataset/doctor/person3/doctor_3_aug_2.mp4,0
doctor,person3,doctor_3_aug_3.mp4,/content/drive/MyDrive/all dataset/doctor/person3/doctor_3_aug_3.mp4,0
doctor,person3,doctor_3_aug_4.mp4,/content/drive/MyDrive/all dataset/doctor/person3/doctor_3_aug_4.mp4,0
doctor,person3,doctor_3_aug_5.mp4,/content/drive/MyDrive/all dataset/doctor/person3/doctor_3_aug_5.mp4,0
doctor,person3,doctor_3_aug_8.mp4,/content/drive/MyDrive/all dataset/doctor/person3/doctor_3_aug_8.mp4,0
doctor,person3,doctor_3_aug_9.mp4,/content/drive/MyDrive/all dataset/doctor/person3/doctor_3_aug_9.mp4,0
doctor,person3,doctor_3_aug_10.mp4,/content/drive/MyDrive/all dataset/doctor/person3/doctor_3_aug_10.mp4,0
doctor,person3,doctor_3_aug_11.mp4,/content/drive/MyDrive/all dataset/doctor/person3/doctor_3_aug_11.mp4,0
doctor,person3,doctor_3_aug1.mp4,/content/drive/MyDrive/all dataset/doctor/person3/doctor_3_aug1.mp4,0
doctor,person3,doctor_3_aug_8eae349d.mp4,/content/drive/MyDrive/all dataset/doctor/person3/doctor_3_aug_8eae349d.mp4,0
doctor,person3,doctor_3_aug_96175d6f.mp4,/content/drive/MyDrive/all dataset/doctor/person3/doctor_3_aug_96175d6f.mp4,0
doctor,person3,doctor_3_aug_2718e3ee.mp4,/content/drive/MyDrive/all dataset/doctor/person3/doctor_3_aug_2718e3ee.mp4,0
doctor,person3,doctor_3_aug_91e94959.mp4,/content/drive/MyDrive/all dataset/doctor/person3/doctor_3_aug_91e94959.mp4,0
doctor,person3,doctor_3_aug_51954a4d.mp4,/content/drive/MyDrive/all dataset/doctor/person3/doctor_3_aug_51954a4d.mp4,0
doctor,person3,doctor_3_aug_a7c69efd.mp4,/content/drive/MyDrive/all dataset/doctor/person3/doctor_3_aug_a7c69efd.mp4,0
doctor,person3,doctor_3_aug_84e2e942.mp4,/content/drive/MyDrive/all dataset/doctor/person3/doctor_3_aug_84e2e942.mp4,0
doctor,person3,doctor_3_aug_f9bb6e55.mp4,/content/drive/MyDrive/all dataset/doctor/person3/doctor_3_aug_f9bb6e55.mp4,0
doctor,person3,doctor_3_aug_7584e923.mp4,/content/drive/MyDrive/all dataset/doctor/person3/doctor_3_aug_7584e923.mp4,0
doctor,person4,doctor_4.mp4,/content/drive/MyDrive/all dataset/doctor/person4/doctor_4.mp4,0
doctor,person4,doctor_4_aug_1.mp4,/content/drive/MyDrive/all dataset/doctor/person4/doctor_4_aug_1.mp4,0
doctor,person4,doctor_4_aug_2.mp4,/content/drive/MyDrive/all dataset/doctor/person4/doctor_4_aug_2.mp4,0
doctor,person4,doctor_4_aug_3.mp4,/content/drive/MyDrive/all dataset/doctor/person4/doctor_4_aug_3.mp4,0
doctor,person4,doctor_4_aug_4.mp4,/content/drive/MyDrive/all dataset/doctor/person4/doctor_4_aug_4.mp4,0
doctor,person4,doctor_4_aug_5.mp4,/content/drive/MyDrive/all dataset/doctor/person4/doctor_4_aug_5.mp4,0
doctor,person4,doctor_4_aug_6.mp4,/content/drive/MyDrive/all dataset/doctor/person4/doctor_4_aug_6.mp4,0
doctor,person4,doctor_4_aug_8.mp4,/content/drive/MyDrive/all dataset/doctor/person4/doctor_4_aug_8.mp4,0
doctor,person4,doctor_4_aug_9.mp4,/content/drive/MyDrive/all dataset/doctor/person4/doctor_4_aug_9.mp4,0
doctor,person4,doctor_4_aug_10.mp4,/content/drive/MyDrive/all dataset/doctor/person4/doctor_4_aug_10.mp4,0
doctor,person4,doctor_4_aug1.mp4,/content/drive/MyDrive/all dataset/doctor/person4/doctor_4_aug1.mp4,0
doctor,person4,doctor_4_aug_c5766b5a.mp4,/content/drive/MyDrive/all dataset/doctor/person4/doctor_4_aug_c5766b5a.mp4,0
doctor,person4,doctor_4_aug_e304a1d5.mp4,/content/drive/MyDrive/all dataset/doctor/person4/doctor_4_aug_e304a1d5.mp4,0
doctor,person4,doctor_4_aug_ede01d78.mp4,/content/drive/MyDrive/all dataset/doctor/person4/doctor_4_aug_ede01d78.mp4,0
doctor,person4,doctor_4_aug_640f24b5.mp4,/content/drive/MyDrive/all dataset/doctor/person4/doctor_4_aug_640f24b5.mp4,0
doctor,person4,doctor_4_aug_f436e087.mp4,/content/drive/MyDrive/all dataset/doctor/person4/doctor_4_aug_f436e087.mp4,0
doctor,person4,doctor_4_aug_d5c241a4.mp4,/content/drive/MyDrive/all dataset/doctor/person4/doctor_4_aug_d5c241a4.mp4,0
doctor,person4,doctor_4_aug_b8f4c787.mp4,/content/drive/MyDrive/all dataset/doctor/person4/doctor_4_aug_b8f4c787.mp4,0
doctor,person4,doctor_4_aug_073d3148.mp4,/content/drive/MyDrive/all dataset/doctor/person4/doctor_4_aug_073d3148.mp4,0
doctor,person4,doctor_4_aug_d075211a.mp4,/content/drive/MyDrive/all dataset/doctor/person4/doctor_4_aug_d075211a.mp4,0
doctor,person5,doctor_5.mp4,/content/drive/MyDrive/all dataset/doctor/person5/doctor_5.mp4,0
doctor,person5,doctor_5_aug_1.mp4,/content/drive/MyDrive/all dataset/doctor/person5/doctor_5_aug_1.mp4,0
doctor,person5,doctor_5_aug_3.mp4,/content/drive/MyDrive/all dataset/doctor/person5/doctor_5_aug_3.mp4,0
doctor,person5,doctor_5_aug_4.mp4,/content/drive/MyDrive/all dataset/doctor/person5/doctor_5_aug_4.mp4,0
doctor,person5,doctor_5_aug_5.mp4,/content/drive/MyDrive/all dataset/doctor/person5/doctor_5_aug_5.mp4,0
doctor,person5,doctor_5_aug_6.mp4,/content/drive/MyDrive/all dataset/doctor/person5/doctor_5_aug_6.mp4,0
doctor,person5,doctor_5_aug_7.mp4,/content/drive/MyDrive/all dataset/doctor/person5/doctor_5_aug_7.mp4,0
doctor,person5,doctor_5_aug_8.mp4,/content/drive/MyDrive/all dataset/doctor/person5/doctor_5_aug_8.mp4,0
doctor,person5,doctor_5_aug_9.mp4,/content/drive/MyDrive/all dataset/doctor/person5/doctor_5_aug_9.mp4,0
doctor,person5,doctor_5_aug_10.mp4,/content/drive/MyDrive/all dataset/doctor/person5/doctor_5_aug_10.mp4,0
doctor,person5,doctor_5_aug1.mp4,/content/drive/MyDrive/all dataset/doctor/person5/doctor_5_aug1.mp4,0
doctor,person5,doctor_5_aug_63733fc3.mp4,/content/drive/MyDrive/all dataset/doctor/person5/doctor_5_aug_63733fc3.mp4,0
doctor,person5,doctor_5_aug_2edcf286.mp4,/content/drive/MyDrive/all dataset/doctor/person5/doctor_5_aug_2edcf286.mp4,0
doctor,person5,doctor_5_aug_c694b5dd.mp4,/content/drive/MyDrive/all dataset/doctor/person5/doctor_5_aug_c694b5dd.mp4,0
doctor,person5,doctor_5_aug_62c2a0bb.mp4,/content/drive/MyDrive/all dataset/doctor/person5/doctor_5_aug_62c2a0bb.mp4,0
doctor,person5,doctor_5_aug_6a9512ef.mp4,/content/drive/MyDrive/all dataset/doctor/person5/doctor_5_aug_6a9512ef.mp4,0
doctor,person5,doctor_5_aug_da6f07d1.mp4,/content/drive/MyDrive/all dataset/doctor/person5/doctor_5_aug_da6f07d1.mp4,0
doctor,person5,doctor_5_aug_98a7f152.mp4,/content/drive/MyDrive/all dataset/doctor/person5/doctor_5_aug_98a7f152.mp4,0
doctor,person5,doctor_5_aug_c5cc4318.mp4,/content/drive/MyDrive/all dataset/doctor/person5/doctor_5_aug_c5cc4318.mp4,0
doctor,person5,doctor_5_aug_1d4c4c4e.mp4,/content/drive/MyDrive/all dataset/doctor/person5/doctor_5_aug_1d4c4c4e.mp4,0
doctor,person6,doctor_6_aug_2.mp4,/content/drive/MyDrive/all dataset/doctor/person6/doctor_6_aug_2.mp4,0
doctor,person6,doctor_6_aug_3.mp4,/content/drive/MyDrive/all dataset/doctor/person6/doctor_6_aug_3.mp4,0
doctor,person6,doctor_6_aug_4.mp4,/content/drive/MyDrive/all dataset/doctor/person6/doctor_6_aug_4.mp4,0
doctor,person6,doctor_6_aug_5.mp4,/content/drive/MyDrive/all dataset/doctor/person6/doctor_6_aug_5.mp4,0
doctor,person6,doctor_6_aug_6.mp4,/content/drive/MyDrive/all dataset/doctor/person6/doctor_6_aug_6.mp4,0
doctor,person6,doctor_6_aug_7.mp4,/content/drive/MyDrive/all dataset/doctor/person6/doctor_6_aug_7.mp4,0
doctor,person6,doctor_6_aug_8.mp4,/content/drive/MyDrive/all dataset/doctor/person6/doctor_6_aug_8.mp4,0
doctor,person6,doctor_6_aug_9.mp4,/content/drive/MyDrive/all dataset/doctor/person6/doctor_6_aug_9.mp4,0
doctor,person6,doctor_6_aug_10.mp4,/content/drive/MyDrive/all dataset/doctor/person6/doctor_6_aug_10.mp4,0
doctor,person6,doctor_6_aug_11.mp4,/content/drive/MyDrive/all dataset/doctor/person6/doctor_6_aug_11.mp4,0
doctor,person6,doctor_6_aug_10_aug_e2c7cd0f.mp4,/content/drive/MyDrive/all dataset/doctor/person6/doctor_6_aug_10_aug_e2c7cd0f.mp4,0
doctor,person6,doctor_6_aug_11_aug_0b065e6d.mp4,/content/drive/MyDrive/all dataset/doctor/person6/doctor_6_aug_11_aug_0b065e6d.mp4,0
doctor,person6,doctor_6_aug_2_aug_348b0372.mp4,/content/drive/MyDrive/all dataset/doctor/person6/doctor_6_aug_2_aug_348b0372.mp4,0
doctor,person6,doctor_6_aug_3_aug_4e73ca5a.mp4,/content/drive/MyDrive/all dataset/doctor/person6/doctor_6_aug_3_aug_4e73ca5a.mp4,0
doctor,person6,doctor_6_aug_4_aug_9b0ab4b2.mp4,/content/drive/MyDrive/all dataset/doctor/person6/doctor_6_aug_4_aug_9b0ab4b2.mp4,0
doctor,person6,doctor_6_aug_5_aug_7230eb96.mp4,/content/drive/MyDrive/all dataset/doctor/person6/doctor_6_aug_5_aug_7230eb96.mp4,0
doctor,person6,doctor_6_aug_6_aug_d423153f.mp4,/content/drive/MyDrive/all dataset/doctor/person6/doctor_6_aug_6_aug_d423153f.mp4,0
doctor,person6,doctor_6_aug_7_aug_5d334133.mp4,/content/drive/MyDrive/all dataset/doctor/person6/doctor_6_aug_7_aug_5d334133.mp4,0
doctor,person6,doctor_6_aug_8_aug_903e7458.mp4,/content/drive/MyDrive/all dataset/doctor/person6/doctor_6_aug_8_aug_903e7458.mp4,0
doctor,person6,doctor_6_aug_9_aug_808d2e23.mp4,/content/drive/MyDrive/all dataset/doctor/person6/doctor_6_aug_9_aug_808d2e23.mp4,0
doctor,person7,doctor_7.mp4,/content/drive/MyDrive/all dataset/doctor/person7/doctor_7.mp4,0
doctor,person7,doctor_7_aug_1.mp4,/content/drive/MyDrive/all dataset/doctor/person7/doctor_7_aug_1.mp4,0
doctor,person7,doctor_7_aug_2.mp4,/content/drive/MyDrive/all dataset/doctor/person7/doctor_7_aug_2.mp4,0
doctor,person7,doctor_7_aug_3.mp4,/content/drive/MyDrive/all dataset/doctor/person7/doctor_7_aug_3.mp4,0
doctor,person7,doctor_7_aug_4.mp4,/content/drive/MyDrive/all dataset/doctor/person7/doctor_7_aug_4.mp4,0
doctor,person7,doctor_7_aug_5.mp4,/content/drive/MyDrive/all dataset/doctor/person7/doctor_7_aug_5.mp4,0
doctor,person7,doctor_7_aug_6.mp4,/content/drive/MyDrive/all dataset/doctor/person7/doctor_7_aug_6.mp4,0
doctor,person7,doctor_7_aug_7.mp4,/content/drive/MyDrive/all dataset/doctor/person7/doctor_7_aug_7.mp4,0
doctor,person7,doctor_7_aug_10.mp4,/content/drive/MyDrive/all dataset/doctor/person7/doctor_7_aug_10.mp4,0
doctor,person7,doctor_7_aug_11.mp4,/content/drive/MyDrive/all dataset/doctor/person7/doctor_7_aug_11.mp4,0
doctor,person7,doctor_7_aug1.mp4,/content/drive/MyDrive/all dataset/doctor/person7/doctor_7_aug1.mp4,0
doctor,person7,doctor_7_aug_ea5b7c3c.mp4,/content/drive/MyDrive/all dataset/doctor/person7/doctor_7_aug_ea5b7c3c.mp4,0
doctor,person7,doctor_7_aug_e6cdba1d.mp4,/content/drive/MyDrive/all dataset/doctor/person7/doctor_7_aug_e6cdba1d.mp4,0
doctor,person7,doctor_7_aug_10a727bb.mp4,/content/drive/MyDrive/all dataset/doctor/person7/doctor_7_aug_10a727bb.mp4,0
doctor,person7,doctor_7_aug_3ec97029.mp4,/content/drive/MyDrive/all dataset/doctor/person7/doctor_7_aug_3ec97029.mp4,0
doctor,person7,doctor_7_aug_45c062ff.mp4,/content/drive/MyDrive/all dataset/doctor/person7/doctor_7_aug_45c062ff.mp4,0
doctor,person7,doctor_7_aug_d262868f.mp4,/content/drive/MyDrive/all dataset/doctor/person7/doctor_7_aug_d262868f.mp4,0
doctor,person7,doctor_7_aug_543ad224.mp4,/content/drive/MyDrive/all dataset/doctor/person7/doctor_7_aug_543ad224.mp4,0
doctor,person7,doctor_7_aug_5092727d.mp4,/content/drive/MyDrive/all dataset/doctor/person7/doctor_7_aug_5092727d.mp4,0
doctor,person7,doctor_7_aug_e1382ae3.mp4,/content/drive/MyDrive/all dataset/doctor/person7/doctor_7_aug_e1382ae3.mp4,0
doctor,person8,doctor_8_aug_1.mp4,/content/drive/MyDrive/all dataset/doctor/person8/doctor_8_aug_1.mp4,0
doctor,person8,doctor_8_aug_2.mp4,/content/drive/MyDrive/all dataset/doctor/person8/doctor_8_aug_2.mp4,0
doctor,person8,doctor_8_aug_3.mp4,/content/drive/MyDrive/all dataset/doctor/person8/doctor_8_aug_3.mp4,0
doctor,person8,doctor_8_aug_4.mp4,/content/drive/MyDrive/all dataset/doctor/person8/doctor_8_aug_4.mp4,0
doctor,person8,doctor_8_aug_5.mp4,/content/drive/MyDrive/all dataset/doctor/person8/doctor_8_aug_5.mp4,0
doctor,person8,doctor_8_aug_6.mp4,/content/drive/MyDrive/all dataset/doctor/person8/doctor_8_aug_6.mp4,0
doctor,person8,doctor_8_aug_7.mp4,/content/drive/MyDrive/all dataset/doctor/person8/doctor_8_aug_7.mp4,0
doctor,person8,doctor_8_aug_8.mp4,/content/drive/MyDrive/all dataset/doctor/person8/doctor_8_aug_8.mp4,0
doctor,person8,doctor_8_aug_9.mp4,/content/drive/MyDrive/all dataset/doctor/person8/doctor_8_aug_9.mp4,0
doctor,person8,doctor_8_aug_10.mp4,/content/drive/MyDrive/all dataset/doctor/person8/doctor_8_aug_10.mp4,0
doctor,person8,doctor_8_aug_1_aug_51de7da1.mp4,/content/drive/MyDrive/all dataset/doctor/person8/doctor_8_aug_1_aug_51de7da1.mp4,0
doctor,person8,doctor_8_aug_10_aug_5ce54246.mp4,/content/drive/MyDrive/all dataset/doctor/person8/doctor_8_aug_10_aug_5ce54246.mp4,0
doctor,person8,doctor_8_aug_2_aug_7ade872b.mp4,/content/drive/MyDrive/all dataset/doctor/person8/doctor_8_aug_2_aug_7ade872b.mp4,0
doctor,person8,doctor_8_aug_3_aug_80fc603d.mp4,/content/drive/MyDrive/all dataset/doctor/person8/doctor_8_aug_3_aug_80fc603d.mp4,0
doctor,person8,doctor_8_aug_4_aug_8a691996.mp4,/content/drive/MyDrive/all dataset/doctor/person8/doctor_8_aug_4_aug_8a691996.mp4,0
doctor,person8,doctor_8_aug_5_aug_3141abf3.mp4,/content/drive/MyDrive/all dataset/doctor/person8/doctor_8_aug_5_aug_3141abf3.mp4,0
doctor,person8,doctor_8_aug_6_aug_fff4f6da.mp4,/content/drive/MyDrive/all dataset/doctor/person8/doctor_8_aug_6_aug_fff4f6da.mp4,0
doctor,person8,doctor_8_aug_7_aug_cce39c32.mp4,/content/drive/MyDrive/all dataset/doctor/person8/doctor_8_aug_7_aug_cce39c32.mp4,0
doctor,person8,doctor_8_aug_8_aug_d591e67c.mp4,/content/drive/MyDrive/all dataset/doctor/person8/doctor_8_aug_8_aug_d591e67c.mp4,0
doctor,person8,doctor_8_aug_9_aug_cc07a941.mp4,/content/drive/MyDrive/all dataset/doctor/person8/doctor_8_aug_9_aug_cc07a941.mp4,0
doctor,person9,doctor_9_aug_1.mp4,/content/drive/MyDrive/all dataset/doctor/person9/doctor_9_aug_1.mp4,0
doctor,person9,doctor_9_aug_2.mp4,/content/drive/MyDrive/all dataset/doctor/person9/doctor_9_aug_2.mp4,0
doctor,person9,doctor_9_aug_4.mp4,/content/drive/MyDrive/all dataset/doctor/person9/doctor_9_aug_4.mp4,0
doctor,person9,doctor_9_aug_5.mp4,/content/drive/MyDrive/all dataset/doctor/person9/doctor_9_aug_5.mp4,0
doctor,person9,doctor_9_aug_6.mp4,/content/drive/MyDrive/all dataset/doctor/person9/doctor_9_aug_6.mp4,0
doctor,person9,doctor_9_aug_7.mp4,/content/drive/MyDrive/all dataset/doctor/person9/doctor_9_aug_7.mp4,0
doctor,person9,doctor_9_aug_8.mp4,/content/drive/MyDrive/all dataset/doctor/person9/doctor_9_aug_8.mp4,0
doctor,person9,doctor_9_aug_9.mp4,/content/drive/MyDrive/all dataset/doctor/person9/doctor_9_aug_9.mp4,0
doctor,person9,doctor_9_aug_10.mp4,/content/drive/MyDrive/all dataset/doctor/person9/doctor_9_aug_10.mp4,0
doctor,person9,doctor_9_aug_11.mp4,/content/drive/MyDrive/all dataset/doctor/person9/doctor_9_aug_11.mp4,0
doctor,person9,doctor_9_aug_1_aug_c2509574.mp4,/content/drive/MyDrive/all dataset/doctor/person9/doctor_9_aug_1_aug_c2509574.mp4,0
doctor,person9,doctor_9_aug_10_aug_c5b0cf9e.mp4,/content/drive/MyDrive/all dataset/doctor/person9/doctor_9_aug_10_aug_c5b0cf9e.mp4,0
doctor,person9,doctor_9_aug_11_aug_b5c55398.mp4,/content/drive/MyDrive/all dataset/doctor/person9/doctor_9_aug_11_aug_b5c55398.mp4,0
doctor,person9,doctor_9_aug_2_aug_f4bad6cc.mp4,/content/drive/MyDrive/all dataset/doctor/person9/doctor_9_aug_2_aug_f4bad6cc.mp4,0
doctor,person9,doctor_9_aug_4_aug_2c810266.mp4,/content/drive/MyDrive/all dataset/doctor/person9/doctor_9_aug_4_aug_2c810266.mp4,0
doctor,person9,doctor_9_aug_5_aug_68fc99ab.mp4,/content/drive/MyDrive/all dataset/doctor/person9/doctor_9_aug_5_aug_68fc99ab.mp4,0
doctor,person9,doctor_9_aug_6_aug_40cdb0bb.mp4,/content/drive/MyDrive/all dataset/doctor/person9/doctor_9_aug_6_aug_40cdb0bb.mp4,0
doctor,person9,doctor_9_aug_7_aug_ab2e7a82.mp4,/content/drive/MyDrive/all dataset/doctor/person9/doctor_9_aug_7_aug_ab2e7a82.mp4,0
doctor,person9,doctor_9_aug_8_aug_89134894.mp4,/content/drive/MyDrive/all dataset/doctor/person9/doctor_9_aug_8_aug_89134894.mp4,0
doctor,person9,doctor_9_aug_9_aug_6dd1f1ac.mp4,/content/drive/MyDrive/all dataset/doctor/person9/doctor_9_aug_9_aug_6dd1f1ac.mp4,0
father,person1,father_13.mp4,/content/drive/MyDrive/all dataset/father/person1/father_13.mp4,0
father,person1,father_19.mp4,/content/drive/MyDrive/all dataset/father/person1/father_19.mp4,0
father,person1,father_20.mp4,/content/drive/MyDrive/all dataset/father/person1/father_20.mp4,0
father,person1,father_18.mp4,/content/drive/MyDrive/all dataset/father/person1/father_18.mp4,0
father,person1,father_11.mp4,/content/drive/MyDrive/all dataset/father/person1/father_11.mp4,0
father,person1,father_21.mp4,/content/drive/MyDrive/all dataset/father/person1/father_21.mp4,0
father,person1,father_22.mp4,/content/drive/MyDrive/all dataset/father/person1/father_22.mp4,0
father,person1,father_15.mp4,/content/drive/MyDrive/all dataset/father/person1/father_15.mp4,0
father,person1,father_17.mp4,/content/drive/MyDrive/all dataset/father/person1/father_17.mp4,0
father,person1,father_10.mp4,/content/drive/MyDrive/all dataset/father/person1/father_10.mp4,0
father,person1,father_10_aug1.mp4,/content/drive/MyDrive/all dataset/father/person1/father_10_aug1.mp4,0
father,person1,father_11_aug1.mp4,/content/drive/MyDrive/all dataset/father/person1/father_11_aug1.mp4,0
father,person1,father_13_aug1.mp4,/content/drive/MyDrive/all dataset/father/person1/father_13_aug1.mp4,0
father,person1,father_15_aug1.mp4,/content/drive/MyDrive/all dataset/father/person1/father_15_aug1.mp4,0
father,person1,father_17_aug1.mp4,/content/drive/MyDrive/all dataset/father/person1/father_17_aug1.mp4,0
father,person1,father_18_aug1.mp4,/content/drive/MyDrive/all dataset/father/person1/father_18_aug1.mp4,0
father,person1,father_19_aug1.mp4,/content/drive/MyDrive/all dataset/father/person1/father_19_aug1.mp4,0
father,person1,father_20_aug1.mp4,/content/drive/MyDrive/all dataset/father/person1/father_20_aug1.mp4,0
father,person1,father_21_aug1.mp4,/content/drive/MyDrive/all dataset/father/person1/father_21_aug1.mp4,0
father,person1,father_22_aug1.mp4,/content/drive/MyDrive/all dataset/father/person1/father_22_aug1.mp4,0
father,person7,father_88.mp4,/content/drive/MyDrive/all dataset/father/person7/father_88.mp4,0
father,person7,father_89.mp4,/content/drive/MyDrive/all dataset/father/person7/father_89.mp4,0
father,person7,father_99.mp4,/content/drive/MyDrive/all dataset/father/person7/father_99.mp4,0
father,person7,father_92.mp4,/content/drive/MyDrive/all dataset/father/person7/father_92.mp4,0
father,person7,father_96.mp4,/content/drive/MyDrive/all dataset/father/person7/father_96.mp4,0
father,person7,father_100.mp4,/content/drive/MyDrive/all dataset/father/person7/father_100.mp4,0
father,person7,father_98.mp4,/content/drive/MyDrive/all dataset/father/person7/father_98.mp4,0
father,person7,father_91.mp4,/content/drive/MyDrive/all dataset/father/person7/father_91.mp4,0
father,person7,father_97.mp4,/content/drive/MyDrive/all dataset/father/person7/father_97.mp4,0
father,person7,father_95.mp4,/content/drive/MyDrive/all dataset/father/person7/father_95.mp4,0
father,person7,father_100_aug1.mp4,/content/drive/MyDrive/all dataset/father/person7/father_100_aug1.mp4,0
father,person7,father_88_aug1.mp4,/content/drive/MyDrive/all dataset/father/person7/father_88_aug1.mp4,0
father,person7,father_89_aug1.mp4,/content/drive/MyDrive/all dataset/father/person7/father_89_aug1.mp4,0
father,person7,father_91_aug1.mp4,/content/drive/MyDrive/all dataset/father/person7/father_91_aug1.mp4,0
father,person7,father_92_aug1.mp4,/content/drive/MyDrive/all dataset/father/person7/father_92_aug1.mp4,0
father,person7,father_95_aug1.mp4,/content/drive/MyDrive/all dataset/father/person7/father_95_aug1.mp4,0
father,person7,father_96_aug1.mp4,/content/drive/MyDrive/all dataset/father/person7/father_96_aug1.mp4,0
father,person7,father_97_aug1.mp4,/content/drive/MyDrive/all dataset/father/person7/father_97_aug1.mp4,0
father,person7,father_98_aug1.mp4,/content/drive/MyDrive/all dataset/father/person7/father_98_aug1.mp4,0
father,person7,father_99_aug1.mp4,/content/drive/MyDrive/all dataset/father/person7/father_99_aug1.mp4,0
father,person6,father_78.mp4,/content/drive/MyDrive/all dataset/father/person6/father_78.mp4,0
father,person6,father_75.mp4,/content/drive/MyDrive/all dataset/father/person6/father_75.mp4,0
father,person6,father_79.mp4,/content/drive/MyDrive/all dataset/father/person6/father_79.mp4,0
father,person6,father_87.mp4,/content/drive/MyDrive/all dataset/father/person6/father_87.mp4,0
father,person6,father_86.mp4,/content/drive/MyDrive/all dataset/father/person6/father_86.mp4,0
father,person6,father_84.mp4,/content/drive/MyDrive/all dataset/father/person6/father_84.mp4,0
father,person6,father_80.mp4,/content/drive/MyDrive/all dataset/father/person6/father_80.mp4,0
father,person6,father_85.mp4,/content/drive/MyDrive/all dataset/father/person6/father_85.mp4,0
father,person6,father_83.mp4,/content/drive/MyDrive/all dataset/father/person6/father_83.mp4,0
father,person6,father_76.mp4,/content/drive/MyDrive/all dataset/father/person6/father_76.mp4,0
father,person6,father_75_aug1.mp4,/content/drive/MyDrive/all dataset/father/person6/father_75_aug1.mp4,0
father,person6,father_76_aug1.mp4,/content/drive/MyDrive/all dataset/father/person6/father_76_aug1.mp4,0
father,person6,father_78_aug1.mp4,/content/drive/MyDrive/all dataset/father/person6/father_78_aug1.mp4,0
father,person6,father_79_aug1.mp4,/content/drive/MyDrive/all dataset/father/person6/father_79_aug1.mp4,0
father,person6,father_80_aug1.mp4,/content/drive/MyDrive/all dataset/father/person6/father_80_aug1.mp4,0
father,person6,father_83_aug1.mp4,/content/drive/MyDrive/all dataset/father/person6/father_83_aug1.mp4,0
father,person6,father_84_aug1.mp4,/content/drive/MyDrive/all dataset/father/person6/father_84_aug1.mp4,0
father,person6,father_85_aug1.mp4,/content/drive/MyDrive/all dataset/father/person6/father_85_aug1.mp4,0
father,person6,father_87_aug1.mp4,/content/drive/MyDrive/all dataset/father/person6/father_87_aug1.mp4,0
father,person6,father_86_aug1.mp4,/content/drive/MyDrive/all dataset/father/person6/father_86_aug1.mp4,0
father,person5,father_67.mp4,/content/drive/MyDrive/all dataset/father/person5/father_67.mp4,0
father,person5,father_74.mp4,/content/drive/MyDrive/all dataset/father/person5/father_74.mp4,0
father,person5,father_68.mp4,/content/drive/MyDrive/all dataset/father/person5/father_68.mp4,0
father,person5,father_73.mp4,/content/drive/MyDrive/all dataset/father/person5/father_73.mp4,0
father,person5,father_66.mp4,/content/drive/MyDrive/all dataset/father/person5/father_66.mp4,0
father,person5,father_72.mp4,/content/drive/MyDrive/all dataset/father/person5/father_72.mp4,0
father,person5,father_71.mp4,/content/drive/MyDrive/all dataset/father/person5/father_71.mp4,0
father,person5,father_70.mp4,/content/drive/MyDrive/all dataset/father/person5/father_70.mp4,0
father,person5,father_64.mp4,/content/drive/MyDrive/all dataset/father/person5/father_64.mp4,0
father,person5,father_69.mp4,/content/drive/MyDrive/all dataset/father/person5/father_69.mp4,0
father,person5,father_64_aug1.mp4,/content/drive/MyDrive/all dataset/father/person5/father_64_aug1.mp4,0
father,person5,father_66_aug1.mp4,/content/drive/MyDrive/all dataset/father/person5/father_66_aug1.mp4,0
father,person5,father_67_aug1.mp4,/content/drive/MyDrive/all dataset/father/person5/father_67_aug1.mp4,0
father,person5,father_68_aug1.mp4,/content/drive/MyDrive/all dataset/father/person5/father_68_aug1.mp4,0
father,person5,father_69_aug1.mp4,/content/drive/MyDrive/all dataset/father/person5/father_69_aug1.mp4,0
father,person5,father_70_aug1.mp4,/content/drive/MyDrive/all dataset/father/person5/father_70_aug1.mp4,0
father,person5,father_71_aug1.mp4,/content/drive/MyDrive/all dataset/father/person5/father_71_aug1.mp4,0
father,person5,father_72_aug1.mp4,/content/drive/MyDrive/all dataset/father/person5/father_72_aug1.mp4,0
father,person5,father_73_aug1.mp4,/content/drive/MyDrive/all dataset/father/person5/father_73_aug1.mp4,0
father,person5,father_74_aug1.mp4,/content/drive/MyDrive/all dataset/father/person5/father_74_aug1.mp4,0
father,person9,father_117.mp4,/content/drive/MyDrive/all dataset/father/person9/father_117.mp4,0
father,person9,father_119.mp4,/content/drive/MyDrive/all dataset/father/person9/father_119.mp4,0
father,person9,father_121.mp4,/content/drive/MyDrive/all dataset/father/person9/father_121.mp4,0
father,person9,father_123.mp4,/content/drive/MyDrive/all dataset/father/person9/father_123.mp4,0
father,person9,father_125.mp4,/content/drive/MyDrive/all dataset/father/person9/father_125.mp4,0
father,person9,father_116.mp4,/content/drive/MyDrive/all dataset/father/person9/father_116.mp4,0
father,person9,father_124.mp4,/content/drive/MyDrive/all dataset/father/person9/father_124.mp4,0
father,person9,father_115.mp4,/content/drive/MyDrive/all dataset/father/person9/father_115.mp4,0
father,person9,father_122.mp4,/content/drive/MyDrive/all dataset/father/person9/father_122.mp4,0
father,person9,father_126.mp4,/content/drive/MyDrive/all dataset/father/person9/father_126.mp4,0
father,person9,father_115_aug1.mp4,/content/drive/MyDrive/all dataset/father/person9/father_115_aug1.mp4,0
father,person9,father_116_aug1.mp4,/content/drive/MyDrive/all dataset/father/person9/father_116_aug1.mp4,0
father,person9,father_117_aug1.mp4,/content/drive/MyDrive/all dataset/father/person9/father_117_aug1.mp4,0
father,person9,father_119_aug1.mp4,/content/drive/MyDrive/all dataset/father/person9/father_119_aug1.mp4,0
father,person9,father_121_aug1.mp4,/content/drive/MyDrive/all dataset/father/person9/father_121_aug1.mp4,0
father,person9,father_122_aug1.mp4,/content/drive/MyDrive/all dataset/father/person9/father_122_aug1.mp4,0
father,person9,father_124_aug1.mp4,/content/drive/MyDrive/all dataset/father/person9/father_124_aug1.mp4,0
father,person9,father_125_aug1.mp4,/content/drive/MyDrive/all dataset/father/person9/father_125_aug1.mp4,0
father,person9,father_126_aug1.mp4,/content/drive/MyDrive/all dataset/father/person9/father_126_aug1.mp4,0
father,person9,father_123_aug1.mp4,/content/drive/MyDrive/all dataset/father/person9/father_123_aug1.mp4,0
father,person8,father_108.mp4,/content/drive/MyDrive/all dataset/father/person8/father_108.mp4,0
father,person8,father_105.mp4,/content/drive/MyDrive/all dataset/father/person8/father_105.mp4,0
father,person8,father_104.mp4,/content/drive/MyDrive/all dataset/father/person8/father_104.mp4,0
father,person8,father_113.mp4,/content/drive/MyDrive/all dataset/father/person8/father_113.mp4,0
father,person8,father_112.mp4,/content/drive/MyDrive/all dataset/father/person8/father_112.mp4,0
father,person8,father_111.mp4,/content/drive/MyDrive/all dataset/father/person8/father_111.mp4,0
father,person8,father_106.mp4,/content/drive/MyDrive/all dataset/father/person8/father_106.mp4,0
father,person8,father_109.mp4,/content/drive/MyDrive/all dataset/father/person8/father_109.mp4,0
father,person8,father_110.mp4,/content/drive/MyDrive/all dataset/father/person8/father_110.mp4,0
father,person8,father_102.mp4,/content/drive/MyDrive/all dataset/father/person8/father_102.mp4,0
father,person8,father_102_aug1.mp4,/content/drive/MyDrive/all dataset/father/person8/father_102_aug1.mp4,0
father,person8,father_104_aug1.mp4,/content/drive/MyDrive/all dataset/father/person8/father_104_aug1.mp4,0
father,person8,father_105_aug1.mp4,/content/drive/MyDrive/all dataset/father/person8/father_105_aug1.mp4,0
father,person8,father_106_aug1.mp4,/content/drive/MyDrive/all dataset/father/person8/father_106_aug1.mp4,0
father,person8,father_108_aug1.mp4,/content/drive/MyDrive/all dataset/father/person8/father_108_aug1.mp4,0
father,person8,father_109_aug1.mp4,/content/drive/MyDrive/all dataset/father/person8/father_109_aug1.mp4,0
father,person8,father_110_aug1.mp4,/content/drive/MyDrive/all dataset/father/person8/father_110_aug1.mp4,0
father,person8,father_111_aug1.mp4,/content/drive/MyDrive/all dataset/father/person8/father_111_aug1.mp4,0
father,person8,father_112_aug1.mp4,/content/drive/MyDrive/all dataset/father/person8/father_112_aug1.mp4,0
father,person8,father_113_aug1.mp4,/content/drive/MyDrive/all dataset/father/person8/father_113_aug1.mp4,0
father,person2,father_31.mp4,/content/drive/MyDrive/all dataset/father/person2/father_31.mp4,0
father,person2,father_33.mp4,/content/drive/MyDrive/all dataset/father/person2/father_33.mp4,0
father,person2,father_35.mp4,/content/drive/MyDrive/all dataset/father/person2/father_35.mp4,0
father,person2,father_29.mp4,/content/drive/MyDrive/all dataset/father/person2/father_29.mp4,0
father,person2,father_28.mp4,/content/drive/MyDrive/all dataset/father/person2/father_28.mp4,0
father,person2,father_34.mp4,/content/drive/MyDrive/all dataset/father/person2/father_34.mp4,0
father,person2,father_25.mp4,/content/drive/MyDrive/all dataset/father/person2/father_25.mp4,0
father,person2,father_27.mp4,/content/drive/MyDrive/all dataset/father/person2/father_27.mp4,0
father,person2,father_23.mp4,/content/drive/MyDrive/all dataset/father/person2/father_23.mp4,0
father,person2,father_32.mp4,/content/drive/MyDrive/all dataset/father/person2/father_32.mp4,0
father,person2,father_23_aug1.mp4,/content/drive/MyDrive/all dataset/father/person2/father_23_aug1.mp4,0
father,person2,father_25_aug1.mp4,/content/drive/MyDrive/all dataset/father/person2/father_25_aug1.mp4,0
father,person2,father_27_aug1.mp4,/content/drive/MyDrive/all dataset/father/person2/father_27_aug1.mp4,0
father,person2,father_28_aug1.mp4,/content/drive/MyDrive/all dataset/father/person2/father_28_aug1.mp4,0
father,person2,father_29_aug1.mp4,/content/drive/MyDrive/all dataset/father/person2/father_29_aug1.mp4,0
father,person2,father_31_aug1.mp4,/content/drive/MyDrive/all dataset/father/person2/father_31_aug1.mp4,0
father,person2,father_32_aug1.mp4,/content/drive/MyDrive/all dataset/father/person2/father_32_aug1.mp4,0
father,person2,father_33_aug1.mp4,/content/drive/MyDrive/all dataset/father/person2/father_33_aug1.mp4,0
father,person2,father_34_aug1.mp4,/content/drive/MyDrive/all dataset/father/person2/father_34_aug1.mp4,0
father,person2,father_35_aug1.mp4,/content/drive/MyDrive/all dataset/father/person2/father_35_aug1.mp4,0
father,person3,father_40.mp4,/content/drive/MyDrive/all dataset/father/person3/father_40.mp4,0
father,person3,father_42.mp4,/content/drive/MyDrive/all dataset/father/person3/father_42.mp4,0
father,person3,father_46.mp4,/content/drive/MyDrive/all dataset/father/person3/father_46.mp4,0
father,person3,father_45.mp4,/content/drive/MyDrive/all dataset/father/person3/father_45.mp4,0
father,person3,father_41.mp4,/content/drive/MyDrive/all dataset/father/person3/father_41.mp4,0
father,person3,father_36.mp4,/content/drive/MyDrive/all dataset/father/person3/father_36.mp4,0
father,person3,father_39.mp4,/content/drive/MyDrive/all dataset/father/person3/father_39.mp4,0
father,person3,father_48.mp4,/content/drive/MyDrive/all dataset/father/person3/father_48.mp4,0
father,person3,father_47.mp4,/content/drive/MyDrive/all dataset/father/person3/father_47.mp4,0
father,person3,father_38.mp4,/content/drive/MyDrive/all dataset/father/person3/father_38.mp4,0
father,person3,father_36_aug1.mp4,/content/drive/MyDrive/all dataset/father/person3/father_36_aug1.mp4,0
father,person3,father_38_aug1.mp4,/content/drive/MyDrive/all dataset/father/person3/father_38_aug1.mp4,0
father,person3,father_39_aug1.mp4,/content/drive/MyDrive/all dataset/father/person3/father_39_aug1.mp4,0
father,person3,father_40_aug1.mp4,/content/drive/MyDrive/all dataset/father/person3/father_40_aug1.mp4,0
father,person3,father_41_aug1.mp4,/content/drive/MyDrive/all dataset/father/person3/father_41_aug1.mp4,0
father,person3,father_42_aug1.mp4,/content/drive/MyDrive/all dataset/father/person3/father_42_aug1.mp4,0
father,person3,father_45_aug1.mp4,/content/drive/MyDrive/all dataset/father/person3/father_45_aug1.mp4,0
father,person3,father_46_aug1.mp4,/content/drive/MyDrive/all dataset/father/person3/father_46_aug1.mp4,0
father,person3,father_47_aug1.mp4,/content/drive/MyDrive/all dataset/father/person3/father_47_aug1.mp4,0
father,person3,father_48_aug1.mp4,/content/drive/MyDrive/all dataset/father/person3/father_48_aug1.mp4,0
father,person4,father_58.mp4,/content/drive/MyDrive/all dataset/father/person4/father_58.mp4,0
father,person4,father_60.mp4,/content/drive/MyDrive/all dataset/father/person4/father_60.mp4,0
father,person4,father_56.mp4,/content/drive/MyDrive/all dataset/father/person4/father_56.mp4,0
father,person4,father_51.mp4,/content/drive/MyDrive/all dataset/father/person4/father_51.mp4,0
father,person4,father_54.mp4,/content/drive/MyDrive/all dataset/father/person4/father_54.mp4,0
father,person4,father_55.mp4,/content/drive/MyDrive/all dataset/father/person4/father_55.mp4,0
father,person4,father_50.mp4,/content/drive/MyDrive/all dataset/father/person4/father_50.mp4,0
father,person4,father_61.mp4,/content/drive/MyDrive/all dataset/father/person4/father_61.mp4,0
father,person4,father_53.mp4,/content/drive/MyDrive/all dataset/father/person4/father_53.mp4,0
father,person4,father_52.mp4,/content/drive/MyDrive/all dataset/father/person4/father_52.mp4,0
father,person4,father_50_aug1.mp4,/content/drive/MyDrive/all dataset/father/person4/father_50_aug1.mp4,0
father,person4,father_51_aug1.mp4,/content/drive/MyDrive/all dataset/father/person4/father_51_aug1.mp4,0
father,person4,father_52_aug1.mp4,/content/drive/MyDrive/all dataset/father/person4/father_52_aug1.mp4,0
father,person4,father_53_aug1.mp4,/content/drive/MyDrive/all dataset/father/person4/father_53_aug1.mp4,0
father,person4,father_54_aug1.mp4,/content/drive/MyDrive/all dataset/father/person4/father_54_aug1.mp4,0
father,person4,father_55_aug1.mp4,/content/drive/MyDrive/all dataset/father/person4/father_55_aug1.mp4,0
father,person4,father_56_aug1.mp4,/content/drive/MyDrive/all dataset/father/person4/father_56_aug1.mp4,0
father,person4,father_58_aug1.mp4,/content/drive/MyDrive/all dataset/father/person4/father_58_aug1.mp4,0
father,person4,father_60_aug1.mp4,/content/drive/MyDrive/all dataset/father/person4/father_60_aug1.mp4,0
father,person4,father_61_aug1.mp4,/content/drive/MyDrive/all dataset/father/person4/father_61_aug1.mp4,0
friend,person1,friend_21.mp4,/content/drive/MyDrive/all dataset/friend/person1/friend_21.mp4,0
friend,person1,friend_19.mp4,/content/drive/MyDrive/all dataset/friend/person1/friend_19.mp4,0
friend,person1,friend_10.mp4,/content/drive/MyDrive/all dataset/friend/person1/friend_10.mp4,0
friend,person1,friend_18.mp4,/content/drive/MyDrive/all dataset/friend/person1/friend_18.mp4,0
friend,person1,friend_11.mp4,/content/drive/MyDrive/all dataset/friend/person1/friend_11.mp4,0
friend,person1,friend_15.mp4,/content/drive/MyDrive/all dataset/friend/person1/friend_15.mp4,0
friend,person1,friend_13.mp4,/content/drive/MyDrive/all dataset/friend/person1/friend_13.mp4,0
friend,person1,friend_16.mp4,/content/drive/MyDrive/all dataset/friend/person1/friend_16.mp4,0
friend,person1,friend_20.mp4,/content/drive/MyDrive/all dataset/friend/person1/friend_20.mp4,0
friend,person1,friend_12.mp4,/content/drive/MyDrive/all dataset/friend/person1/friend_12.mp4,0
friend,person1,friend_10_aug1.mp4,/content/drive/MyDrive/all dataset/friend/person1/friend_10_aug1.mp4,0
friend,person1,friend_11_aug1.mp4,/content/drive/MyDrive/all dataset/friend/person1/friend_11_aug1.mp4,0
friend,person1,friend_12_aug1.mp4,/content/drive/MyDrive/all dataset/friend/person1/friend_12_aug1.mp4,0
friend,person1,friend_13_aug1.mp4,/content/drive/MyDrive/all dataset/friend/person1/friend_13_aug1.mp4,0
friend,person1,friend_15_aug1.mp4,/content/drive/MyDrive/all dataset/friend/person1/friend_15_aug1.mp4,0
friend,person1,friend_16_aug1.mp4,/content/drive/MyDrive/all dataset/friend/person1/friend_16_aug1.mp4,0
friend,person1,friend_18_aug1.mp4,/content/drive/MyDrive/all dataset/friend/person1/friend_18_aug1.mp4,0
friend,person1,friend_19_aug1.mp4,/content/drive/MyDrive/all dataset/friend/person1/friend_19_aug1.mp4,0
friend,person1,friend_20_aug1.mp4,/content/drive/MyDrive/all dataset/friend/person1/friend_20_aug1.mp4,0
friend,person1,friend_21_aug1.mp4,/content/drive/MyDrive/all dataset/friend/person1/friend_21_aug1.mp4,0
friend,person5,friend_72.mp4,/content/drive/MyDrive/all dataset/friend/person5/friend_72.mp4,0
friend,person5,friend_66.mp4,/content/drive/MyDrive/all dataset/friend/person5/friend_66.mp4,0
friend,person5,friend_70.mp4,/content/drive/MyDrive/all dataset/friend/person5/friend_70.mp4,0
friend,person5,friend_64.mp4,/content/drive/MyDrive/all dataset/friend/person5/friend_64.mp4,0
friend,person5,friend_74.mp4,/content/drive/MyDrive/all dataset/friend/person5/friend_74.mp4,0
friend,person5,friend_63.mp4,/content/drive/MyDrive/all dataset/friend/person5/friend_63.mp4,0
friend,person5,friend_73.mp4,/content/drive/MyDrive/all dataset/friend/person5/friend_73.mp4,0
friend,person5,friend_69.mp4,/content/drive/MyDrive/all dataset/friend/person5/friend_69.mp4,0
friend,person5,friend_67.mp4,/content/drive/MyDrive/all dataset/friend/person5/friend_67.mp4,0
friend,person5,friend_68.mp4,/content/drive/MyDrive/all dataset/friend/person5/friend_68.mp4,0
friend,person5,friend_63_aug1.mp4,/content/drive/MyDrive/all dataset/friend/person5/friend_63_aug1.mp4,0
friend,person5,friend_64_aug1.mp4,/content/drive/MyDrive/all dataset/friend/person5/friend_64_aug1.mp4,0
friend,person5,friend_66_aug1.mp4,/content/drive/MyDrive/all dataset/friend/person5/friend_66_aug1.mp4,0
friend,person5,friend_67_aug1.mp4,/content/drive/MyDrive/all dataset/friend/person5/friend_67_aug1.mp4,0
friend,person5,friend_69_aug1.mp4,/content/drive/MyDrive/all dataset/friend/person5/friend_69_aug1.mp4,0
friend,person5,friend_70_aug1.mp4,/content/drive/MyDrive/all dataset/friend/person5/friend_70_aug1.mp4,0
friend,person5,friend_72_aug1.mp4,/content/drive/MyDrive/all dataset/friend/person5/friend_72_aug1.mp4,0
friend,person5,friend_73_aug1.mp4,/content/drive/MyDrive/all dataset/friend/person5/friend_73_aug1.mp4,0
friend,person5,friend_74_aug1.mp4,/content/drive/MyDrive/all dataset/friend/person5/friend_74_aug1.mp4,0
friend,person5,friend_68_aug1.mp4,/content/drive/MyDrive/all dataset/friend/person5/friend_68_aug1.mp4,0
friend,person8,friend_112.mp4,/content/drive/MyDrive/all dataset/friend/person8/friend_112.mp4,0
friend,person8,friend_102.mp4,/content/drive/MyDrive/all dataset/friend/person8/friend_102.mp4,0
friend,person8,friend_109.mp4,/content/drive/MyDrive/all dataset/friend/person8/friend_109.mp4,0
friend,person8,friend_111.mp4,/content/drive/MyDrive/all dataset/friend/person8/friend_111.mp4,0
friend,person8,friend_106.mp4,/content/drive/MyDrive/all dataset/friend/person8/friend_106.mp4,0
friend,person8,friend_105.mp4,/content/drive/MyDrive/all dataset/friend/person8/friend_105.mp4,0
friend,person8,friend_103.mp4,/content/drive/MyDrive/all dataset/friend/person8/friend_103.mp4,0
friend,person8,friend_107.mp4,/content/drive/MyDrive/all dataset/friend/person8/friend_107.mp4,0
friend,person8,friend_113.mp4,/content/drive/MyDrive/all dataset/friend/person8/friend_113.mp4,0
friend,person8,friend_104.mp4,/content/drive/MyDrive/all dataset/friend/person8/friend_104.mp4,0
friend,person8,friend_102_aug1.mp4,/content/drive/MyDrive/all dataset/friend/person8/friend_102_aug1.mp4,0
friend,person8,friend_103_aug1.mp4,/content/drive/MyDrive/all dataset/friend/person8/friend_103_aug1.mp4,0
friend,person8,friend_104_aug1.mp4,/content/drive/MyDrive/all dataset/friend/person8/friend_104_aug1.mp4,0
friend,person8,friend_105_aug1.mp4,/content/drive/MyDrive/all dataset/friend/person8/friend_105_aug1.mp4,0
friend,person8,friend_106_aug1.mp4,/content/drive/MyDrive/all dataset/friend/person8/friend_106_aug1.mp4,0
friend,person8,friend_107_aug1.mp4,/content/drive/MyDrive/all dataset/friend/person8/friend_107_aug1.mp4,0
friend,person8,friend_109_aug1.mp4,/content/drive/MyDrive/all dataset/friend/person8/friend_109_aug1.mp4,0
friend,person8,friend_111_aug1.mp4,/content/drive/MyDrive/all dataset/friend/person8/friend_111_aug1.mp4,0
friend,person8,friend_112_aug1.mp4,/content/drive/MyDrive/all dataset/friend/person8/friend_112_aug1.mp4,0
friend,person8,friend_113_aug1.mp4,/content/drive/MyDrive/all dataset/friend/person8/friend_113_aug1.mp4,0
friend,person4,friend_61.mp4,/content/drive/MyDrive/all dataset/friend/person4/friend_61.mp4,0
friend,person4,friend_56.mp4,/content/drive/MyDrive/all dataset/friend/person4/friend_56.mp4,0
friend,person4,friend_50.mp4,/content/drive/MyDrive/all dataset/friend/person4/friend_50.mp4,0
friend,person4,friend_60.mp4,/content/drive/MyDrive/all dataset/friend/person4/friend_60.mp4,0
friend,person4,friend_59.mp4,/content/drive/MyDrive/all dataset/friend/person4/friend_59.mp4,0
friend,person4,friend_57.mp4,/content/drive/MyDrive/all dataset/friend/person4/friend_57.mp4,0
friend,person4,friend_49.mp4,/content/drive/MyDrive/all dataset/friend/person4/friend_49.mp4,0
friend,person4,friend_54.mp4,/content/drive/MyDrive/all dataset/friend/person4/friend_54.mp4,0
friend,person4,friend_55.mp4,/content/drive/MyDrive/all dataset/friend/person4/friend_55.mp4,0
friend,person4,friend_58.mp4,/content/drive/MyDrive/all dataset/friend/person4/friend_58.mp4,0
friend,person4,friend_49_aug1.mp4,/content/drive/MyDrive/all dataset/friend/person4/friend_49_aug1.mp4,0
friend,person4,friend_50_aug1.mp4,/content/drive/MyDrive/all dataset/friend/person4/friend_50_aug1.mp4,0
friend,person4,friend_54_aug1.mp4,/content/drive/MyDrive/all dataset/friend/person4/friend_54_aug1.mp4,0
friend,person4,friend_55_aug1.mp4,/content/drive/MyDrive/all dataset/friend/person4/friend_55_aug1.mp4,0
friend,person4,friend_56_aug1.mp4,/content/drive/MyDrive/all dataset/friend/person4/friend_56_aug1.mp4,0
friend,person4,friend_57_aug1.mp4,/content/drive/MyDrive/all dataset/friend/person4/friend_57_aug1.mp4,0
friend,person4,friend_58_aug1.mp4,/content/drive/MyDrive/all dataset/friend/person4/friend_58_aug1.mp4,0
friend,person4,friend_59_aug1.mp4,/content/drive/MyDrive/all dataset/friend/person4/friend_59_aug1.mp4,0
friend,person4,friend_60_aug1.mp4,/content/drive/MyDrive/all dataset/friend/person4/friend_60_aug1.mp4,0
friend,person4,friend_61_aug1.mp4,/content/drive/MyDrive/all dataset/friend/person4/friend_61_aug1.mp4,0
friend,person6,friend_84.mp4,/content/drive/MyDrive/all dataset/friend/person6/friend_84.mp4,0
friend,person6,friend_79.mp4,/content/drive/MyDrive/all dataset/friend/person6/friend_79.mp4,0
friend,person6,friend_85.mp4,/content/drive/MyDrive/all dataset/friend/person6/friend_85.mp4,0
friend,person6,friend_78.mp4,/content/drive/MyDrive/all dataset/friend/person6/friend_78.mp4,0
friend,person6,friend_80.mp4,/content/drive/MyDrive/all dataset/friend/person6/friend_80.mp4,0
friend,person6,friend_76.mp4,/content/drive/MyDrive/all dataset/friend/person6/friend_76.mp4,0
friend,person6,friend_87.mp4,/content/drive/MyDrive/all dataset/friend/person6/friend_87.mp4,0
friend,person6,friend_77.mp4,/content/drive/MyDrive/all dataset/friend/person6/friend_77.mp4,0
friend,person6,friend_81.mp4,/content/drive/MyDrive/all dataset/friend/person6/friend_81.mp4,0
friend,person6,friend_82.mp4,/content/drive/MyDrive/all dataset/friend/person6/friend_82.mp4,0
friend,person6,friend_76_aug1.mp4,/content/drive/MyDrive/all dataset/friend/person6/friend_76_aug1.mp4,0
friend,person6,friend_77_aug1.mp4,/content/drive/MyDrive/all dataset/friend/person6/friend_77_aug1.mp4,0
friend,person6,friend_78_aug1.mp4,/content/drive/MyDrive/all dataset/friend/person6/friend_78_aug1.mp4,0
friend,person6,friend_79_aug1.mp4,/content/drive/MyDrive/all dataset/friend/person6/friend_79_aug1.mp4,0
friend,person6,friend_80_aug1.mp4,/content/drive/MyDrive/all dataset/friend/person6/friend_80_aug1.mp4,0
friend,person6,friend_81_aug1.mp4,/content/drive/MyDrive/all dataset/friend/person6/friend_81_aug1.mp4,0
friend,person6,friend_82_aug1.mp4,/content/drive/MyDrive/all dataset/friend/person6/friend_82_aug1.mp4,0
friend,person6,friend_84_aug1.mp4,/content/drive/MyDrive/all dataset/friend/person6/friend_84_aug1.mp4,0
friend,person6,friend_85_aug1.mp4,/content/drive/MyDrive/all dataset/friend/person6/friend_85_aug1.mp4,0
friend,person6,friend_87_aug1.mp4,/content/drive/MyDrive/all dataset/friend/person6/friend_87_aug1.mp4,0
friend,person7,friend_91.mp4,/content/drive/MyDrive/all dataset/friend/person7/friend_91.mp4,0
friend,person7,friend_95.mp4,/content/drive/MyDrive/all dataset/friend/person7/friend_95.mp4,0
friend,person7,friend_96.mp4,/content/drive/MyDrive/all dataset/friend/person7/friend_96.mp4,0
friend,person7,friend_93.mp4,/content/drive/MyDrive/all dataset/friend/person7/friend_93.mp4,0
friend,person7,friend_99.mp4,/content/drive/MyDrive/all dataset/friend/person7/friend_99.mp4,0
friend,person7,friend_89.mp4,/content/drive/MyDrive/all dataset/friend/person7/friend_89.mp4,0
friend,person7,friend_88.mp4,/content/drive/MyDrive/all dataset/friend/person7/friend_88.mp4,0
friend,person7,friend_90.mp4,/content/drive/MyDrive/all dataset/friend/person7/friend_90.mp4,0
friend,person7,friend_94.mp4,/content/drive/MyDrive/all dataset/friend/person7/friend_94.mp4,0
friend,person7,friend_97.mp4,/content/drive/MyDrive/all dataset/friend/person7/friend_97.mp4,0
friend,person7,friend_88_aug1.mp4,/content/drive/MyDrive/all dataset/friend/person7/friend_88_aug1.mp4,0
friend,person7,friend_89_aug1.mp4,/content/drive/MyDrive/all dataset/friend/person7/friend_89_aug1.mp4,0
friend,person7,friend_90_aug1.mp4,/content/drive/MyDrive/all dataset/friend/person7/friend_90_aug1.mp4,0
friend,person7,friend_91_aug1.mp4,/content/drive/MyDrive/all dataset/friend/person7/friend_91_aug1.mp4,0
friend,person7,friend_93_aug1.mp4,/content/drive/MyDrive/all dataset/friend/person7/friend_93_aug1.mp4,0
friend,person7,friend_94_aug1.mp4,/content/drive/MyDrive/all dataset/friend/person7/friend_94_aug1.mp4,0
friend,person7,friend_95_aug1.mp4,/content/drive/MyDrive/all dataset/friend/person7/friend_95_aug1.mp4,0
friend,person7,friend_96_aug1.mp4,/content/drive/MyDrive/all dataset/friend/person7/friend_96_aug1.mp4,0
friend,person7,friend_97_aug1.mp4,/content/drive/MyDrive/all dataset/friend/person7/friend_97_aug1.mp4,0
friend,person7,friend_99_aug1.mp4,/content/drive/MyDrive/all dataset/friend/person7/friend_99_aug1.mp4,0
friend,person2,friend_30.mp4,/content/drive/MyDrive/all dataset/friend/person2/friend_30.mp4,0
friend,person2,friend_23.mp4,/content/drive/MyDrive/all dataset/friend/person2/friend_23.mp4,0
friend,person2,friend_27.mp4,/content/drive/MyDrive/all dataset/friend/person2/friend_27.mp4,0
friend,person2,friend_32.mp4,/content/drive/MyDrive/all dataset/friend/person2/friend_32.mp4,0
friend,person2,friend_35.mp4,/content/drive/MyDrive/all dataset/friend/person2/friend_35.mp4,0
friend,person2,friend_24.mp4,/content/drive/MyDrive/all dataset/friend/person2/friend_24.mp4,0
friend,person2,friend_26.mp4,/content/drive/MyDrive/all dataset/friend/person2/friend_26.mp4,0
friend,person2,friend_28.mp4,/content/drive/MyDrive/all dataset/friend/person2/friend_28.mp4,0
friend,person2,friend_33.mp4,/content/drive/MyDrive/all dataset/friend/person2/friend_33.mp4,0
friend,person2,friend_25.mp4,/content/drive/MyDrive/all dataset/friend/person2/friend_25.mp4,0
friend,person2,friend_23_aug1.mp4,/content/drive/MyDrive/all dataset/friend/person2/friend_23_aug1.mp4,0
friend,person2,friend_24_aug1.mp4,/content/drive/MyDrive/all dataset/friend/person2/friend_24_aug1.mp4,0
friend,person2,friend_25_aug1.mp4,/content/drive/MyDrive/all dataset/friend/person2/friend_25_aug1.mp4,0
friend,person2,friend_26_aug1.mp4,/content/drive/MyDrive/all dataset/friend/person2/friend_26_aug1.mp4,0
friend,person2,friend_27_aug1.mp4,/content/drive/MyDrive/all dataset/friend/person2/friend_27_aug1.mp4,0
friend,person2,friend_28_aug1.mp4,/content/drive/MyDrive/all dataset/friend/person2/friend_28_aug1.mp4,0
friend,person2,friend_30_aug1.mp4,/content/drive/MyDrive/all dataset/friend/person2/friend_30_aug1.mp4,0
friend,person2,friend_32_aug1.mp4,/content/drive/MyDrive/all dataset/friend/person2/friend_32_aug1.mp4,0
friend,person2,friend_33_aug1.mp4,/content/drive/MyDrive/all dataset/friend/person2/friend_33_aug1.mp4,0
friend,person2,friend_35_aug1.mp4,/content/drive/MyDrive/all dataset/friend/person2/friend_35_aug1.mp4,0
friend,person3,friend_36.mp4,/content/drive/MyDrive/all dataset/friend/person3/friend_36.mp4,0
friend,person3,friend_37.mp4,/content/drive/MyDrive/all dataset/friend/person3/friend_37.mp4,0
friend,person3,friend_38.mp4,/content/drive/MyDrive/all dataset/friend/person3/friend_38.mp4,0
friend,person3,friend_39.mp4,/content/drive/MyDrive/all dataset/friend/person3/friend_39.mp4,0
friend,person3,friend_40.mp4,/content/drive/MyDrive/all dataset/friend/person3/friend_40.mp4,0
friend,person3,friend_44.mp4,/content/drive/MyDrive/all dataset/friend/person3/friend_44.mp4,0
friend,person3,friend_45.mp4,/content/drive/MyDrive/all dataset/friend/person3/friend_45.mp4,0
friend,person3,friend_48.mp4,/content/drive/MyDrive/all dataset/friend/person3/friend_48.mp4,0
friend,person3,friend_42.mp4,/content/drive/MyDrive/all dataset/friend/person3/friend_42.mp4,0
friend,person3,friend_41.mp4,/content/drive/MyDrive/all dataset/friend/person3/friend_41.mp4,0
friend,person3,friend_36_aug1.mp4,/content/drive/MyDrive/all dataset/friend/person3/friend_36_aug1.mp4,0
friend,person3,friend_37_aug1.mp4,/content/drive/MyDrive/all dataset/friend/person3/friend_37_aug1.mp4,0
friend,person3,friend_38_aug1.mp4,/content/drive/MyDrive/all dataset/friend/person3/friend_38_aug1.mp4,0
friend,person3,friend_39_aug1.mp4,/content/drive/MyDrive/all dataset/friend/person3/friend_39_aug1.mp4,0
friend,person3,friend_40_aug1.mp4,/content/drive/MyDrive/all dataset/friend/person3/friend_40_aug1.mp4,0
friend,person3,friend_42_aug1.mp4,/content/drive/MyDrive/all dataset/friend/person3/friend_42_aug1.mp4,0
friend,person3,friend_44_aug1.mp4,/content/drive/MyDrive/all dataset/friend/person3/friend_44_aug1.mp4,0
friend,person3,friend_45_aug1.mp4,/content/drive/MyDrive/all dataset/friend/person3/friend_45_aug1.mp4,0
friend,person3,friend_48_aug1.mp4,/content/drive/MyDrive/all dataset/friend/person3/friend_48_aug1.mp4,0
friend,person3,friend_41_aug1.mp4,/content/drive/MyDrive/all dataset/friend/person3/friend_41_aug1.mp4,0
friend,person9,friend_123.mp4,/content/drive/MyDrive/all dataset/friend/person9/friend_123.mp4,0
friend,person9,friend_120.mp4,/content/drive/MyDrive/all dataset/friend/person9/friend_120.mp4,0
friend,person9,friend_114.mp4,/content/drive/MyDrive/all dataset/friend/person9/friend_114.mp4,0
friend,person9,friend_118.mp4,/content/drive/MyDrive/all dataset/friend/person9/friend_118.mp4,0
friend,person9,friend_115.mp4,/content/drive/MyDrive/all dataset/friend/person9/friend_115.mp4,0
friend,person9,friend_117.mp4,/content/drive/MyDrive/all dataset/friend/person9/friend_117.mp4,0
friend,person9,friend_119.mp4,/content/drive/MyDrive/all dataset/friend/person9/friend_119.mp4,0
friend,person9,friend_125.mp4,/content/drive/MyDrive/all dataset/friend/person9/friend_125.mp4,0
friend,person9,friend_124.mp4,/content/drive/MyDrive/all dataset/friend/person9/friend_124.mp4,0
friend,person9,friend_121.mp4,/content/drive/MyDrive/all dataset/friend/person9/friend_121.mp4,0
friend,person9,friend_114_aug1.mp4,/content/drive/MyDrive/all dataset/friend/person9/friend_114_aug1.mp4,0
friend,person9,friend_115_aug1.mp4,/content/drive/MyDrive/all dataset/friend/person9/friend_115_aug1.mp4,0
friend,person9,friend_117_aug1.mp4,/content/drive/MyDrive/all dataset/friend/person9/friend_117_aug1.mp4,0
friend,person9,friend_118_aug1.mp4,/content/drive/MyDrive/all dataset/friend/person9/friend_118_aug1.mp4,0
friend,person9,friend_119_aug1.mp4,/content/drive/MyDrive/all dataset/friend/person9/friend_119_aug1.mp4,0
friend,person9,friend_120_aug1.mp4,/content/drive/MyDrive/all dataset/friend/person9/friend_120_aug1.mp4,0
friend,person9,friend_121_aug1.mp4,/content/drive/MyDrive/all dataset/friend/person9/friend_121_aug1.mp4,0
friend,person9,friend_123_aug1.mp4,/content/drive/MyDrive/all dataset/friend/person9/friend_123_aug1.mp4,0
friend,person9,friend_124_aug1.mp4,/content/drive/MyDrive/all dataset/friend/person9/friend_124_aug1.mp4,0
friend,person9,friend_125_aug1.mp4,/content/drive/MyDrive/all dataset/friend/person9/friend_125_aug1.mp4,0
heart,person1,heart_1_aug_1.mp4,/content/drive/MyDrive/all dataset/heart/person1/heart_1_aug_1.mp4,0
heart,person1,heart_1_aug_2.mp4,/content/drive/MyDrive/all dataset/heart/person1/heart_1_aug_2.mp4,0
heart,person1,heart_1_aug_3.mp4,/content/drive/MyDrive/all dataset/heart/person1/heart_1_aug_3.mp4,0
heart,person1,heart_1_aug_4.mp4,/content/drive/MyDrive/all dataset/heart/person1/heart_1_aug_4.mp4,0
heart,person1,heart_1_aug_5.mp4,/content/drive/MyDrive/all dataset/heart/person1/heart_1_aug_5.mp4,0
heart,person1,heart_1_aug_7.mp4,/content/drive/MyDrive/all dataset/heart/person1/heart_1_aug_7.mp4,0
heart,person1,heart_1_aug_8.mp4,/content/drive/MyDrive/all dataset/heart/person1/heart_1_aug_8.mp4,0
heart,person1,heart_1_aug_9.mp4,/content/drive/MyDrive/all dataset/heart/person1/heart_1_aug_9.mp4,0
heart,person1,heart_1_aug_10.mp4,/content/drive/MyDrive/all dataset/heart/person1/heart_1_aug_10.mp4,0
heart,person1,heart_1_aug_11.mp4,/content/drive/MyDrive/all dataset/heart/person1/heart_1_aug_11.mp4,0
heart,person1,heart_1_aug_1_aug_84c624ac.mp4,/content/drive/MyDrive/all dataset/heart/person1/heart_1_aug_1_aug_84c624ac.mp4,0
heart,person1,heart_1_aug_10_aug_7e17f03e.mp4,/content/drive/MyDrive/all dataset/heart/person1/heart_1_aug_10_aug_7e17f03e.mp4,0
heart,person1,heart_1_aug_11_aug_791c34e7.mp4,/content/drive/MyDrive/all dataset/heart/person1/heart_1_aug_11_aug_791c34e7.mp4,0
heart,person1,heart_1_aug_2_aug_9ed4d0b6.mp4,/content/drive/MyDrive/all dataset/heart/person1/heart_1_aug_2_aug_9ed4d0b6.mp4,0
heart,person1,heart_1_aug_3_aug_8d2e0bd8.mp4,/content/drive/MyDrive/all dataset/heart/person1/heart_1_aug_3_aug_8d2e0bd8.mp4,0
heart,person1,heart_1_aug_4_aug_086e9665.mp4,/content/drive/MyDrive/all dataset/heart/person1/heart_1_aug_4_aug_086e9665.mp4,0
heart,person1,heart_1_aug_5_aug_e896dde3.mp4,/content/drive/MyDrive/all dataset/heart/person1/heart_1_aug_5_aug_e896dde3.mp4,0
heart,person1,heart_1_aug_7_aug_c7f0383b.mp4,/content/drive/MyDrive/all dataset/heart/person1/heart_1_aug_7_aug_c7f0383b.mp4,0
heart,person1,heart_1_aug_8_aug_3b5c8d45.mp4,/content/drive/MyDrive/all dataset/heart/person1/heart_1_aug_8_aug_3b5c8d45.mp4,0
heart,person1,heart_1_aug_9_aug_82acd29f.mp4,/content/drive/MyDrive/all dataset/heart/person1/heart_1_aug_9_aug_82acd29f.mp4,0
heart,person2,heart_2.mp4,/content/drive/MyDrive/all dataset/heart/person2/heart_2.mp4,0
heart,person2,heart_2_aug_2.mp4,/content/drive/MyDrive/all dataset/heart/person2/heart_2_aug_2.mp4,0
heart,person2,heart_2_aug_3.mp4,/content/drive/MyDrive/all dataset/heart/person2/heart_2_aug_3.mp4,0
heart,person2,heart_2_aug_4.mp4,/content/drive/MyDrive/all dataset/heart/person2/heart_2_aug_4.mp4,0
heart,person2,heart_2_aug_5.mp4,/content/drive/MyDrive/all dataset/heart/person2/heart_2_aug_5.mp4,0
heart,person2,heart_2_aug_6.mp4,/content/drive/MyDrive/all dataset/heart/person2/heart_2_aug_6.mp4,0
heart,person2,heart_2_aug_7.mp4,/content/drive/MyDrive/all dataset/heart/person2/heart_2_aug_7.mp4,0
heart,person2,heart_2_aug_8.mp4,/content/drive/MyDrive/all dataset/heart/person2/heart_2_aug_8.mp4,0
heart,person2,heart_2_aug_9.mp4,/content/drive/MyDrive/all dataset/heart/person2/heart_2_aug_9.mp4,0
heart,person2,heart_2_aug_11.mp4,/content/drive/MyDrive/all dataset/heart/person2/heart_2_aug_11.mp4,0
heart,person2,heart_2_aug1.mp4,/content/drive/MyDrive/all dataset/heart/person2/heart_2_aug1.mp4,0
heart,person2,heart_2_aug_a246c812.mp4,/content/drive/MyDrive/all dataset/heart/person2/heart_2_aug_a246c812.mp4,0
heart,person2,heart_2_aug_d836f5f7.mp4,/content/drive/MyDrive/all dataset/heart/person2/heart_2_aug_d836f5f7.mp4,0
heart,person2,heart_2_aug_8def8559.mp4,/content/drive/MyDrive/all dataset/heart/person2/heart_2_aug_8def8559.mp4,0
heart,person2,heart_2_aug_adb9b917.mp4,/content/drive/MyDrive/all dataset/heart/person2/heart_2_aug_adb9b917.mp4,0
heart,person2,heart_2_aug_bf8223fc.mp4,/content/drive/MyDrive/all dataset/heart/person2/heart_2_aug_bf8223fc.mp4,0
heart,person2,heart_2_aug_d1ad4781.mp4,/content/drive/MyDrive/all dataset/heart/person2/heart_2_aug_d1ad4781.mp4,0
heart,person2,heart_2_aug_c9373fa3.mp4,/content/drive/MyDrive/all dataset/heart/person2/heart_2_aug_c9373fa3.mp4,0
heart,person2,heart_2_aug_5bf5a522.mp4,/content/drive/MyDrive/all dataset/heart/person2/heart_2_aug_5bf5a522.mp4,0
heart,person2,heart_2_aug_7685492a.mp4,/content/drive/MyDrive/all dataset/heart/person2/heart_2_aug_7685492a.mp4,0
heart,person3,heart_2_aug_1.mp4,/content/drive/MyDrive/all dataset/heart/person3/heart_2_aug_1.mp4,0
heart,person3,heart_3_aug_2.mp4,/content/drive/MyDrive/all dataset/heart/person3/heart_3_aug_2.mp4,0
heart,person3,heart_3_aug_3.mp4,/content/drive/MyDrive/all dataset/heart/person3/heart_3_aug_3.mp4,0
heart,person3,heart_3_aug_4.mp4,/content/drive/MyDrive/all dataset/heart/person3/heart_3_aug_4.mp4,0
heart,person3,heart_3_aug_5.mp4,/content/drive/MyDrive/all dataset/heart/person3/heart_3_aug_5.mp4,0
heart,person3,heart_3_aug_7.mp4,/content/drive/MyDrive/all dataset/heart/person3/heart_3_aug_7.mp4,0
heart,person3,heart_3_aug_8.mp4,/content/drive/MyDrive/all dataset/heart/person3/heart_3_aug_8.mp4,0
heart,person3,heart_3_aug_9.mp4,/content/drive/MyDrive/all dataset/heart/person3/heart_3_aug_9.mp4,0
heart,person3,heart_3_aug_10.mp4,/content/drive/MyDrive/all dataset/heart/person3/heart_3_aug_10.mp4,0
heart,person3,heart_3_aug_11.mp4,/content/drive/MyDrive/all dataset/heart/person3/heart_3_aug_11.mp4,0
heart,person3,heart_2_aug_1_aug_03bfb848.mp4,/content/drive/MyDrive/all dataset/heart/person3/heart_2_aug_1_aug_03bfb848.mp4,0
heart,person3,heart_3_aug_11_aug_07a53e29.mp4,/content/drive/MyDrive/all dataset/heart/person3/heart_3_aug_11_aug_07a53e29.mp4,0
heart,person3,heart_3_aug_2_aug_51d9c1dc.mp4,/content/drive/MyDrive/all dataset/heart/person3/heart_3_aug_2_aug_51d9c1dc.mp4,0
heart,person3,heart_3_aug_3_aug_c8bdd1ae.mp4,/content/drive/MyDrive/all dataset/heart/person3/heart_3_aug_3_aug_c8bdd1ae.mp4,0
heart,person3,heart_3_aug_4_aug_0828888c.mp4,/content/drive/MyDrive/all dataset/heart/person3/heart_3_aug_4_aug_0828888c.mp4,0
heart,person3,heart_3_aug_10_aug_b78e62a4.mp4,/content/drive/MyDrive/all dataset/heart/person3/heart_3_aug_10_aug_b78e62a4.mp4,0
heart,person3,heart_3_aug_5_aug_4f48a6b8.mp4,/content/drive/MyDrive/all dataset/heart/person3/heart_3_aug_5_aug_4f48a6b8.mp4,0
heart,person3,heart_3_aug_7_aug_95b3b5ff.mp4,/content/drive/MyDrive/all dataset/heart/person3/heart_3_aug_7_aug_95b3b5ff.mp4,0
heart,person3,heart_3_aug_8_aug_8df2d9be.mp4,/content/drive/MyDrive/all dataset/heart/person3/heart_3_aug_8_aug_8df2d9be.mp4,0
heart,person3,heart_3_aug_9_aug_d158ee5a.mp4,/content/drive/MyDrive/all dataset/heart/person3/heart_3_aug_9_aug_d158ee5a.mp4,0
heart,person4,heart_4.mp4,/content/drive/MyDrive/all dataset/heart/person4/heart_4.mp4,0
heart,person4,heart_4_aug_2.mp4,/content/drive/MyDrive/all dataset/heart/person4/heart_4_aug_2.mp4,0
heart,person4,heart_4_aug_3.mp4,/content/drive/MyDrive/all dataset/heart/person4/heart_4_aug_3.mp4,0
heart,person4,heart_4_aug_4.mp4,/content/drive/MyDrive/all dataset/heart/person4/heart_4_aug_4.mp4,0
heart,person4,heart_4_aug_5.mp4,/content/drive/MyDrive/all dataset/heart/person4/heart_4_aug_5.mp4,0
heart,person4,heart_4_aug_6.mp4,/content/drive/MyDrive/all dataset/heart/person4/heart_4_aug_6.mp4,0
heart,person4,heart_4_aug_7.mp4,/content/drive/MyDrive/all dataset/heart/person4/heart_4_aug_7.mp4,0
heart,person4,heart_4_aug_9.mp4,/content/drive/MyDrive/all dataset/heart/person4/heart_4_aug_9.mp4,0
heart,person4,heart_4_aug_10.mp4,/content/drive/MyDrive/all dataset/heart/person4/heart_4_aug_10.mp4,0
heart,person4,heart_4_aug_11.mp4,/content/drive/MyDrive/all dataset/heart/person4/heart_4_aug_11.mp4,0
heart,person4,heart_4_aug1.mp4,/content/drive/MyDrive/all dataset/heart/person4/heart_4_aug1.mp4,0
heart,person4,heart_4_aug_f620cbee.mp4,/content/drive/MyDrive/all dataset/heart/person4/heart_4_aug_f620cbee.mp4,0
heart,person4,heart_4_aug_1507160b.mp4,/content/drive/MyDrive/all dataset/heart/person4/heart_4_aug_1507160b.mp4,0
heart,person4,heart_4_aug_b5576411.mp4,/content/drive/MyDrive/all dataset/heart/person4/heart_4_aug_b5576411.mp4,0
heart,person4,heart_4_aug_e7c5ebe5.mp4,/content/drive/MyDrive/all dataset/heart/person4/heart_4_aug_e7c5ebe5.mp4,0
heart,person4,heart_4_aug_2325e6f1.mp4,/content/drive/MyDrive/all dataset/heart/person4/heart_4_aug_2325e6f1.mp4,0
heart,person4,heart_4_aug_9c917e59.mp4,/content/drive/MyDrive/all dataset/heart/person4/heart_4_aug_9c917e59.mp4,0
heart,person4,heart_4_aug_ac5492a8.mp4,/content/drive/MyDrive/all dataset/heart/person4/heart_4_aug_ac5492a8.mp4,0
heart,person4,heart_4_aug_5e06474a.mp4,/content/drive/MyDrive/all dataset/heart/person4/heart_4_aug_5e06474a.mp4,0
heart,person4,heart_4_aug_e123742b.mp4,/content/drive/MyDrive/all dataset/heart/person4/heart_4_aug_e123742b.mp4,0
heart,person5,heart_5.mp4,/content/drive/MyDrive/all dataset/heart/person5/heart_5.mp4,0
heart,person5,heart_5_aug_1.mp4,/content/drive/MyDrive/all dataset/heart/person5/heart_5_aug_1.mp4,0
heart,person5,heart_5_aug_2.mp4,/content/drive/MyDrive/all dataset/heart/person5/heart_5_aug_2.mp4,0
heart,person5,heart_5_aug_3.mp4,/content/drive/MyDrive/all dataset/heart/person5/heart_5_aug_3.mp4,0
heart,person5,heart_5_aug_5.mp4,/content/drive/MyDrive/all dataset/heart/person5/heart_5_aug_5.mp4,0
heart,person5,heart_5_aug_6.mp4,/content/drive/MyDrive/all dataset/heart/person5/heart_5_aug_6.mp4,0
heart,person5,heart_5_aug_7.mp4,/content/drive/MyDrive/all dataset/heart/person5/heart_5_aug_7.mp4,0
heart,person5,heart_5_aug_8.mp4,/content/drive/MyDrive/all dataset/heart/person5/heart_5_aug_8.mp4,0
heart,person5,heart_5_aug_9.mp4,/content/drive/MyDrive/all dataset/heart/person5/heart_5_aug_9.mp4,0
heart,person5,heart_5_aug_10.mp4,/content/drive/MyDrive/all dataset/heart/person5/heart_5_aug_10.mp4,0
heart,person5,heart_5_aug1.mp4,/content/drive/MyDrive/all dataset/heart/person5/heart_5_aug1.mp4,0
heart,person5,heart_5_aug_5b175da9.mp4,/content/drive/MyDrive/all dataset/heart/person5/heart_5_aug_5b175da9.mp4,0
heart,person5,heart_5_aug_ee1285e5.mp4,/content/drive/MyDrive/all dataset/heart/person5/heart_5_aug_ee1285e5.mp4,0
heart,person5,heart_5_aug_4c82bfc6.mp4,/content/drive/MyDrive/all dataset/heart/person5/heart_5_aug_4c82bfc6.mp4,0
heart,person5,heart_5_aug_5ddc310a.mp4,/content/drive/MyDrive/all dataset/heart/person5/heart_5_aug_5ddc310a.mp4,0
heart,person5,heart_5_aug_9ddfdf06.mp4,/content/drive/MyDrive/all dataset/heart/person5/heart_5_aug_9ddfdf06.mp4,0
heart,person5,heart_5_aug_ded675e9.mp4,/content/drive/MyDrive/all dataset/heart/person5/heart_5_aug_ded675e9.mp4,0
heart,person5,heart_5_aug_a623d2c2.mp4,/content/drive/MyDrive/all dataset/heart/person5/heart_5_aug_a623d2c2.mp4,0
heart,person5,heart_5_aug_5aa7c0e6.mp4,/content/drive/MyDrive/all dataset/heart/person5/heart_5_aug_5aa7c0e6.mp4,0
heart,person5,heart_5_aug_a4a849ec.mp4,/content/drive/MyDrive/all dataset/heart/person5/heart_5_aug_a4a849ec.mp4,0
heart,person6,heart_6.mp4,/content/drive/MyDrive/all dataset/heart/person6/heart_6.mp4,0
heart,person6,heart_6_aug_2.mp4,/content/drive/MyDrive/all dataset/heart/person6/heart_6_aug_2.mp4,0
heart,person6,heart_6_aug_3.mp4,/content/drive/MyDrive/all dataset/heart/person6/heart_6_aug_3.mp4,0
heart,person6,heart_6_aug_4.mp4,/content/drive/MyDrive/all dataset/heart/person6/heart_6_aug_4.mp4,0
heart,person6,heart_6_aug_5.mp4,/content/drive/MyDrive/all dataset/heart/person6/heart_6_aug_5.mp4,0
heart,person6,heart_6_aug_6.mp4,/content/drive/MyDrive/all dataset/heart/person6/heart_6_aug_6.mp4,0
heart,person6,heart_6_aug_8.mp4,/content/drive/MyDrive/all dataset/heart/person6/heart_6_aug_8.mp4,0
heart,person6,heart_6_aug_9.mp4,/content/drive/MyDrive/all dataset/heart/person6/heart_6_aug_9.mp4,0
heart,person6,heart_6_aug_10.mp4,/content/drive/MyDrive/all dataset/heart/person6/heart_6_aug_10.mp4,0
heart,person6,heart_6_aug_11.mp4,/content/drive/MyDrive/all dataset/heart/person6/heart_6_aug_11.mp4,0
heart,person6,heart_6_aug1.mp4,/content/drive/MyDrive/all dataset/heart/person6/heart_6_aug1.mp4,0
heart,person6,heart_6_aug_3f8a1379.mp4,/content/drive/MyDrive/all dataset/heart/person6/heart_6_aug_3f8a1379.mp4,0
heart,person6,heart_6_aug_7614ddcb.mp4,/content/drive/MyDrive/all dataset/heart/person6/heart_6_aug_7614ddcb.mp4,0
heart,person6,heart_6_aug_b1427332.mp4,/content/drive/MyDrive/all dataset/heart/person6/heart_6_aug_b1427332.mp4,0
heart,person6,heart_6_aug_902fdbee.mp4,/content/drive/MyDrive/all dataset/heart/person6/heart_6_aug_902fdbee.mp4,0
heart,person6,heart_6_aug_540c616c.mp4,/content/drive/MyDrive/all dataset/heart/person6/heart_6_aug_540c616c.mp4,0
heart,person6,heart_6_aug_a1879019.mp4,/content/drive/MyDrive/all dataset/heart/person6/heart_6_aug_a1879019.mp4,0
heart,person6,heart_6_aug_c68a7931.mp4,/content/drive/MyDrive/all dataset/heart/person6/heart_6_aug_c68a7931.mp4,0
heart,person6,heart_6_aug_68148122.mp4,/content/drive/MyDrive/all dataset/heart/person6/heart_6_aug_68148122.mp4,0
heart,person6,heart_6_aug_eedbbceb.mp4,/content/drive/MyDrive/all dataset/heart/person6/heart_6_aug_eedbbceb.mp4,0
heart,person7,heart_7.mp4,/content/drive/MyDrive/all dataset/heart/person7/heart_7.mp4,0
heart,person7,heart_7_aug_1.mp4,/content/drive/MyDrive/all dataset/heart/person7/heart_7_aug_1.mp4,0
heart,person7,heart_7_aug_2.mp4,/content/drive/MyDrive/all dataset/heart/person7/heart_7_aug_2.mp4,0
heart,person7,heart_7_aug_3.mp4,/content/drive/MyDrive/all dataset/heart/person7/heart_7_aug_3.mp4,0
heart,person7,heart_7_aug_4.mp4,/content/drive/MyDrive/all dataset/heart/person7/heart_7_aug_4.mp4,0
heart,person7,heart_7_aug_5.mp4,/content/drive/MyDrive/all dataset/heart/person7/heart_7_aug_5.mp4,0
heart,person7,heart_7_aug_6.mp4,/content/drive/MyDrive/all dataset/heart/person7/heart_7_aug_6.mp4,0
heart,person7,heart_7_aug_8.mp4,/content/drive/MyDrive/all dataset/heart/person7/heart_7_aug_8.mp4,0
heart,person7,heart_7_aug_9.mp4,/content/drive/MyDrive/all dataset/heart/person7/heart_7_aug_9.mp4,0
heart,person7,heart_7_aug_10.mp4,/content/drive/MyDrive/all dataset/heart/person7/heart_7_aug_10.mp4,0
heart,person7,heart_7_aug1.mp4,/content/drive/MyDrive/all dataset/heart/person7/heart_7_aug1.mp4,0
heart,person7,heart_7_aug_1d91924a.mp4,/content/drive/MyDrive/all dataset/heart/person7/heart_7_aug_1d91924a.mp4,0
heart,person7,heart_7_aug_9110f2d5.mp4,/content/drive/MyDrive/all dataset/heart/person7/heart_7_aug_9110f2d5.mp4,0
heart,person7,heart_7_aug_5e1797d1.mp4,/content/drive/MyDrive/all dataset/heart/person7/heart_7_aug_5e1797d1.mp4,0
heart,person7,heart_7_aug_6506889a.mp4,/content/drive/MyDrive/all dataset/heart/person7/heart_7_aug_6506889a.mp4,0
heart,person7,heart_7_aug_03a3b8c8.mp4,/content/drive/MyDrive/all dataset/heart/person7/heart_7_aug_03a3b8c8.mp4,0
heart,person7,heart_7_aug_fac5f6a6.mp4,/content/drive/MyDrive/all dataset/heart/person7/heart_7_aug_fac5f6a6.mp4,0
heart,person7,heart_7_aug_c75a8976.mp4,/content/drive/MyDrive/all dataset/heart/person7/heart_7_aug_c75a8976.mp4,0
heart,person7,heart_7_aug_91830279.mp4,/content/drive/MyDrive/all dataset/heart/person7/heart_7_aug_91830279.mp4,0
heart,person7,heart_7_aug_1f3bd3ac.mp4,/content/drive/MyDrive/all dataset/heart/person7/heart_7_aug_1f3bd3ac.mp4,0
heart,person8,heart_8_aug_1.mp4,/content/drive/MyDrive/all dataset/heart/person8/heart_8_aug_1.mp4,0
heart,person8,heart_8_aug_2.mp4,/content/drive/MyDrive/all dataset/heart/person8/heart_8_aug_2.mp4,0
heart,person8,heart_8_aug_3.mp4,/content/drive/MyDrive/all dataset/heart/person8/heart_8_aug_3.mp4,0
heart,person8,heart_8_aug_4.mp4,/content/drive/MyDrive/all dataset/heart/person8/heart_8_aug_4.mp4,0
heart,person8,heart_8_aug_5.mp4,/content/drive/MyDrive/all dataset/heart/person8/heart_8_aug_5.mp4,0
heart,person8,heart_8_aug_6.mp4,/content/drive/MyDrive/all dataset/heart/person8/heart_8_aug_6.mp4,0
heart,person8,heart_8_aug_8.mp4,/content/drive/MyDrive/all dataset/heart/person8/heart_8_aug_8.mp4,0
heart,person8,heart_8_aug_9.mp4,/content/drive/MyDrive/all dataset/heart/person8/heart_8_aug_9.mp4,0
heart,person8,heart_8_aug_10.mp4,/content/drive/MyDrive/all dataset/heart/person8/heart_8_aug_10.mp4,0
heart,person8,heart_8_aug_11.mp4,/content/drive/MyDrive/all dataset/heart/person8/heart_8_aug_11.mp4,0
heart,person8,heart_8_aug_1_aug_ce1976a2.mp4,/content/drive/MyDrive/all dataset/heart/person8/heart_8_aug_1_aug_ce1976a2.mp4,0
heart,person8,heart_8_aug_10_aug_2289e769.mp4,/content/drive/MyDrive/all dataset/heart/person8/heart_8_aug_10_aug_2289e769.mp4,0
heart,person8,heart_8_aug_11_aug_2c9741c4.mp4,/content/drive/MyDrive/all dataset/heart/person8/heart_8_aug_11_aug_2c9741c4.mp4,0
heart,person8,heart_8_aug_2_aug_3cc34b09.mp4,/content/drive/MyDrive/all dataset/heart/person8/heart_8_aug_2_aug_3cc34b09.mp4,0
heart,person8,heart_8_aug_3_aug_27cbd25c.mp4,/content/drive/MyDrive/all dataset/heart/person8/heart_8_aug_3_aug_27cbd25c.mp4,0
heart,person8,heart_8_aug_4_aug_af62c768.mp4,/content/drive/MyDrive/all dataset/heart/person8/heart_8_aug_4_aug_af62c768.mp4,0
heart,person8,heart_8_aug_5_aug_40e186ef.mp4,/content/drive/MyDrive/all dataset/heart/person8/heart_8_aug_5_aug_40e186ef.mp4,0
heart,person8,heart_8_aug_6_aug_159c2962.mp4,/content/drive/MyDrive/all dataset/heart/person8/heart_8_aug_6_aug_159c2962.mp4,0
heart,person8,heart_8_aug_8_aug_e304fb88.mp4,/content/drive/MyDrive/all dataset/heart/person8/heart_8_aug_8_aug_e304fb88.mp4,0
heart,person8,heart_8_aug_9_aug_5b58e647.mp4,/content/drive/MyDrive/all dataset/heart/person8/heart_8_aug_9_aug_5b58e647.mp4,0
heart,person9,heart_9.mp4,/content/drive/MyDrive/all dataset/heart/person9/heart_9.mp4,0
heart,person9,heart_9_aug_2.mp4,/content/drive/MyDrive/all dataset/heart/person9/heart_9_aug_2.mp4,0
heart,person9,heart_9_aug_3.mp4,/content/drive/MyDrive/all dataset/heart/person9/heart_9_aug_3.mp4,0
heart,person9,heart_9_aug_4.mp4,/content/drive/MyDrive/all dataset/heart/person9/heart_9_aug_4.mp4,0
heart,person9,heart_9_aug_5.mp4,/content/drive/MyDrive/all dataset/heart/person9/heart_9_aug_5.mp4,0
heart,person9,heart_9_aug_6.mp4,/content/drive/MyDrive/all dataset/heart/person9/heart_9_aug_6.mp4,0
heart,person9,heart_9_aug_8.mp4,/content/drive/MyDrive/all dataset/heart/person9/heart_9_aug_8.mp4,0
heart,person9,heart_9_aug_9.mp4,/content/drive/MyDrive/all dataset/heart/person9/heart_9_aug_9.mp4,0
heart,person9,heart_9_aug_10.mp4,/content/drive/MyDrive/all dataset/heart/person9/heart_9_aug_10.mp4,0
heart,person9,heart_9_aug_11.mp4,/content/drive/MyDrive/all dataset/heart/person9/heart_9_aug_11.mp4,0
heart,person9,heart_9_aug1.mp4,/content/drive/MyDrive/all dataset/heart/person9/heart_9_aug1.mp4,0
heart,person9,heart_9_aug_33e31c93.mp4,/content/drive/MyDrive/all dataset/heart/person9/heart_9_aug_33e31c93.mp4,0
heart,person9,heart_9_aug_650854ef.mp4,/content/drive/MyDrive/all dataset/heart/person9/heart_9_aug_650854ef.mp4,0
heart,person9,heart_9_aug_44eea438.mp4,/content/drive/MyDrive/all dataset/heart/person9/heart_9_aug_44eea438.mp4,0
heart,person9,heart_9_aug_2fdf8318.mp4,/content/drive/MyDrive/all dataset/heart/person9/heart_9_aug_2fdf8318.mp4,0
heart,person9,heart_9_aug_2cf175f4.mp4,/content/drive/MyDrive/all dataset/heart/person9/heart_9_aug_2cf175f4.mp4,0
heart,person9,heart_9_aug_bf55de19.mp4,/content/drive/MyDrive/all dataset/heart/person9/heart_9_aug_bf55de19.mp4,0
heart,person9,heart_9_aug_23e7d506.mp4,/content/drive/MyDrive/all dataset/heart/person9/heart_9_aug_23e7d506.mp4,0
heart,person9,heart_9_aug_6f6e364c.mp4,/content/drive/MyDrive/all dataset/heart/person9/heart_9_aug_6f6e364c.mp4,0
heart,person9,heart_9_aug_3ca9eed5.mp4,/content/drive/MyDrive/all dataset/heart/person9/heart_9_aug_3ca9eed5.mp4,0
homework,person1,homework_1_aug_3.mp4,/content/drive/MyDrive/all dataset/homework/person1/homework_1_aug_3.mp4,0
homework,person1,homework_1_aug_4.mp4,/content/drive/MyDrive/all dataset/homework/person1/homework_1_aug_4.mp4,0
homework,person1,homework_1_aug_5.mp4,/content/drive/MyDrive/all dataset/homework/person1/homework_1_aug_5.mp4,0
homework,person1,homework_1_aug_6.mp4,/content/drive/MyDrive/all dataset/homework/person1/homework_1_aug_6.mp4,0
homework,person1,homework_1_aug_8.mp4,/content/drive/MyDrive/all dataset/homework/person1/homework_1_aug_8.mp4,0
homework,person1,homework_1_aug_9.mp4,/content/drive/MyDrive/all dataset/homework/person1/homework_1_aug_9.mp4,0
homework,person1,homework_1_aug_10.mp4,/content/drive/MyDrive/all dataset/homework/person1/homework_1_aug_10.mp4,0
homework,person1,homework_1_aug_11.mp4,/content/drive/MyDrive/all dataset/homework/person1/homework_1_aug_11.mp4,0
homework,person1,homework_1_aug_12.mp4,/content/drive/MyDrive/all dataset/homework/person1/homework_1_aug_12.mp4,0
homework,person1,homework_1_aug_14.mp4,/content/drive/MyDrive/all dataset/homework/person1/homework_1_aug_14.mp4,0
homework,person1,homework_1_aug_10_aug_8e0e83f8.mp4,/content/drive/MyDrive/all dataset/homework/person1/homework_1_aug_10_aug_8e0e83f8.mp4,0
homework,person1,homework_1_aug_11_aug_203b61c2.mp4,/content/drive/MyDrive/all dataset/homework/person1/homework_1_aug_11_aug_203b61c2.mp4,0
homework,person1,homework_1_aug_12_aug_d7b5b330.mp4,/content/drive/MyDrive/all dataset/homework/person1/homework_1_aug_12_aug_d7b5b330.mp4,0
homework,person1,homework_1_aug_14_aug_18e81283.mp4,/content/drive/MyDrive/all dataset/homework/person1/homework_1_aug_14_aug_18e81283.mp4,0
homework,person1,homework_1_aug_3_aug_1749512f.mp4,/content/drive/MyDrive/all dataset/homework/person1/homework_1_aug_3_aug_1749512f.mp4,0
homework,person1,homework_1_aug_4_aug_e4c274f5.mp4,/content/drive/MyDrive/all dataset/homework/person1/homework_1_aug_4_aug_e4c274f5.mp4,0
homework,person1,homework_1_aug_5_aug_b98bb7db.mp4,/content/drive/MyDrive/all dataset/homework/person1/homework_1_aug_5_aug_b98bb7db.mp4,0
homework,person1,homework_1_aug_6_aug_484c646d.mp4,/content/drive/MyDrive/all dataset/homework/person1/homework_1_aug_6_aug_484c646d.mp4,0
homework,person1,homework_1_aug_8_aug_f208056c.mp4,/content/drive/MyDrive/all dataset/homework/person1/homework_1_aug_8_aug_f208056c.mp4,0
homework,person1,homework_1_aug_9_aug_cce26784.mp4,/content/drive/MyDrive/all dataset/homework/person1/homework_1_aug_9_aug_cce26784.mp4,0
homework,person2,homework_1.mp4,/content/drive/MyDrive/all dataset/homework/person2/homework_1.mp4,0
homework,person2,homework_1_aug_3.mp4,/content/drive/MyDrive/all dataset/homework/person2/homework_1_aug_3.mp4,0
homework,person2,homework_1_aug_5.mp4,/content/drive/MyDrive/all dataset/homework/person2/homework_1_aug_5.mp4,0
homework,person2,homework_1_aug_7.mp4,/content/drive/MyDrive/all dataset/homework/person2/homework_1_aug_7.mp4,0
homework,person2,homework_1_aug_9.mp4,/content/drive/MyDrive/all dataset/homework/person2/homework_1_aug_9.mp4,0
homework,person2,homework_1_aug_10.mp4,/content/drive/MyDrive/all dataset/homework/person2/homework_1_aug_10.mp4,0
homework,person2,homework_1_aug_11.mp4,/content/drive/MyDrive/all dataset/homework/person2/homework_1_aug_11.mp4,0
homework,person2,homework_1_aug_12.mp4,/content/drive/MyDrive/all dataset/homework/person2/homework_1_aug_12.mp4,0
homework,person2,homework_1_aug_13.mp4,/content/drive/MyDrive/all dataset/homework/person2/homework_1_aug_13.mp4,0
homework,person2,homework_1_aug_14.mp4,/content/drive/MyDrive/all dataset/homework/person2/homework_1_aug_14.mp4,0
homework,person2,homework_1_aug1.mp4,/content/drive/MyDrive/all dataset/homework/person2/homework_1_aug1.mp4,0
homework,person2,homework_1_aug_00e93bb8.mp4,/content/drive/MyDrive/all dataset/homework/person2/homework_1_aug_00e93bb8.mp4,0
homework,person2,homework_1_aug_8c329497.mp4,/content/drive/MyDrive/all dataset/homework/person2/homework_1_aug_8c329497.mp4,0
homework,person2,homework_1_aug_f60f25a8.mp4,/content/drive/MyDrive/all dataset/homework/person2/homework_1_aug_f60f25a8.mp4,0
homework,person2,homework_1_aug_4613d293.mp4,/content/drive/MyDrive/all dataset/homework/person2/homework_1_aug_4613d293.mp4,0
homework,person2,homework_1_aug_6af78638.mp4,/content/drive/MyDrive/all dataset/homework/person2/homework_1_aug_6af78638.mp4,0
homework,person2,homework_1_aug_55263ef5.mp4,/content/drive/MyDrive/all dataset/homework/person2/homework_1_aug_55263ef5.mp4,0
homework,person2,homework_1_aug_f61bf53a.mp4,/content/drive/MyDrive/all dataset/homework/person2/homework_1_aug_f61bf53a.mp4,0
homework,person2,homework_1_aug_241dc049.mp4,/content/drive/MyDrive/all dataset/homework/person2/homework_1_aug_241dc049.mp4,0
homework,person2,homework_1_aug_3edb2317.mp4,/content/drive/MyDrive/all dataset/homework/person2/homework_1_aug_3edb2317.mp4,0
homework,person3,homework_1.mp4,/content/drive/MyDrive/all dataset/homework/person3/homework_1.mp4,0
homework,person3,homework_1_aug_1.mp4,/content/drive/MyDrive/all dataset/homework/person3/homework_1_aug_1.mp4,0
homework,person3,homework_1_aug_2.mp4,/content/drive/MyDrive/all dataset/homework/person3/homework_1_aug_2.mp4,0
homework,person3,homework_1_aug_4.mp4,/content/drive/MyDrive/all dataset/homework/person3/homework_1_aug_4.mp4,0
homework,person3,homework_1_aug_5.mp4,/content/drive/MyDrive/all dataset/homework/person3/homework_1_aug_5.mp4,0
homework,person3,homework_1_aug_6.mp4,/content/drive/MyDrive/all dataset/homework/person3/homework_1_aug_6.mp4,0
homework,person3,homework_1_aug_7.mp4,/content/drive/MyDrive/all dataset/homework/person3/homework_1_aug_7.mp4,0
homework,person3,homework_1_aug_8.mp4,/content/drive/MyDrive/all dataset/homework/person3/homework_1_aug_8.mp4,0
homework,person3,homework_1_aug_13.mp4,/content/drive/MyDrive/all dataset/homework/person3/homework_1_aug_13.mp4,0
homework,person3,homework_1_aug_14.mp4,/content/drive/MyDrive/all dataset/homework/person3/homework_1_aug_14.mp4,0
homework,person3,homework_1_aug1.mp4,/content/drive/MyDrive/all dataset/homework/person3/homework_1_aug1.mp4,0
homework,person3,homework_1_aug_344af5ed.mp4,/content/drive/MyDrive/all dataset/homework/person3/homework_1_aug_344af5ed.mp4,0
homework,person3,homework_1_aug_50d09288.mp4,/content/drive/MyDrive/all dataset/homework/person3/homework_1_aug_50d09288.mp4,0
homework,person3,homework_1_aug_f3aef5a0.mp4,/content/drive/MyDrive/all dataset/homework/person3/homework_1_aug_f3aef5a0.mp4,0
homework,person3,homework_1_aug_fcea6be4.mp4,/content/drive/MyDrive/all dataset/homework/person3/homework_1_aug_fcea6be4.mp4,0
homework,person3,homework_1_aug_51ce3704.mp4,/content/drive/MyDrive/all dataset/homework/person3/homework_1_aug_51ce3704.mp4,0
homework,person3,homework_1_aug_7d229565.mp4,/content/drive/MyDrive/all dataset/homework/person3/homework_1_aug_7d229565.mp4,0
homework,person3,homework_1_aug_47cc2843.mp4,/content/drive/MyDrive/all dataset/homework/person3/homework_1_aug_47cc2843.mp4,0
homework,person3,homework_1_aug_1f4b0682.mp4,/content/drive/MyDrive/all dataset/homework/person3/homework_1_aug_1f4b0682.mp4,0
homework,person3,homework_1_aug_0781fb05.mp4,/content/drive/MyDrive/all dataset/homework/person3/homework_1_aug_0781fb05.mp4,0
homework,person4,homework_1.mp4,/content/drive/MyDrive/all dataset/homework/person4/homework_1.mp4,0
homework,person4,homework_1_aug_2.mp4,/content/drive/MyDrive/all dataset/homework/person4/homework_1_aug_2.mp4,0
homework,person4,homework_1_aug_3.mp4,/content/drive/MyDrive/all dataset/homework/person4/homework_1_aug_3.mp4,0
homework,person4,homework_1_aug_4.mp4,/content/drive/MyDrive/all dataset/homework/person4/homework_1_aug_4.mp4,0
homework,person4,homework_1_aug_5.mp4,/content/drive/MyDrive/all dataset/homework/person4/homework_1_aug_5.mp4,0
homework,person4,homework_1_aug_6.mp4,/content/drive/MyDrive/all dataset/homework/person4/homework_1_aug_6.mp4,0
homework,person4,homework_1_aug_7.mp4,/content/drive/MyDrive/all dataset/homework/person4/homework_1_aug_7.mp4,0
homework,person4,homework_1_aug_10.mp4,/content/drive/MyDrive/all dataset/homework/person4/homework_1_aug_10.mp4,0
homework,person4,homework_1_aug_12.mp4,/content/drive/MyDrive/all dataset/homework/person4/homework_1_aug_12.mp4,0
homework,person4,homework_1_aug_14.mp4,/content/drive/MyDrive/all dataset/homework/person4/homework_1_aug_14.mp4,0
homework,person4,homework_1_aug1.mp4,/content/drive/MyDrive/all dataset/homework/person4/homework_1_aug1.mp4,0
homework,person4,homework_1_aug_d5c3251e.mp4,/content/drive/MyDrive/all dataset/homework/person4/homework_1_aug_d5c3251e.mp4,0
homework,person4,homework_1_aug_5616a4c3.mp4,/content/drive/MyDrive/all dataset/homework/person4/homework_1_aug_5616a4c3.mp4,0
homework,person4,homework_1_aug_579d5a36.mp4,/content/drive/MyDrive/all dataset/homework/person4/homework_1_aug_579d5a36.mp4,0
homework,person4,homework_1_aug_3f8125e7.mp4,/content/drive/MyDrive/all dataset/homework/person4/homework_1_aug_3f8125e7.mp4,0
homework,person4,homework_1_aug_8ae5346b.mp4,/content/drive/MyDrive/all dataset/homework/person4/homework_1_aug_8ae5346b.mp4,0
homework,person4,homework_1_aug_896226dc.mp4,/content/drive/MyDrive/all dataset/homework/person4/homework_1_aug_896226dc.mp4,0
homework,person4,homework_1_aug_6c4ef160.mp4,/content/drive/MyDrive/all dataset/homework/person4/homework_1_aug_6c4ef160.mp4,0
homework,person4,homework_1_aug_33f9b7ab.mp4,/content/drive/MyDrive/all dataset/homework/person4/homework_1_aug_33f9b7ab.mp4,0
homework,person4,homework_1_aug_333eb9ce.mp4,/content/drive/MyDrive/all dataset/homework/person4/homework_1_aug_333eb9ce.mp4,0
homework,person5,homework_1.mp4,/content/drive/MyDrive/all dataset/homework/person5/homework_1.mp4,0
homework,person5,homework_1_aug_1.mp4,/content/drive/MyDrive/all dataset/homework/person5/homework_1_aug_1.mp4,0
homework,person5,homework_1_aug_4.mp4,/content/drive/MyDrive/all dataset/homework/person5/homework_1_aug_4.mp4,0
homework,person5,homework_1_aug_5.mp4,/content/drive/MyDrive/all dataset/homework/person5/homework_1_aug_5.mp4,0
homework,person5,homework_1_aug_6.mp4,/content/drive/MyDrive/all dataset/homework/person5/homework_1_aug_6.mp4,0
homework,person5,homework_1_aug_7.mp4,/content/drive/MyDrive/all dataset/homework/person5/homework_1_aug_7.mp4,0
homework,person5,homework_1_aug_8.mp4,/content/drive/MyDrive/all dataset/homework/person5/homework_1_aug_8.mp4,0
homework,person5,homework_1_aug_11.mp4,/content/drive/MyDrive/all dataset/homework/person5/homework_1_aug_11.mp4,0
homework,person5,homework_1_aug_13.mp4,/content/drive/MyDrive/all dataset/homework/person5/homework_1_aug_13.mp4,0
homework,person5,homework_1_aug_14.mp4,/content/drive/MyDrive/all dataset/homework/person5/homework_1_aug_14.mp4,0
homework,person5,homework_1_aug1.mp4,/content/drive/MyDrive/all dataset/homework/person5/homework_1_aug1.mp4,0
homework,person5,homework_1_aug_cc69e61d.mp4,/content/drive/MyDrive/all dataset/homework/person5/homework_1_aug_cc69e61d.mp4,0
homework,person5,homework_1_aug_1dab0be2.mp4,/content/drive/MyDrive/all dataset/homework/person5/homework_1_aug_1dab0be2.mp4,0
homework,person5,homework_1_aug_3848a843.mp4,/content/drive/MyDrive/all dataset/homework/person5/homework_1_aug_3848a843.mp4,0
homework,person5,homework_1_aug_360b9507.mp4,/content/drive/MyDrive/all dataset/homework/person5/homework_1_aug_360b9507.mp4,0
homework,person5,homework_1_aug_07ca3845.mp4,/content/drive/MyDrive/all dataset/homework/person5/homework_1_aug_07ca3845.mp4,0
homework,person5,homework_1_aug_99baf163.mp4,/content/drive/MyDrive/all dataset/homework/person5/homework_1_aug_99baf163.mp4,0
homework,person5,homework_1_aug_368b5763.mp4,/content/drive/MyDrive/all dataset/homework/person5/homework_1_aug_368b5763.mp4,0
homework,person5,homework_1_aug_2322f025.mp4,/content/drive/MyDrive/all dataset/homework/person5/homework_1_aug_2322f025.mp4,0
homework,person5,homework_1_aug_3be12097.mp4,/content/drive/MyDrive/all dataset/homework/person5/homework_1_aug_3be12097.mp4,0
homework,person6,homework_1_aug_1.mp4,/content/drive/MyDrive/all dataset/homework/person6/homework_1_aug_1.mp4,0
homework,person6,homework_1_aug_2.mp4,/content/drive/MyDrive/all dataset/homework/person6/homework_1_aug_2.mp4,0
homework,person6,homework_1_aug_6.mp4,/content/drive/MyDrive/all dataset/homework/person6/homework_1_aug_6.mp4,0
homework,person6,homework_1_aug_8.mp4,/content/drive/MyDrive/all dataset/homework/person6/homework_1_aug_8.mp4,0
homework,person6,homework_1_aug_9.mp4,/content/drive/MyDrive/all dataset/homework/person6/homework_1_aug_9.mp4,0
homework,person6,homework_1_aug_10.mp4,/content/drive/MyDrive/all dataset/homework/person6/homework_1_aug_10.mp4,0
homework,person6,homework_1_aug_11.mp4,/content/drive/MyDrive/all dataset/homework/person6/homework_1_aug_11.mp4,0
homework,person6,homework_1_aug_12.mp4,/content/drive/MyDrive/all dataset/homework/person6/homework_1_aug_12.mp4,0
homework,person6,homework_1_aug_13.mp4,/content/drive/MyDrive/all dataset/homework/person6/homework_1_aug_13.mp4,0
homework,person6,homework_1_aug_14.mp4,/content/drive/MyDrive/all dataset/homework/person6/homework_1_aug_14.mp4,0
homework,person6,homework_1_aug_1_aug_951246ed.mp4,/content/drive/MyDrive/all dataset/homework/person6/homework_1_aug_1_aug_951246ed.mp4,0
homework,person6,homework_1_aug_10_aug_04ee01a3.mp4,/content/drive/MyDrive/all dataset/homework/person6/homework_1_aug_10_aug_04ee01a3.mp4,0
homework,person6,homework_1_aug_11_aug_47078e33.mp4,/content/drive/MyDrive/all dataset/homework/person6/homework_1_aug_11_aug_47078e33.mp4,0
homework,person6,homework_1_aug_12_aug_e34a9dbc.mp4,/content/drive/MyDrive/all dataset/homework/person6/homework_1_aug_12_aug_e34a9dbc.mp4,0
homework,person6,homework_1_aug_13_aug_ca77eb3a.mp4,/content/drive/MyDrive/all dataset/homework/person6/homework_1_aug_13_aug_ca77eb3a.mp4,0
homework,person6,homework_1_aug_14_aug_ea5efec8.mp4,/content/drive/MyDrive/all dataset/homework/person6/homework_1_aug_14_aug_ea5efec8.mp4,0
homework,person6,homework_1_aug_2_aug_ba3c466a.mp4,/content/drive/MyDrive/all dataset/homework/person6/homework_1_aug_2_aug_ba3c466a.mp4,0
homework,person6,homework_1_aug_6_aug_ee8f54cd.mp4,/content/drive/MyDrive/all dataset/homework/person6/homework_1_aug_6_aug_ee8f54cd.mp4,0
homework,person6,homework_1_aug_8_aug_3c6aa504.mp4,/content/drive/MyDrive/all dataset/homework/person6/homework_1_aug_8_aug_3c6aa504.mp4,0
homework,person6,homework_1_aug_9_aug_859a7f3d.mp4,/content/drive/MyDrive/all dataset/homework/person6/homework_1_aug_9_aug_859a7f3d.mp4,0
homework,person7,homework_1.mp4,/content/drive/MyDrive/all dataset/homework/person7/homework_1.mp4,0
homework,person7,homework_1_aug_1.mp4,/content/drive/MyDrive/all dataset/homework/person7/homework_1_aug_1.mp4,0
homework,person7,homework_1_aug_2.mp4,/content/drive/MyDrive/all dataset/homework/person7/homework_1_aug_2.mp4,0
homework,person7,homework_1_aug_4.mp4,/content/drive/MyDrive/all dataset/homework/person7/homework_1_aug_4.mp4,0
homework,person7,homework_1_aug_6.mp4,/content/drive/MyDrive/all dataset/homework/person7/homework_1_aug_6.mp4,0
homework,person7,homework_1_aug_7.mp4,/content/drive/MyDrive/all dataset/homework/person7/homework_1_aug_7.mp4,0
homework,person7,homework_1_aug_10.mp4,/content/drive/MyDrive/all dataset/homework/person7/homework_1_aug_10.mp4,0
homework,person7,homework_1_aug_11.mp4,/content/drive/MyDrive/all dataset/homework/person7/homework_1_aug_11.mp4,0
homework,person7,homework_1_aug_13.mp4,/content/drive/MyDrive/all dataset/homework/person7/homework_1_aug_13.mp4,0
homework,person7,homework_1_aug_14.mp4,/content/drive/MyDrive/all dataset/homework/person7/homework_1_aug_14.mp4,0
homework,person7,homework_1_aug1.mp4,/content/drive/MyDrive/all dataset/homework/person7/homework_1_aug1.mp4,0
homework,person7,homework_1_aug_ba352e50.mp4,/content/drive/MyDrive/all dataset/homework/person7/homework_1_aug_ba352e50.mp4,0
homework,person7,homework_1_aug_cc6ec979.mp4,/content/drive/MyDrive/all dataset/homework/person7/homework_1_aug_cc6ec979.mp4,0
homework,person7,homework_1_aug_de2ed98e.mp4,/content/drive/MyDrive/all dataset/homework/person7/homework_1_aug_de2ed98e.mp4,0
homework,person7,homework_1_aug_985df8fd.mp4,/content/drive/MyDrive/all dataset/homework/person7/homework_1_aug_985df8fd.mp4,0
homework,person7,homework_1_aug_7f5568ae.mp4,/content/drive/MyDrive/all dataset/homework/person7/homework_1_aug_7f5568ae.mp4,0
homework,person7,homework_1_aug_6af1606b.mp4,/content/drive/MyDrive/all dataset/homework/person7/homework_1_aug_6af1606b.mp4,0
homework,person7,homework_1_aug_7d51959c.mp4,/content/drive/MyDrive/all dataset/homework/person7/homework_1_aug_7d51959c.mp4,0
homework,person7,homework_1_aug_b99898d4.mp4,/content/drive/MyDrive/all dataset/homework/person7/homework_1_aug_b99898d4.mp4,0
homework,person7,homework_1_aug_e0dd7dcf.mp4,/content/drive/MyDrive/all dataset/homework/person7/homework_1_aug_e0dd7dcf.mp4,0
homework,person8,homework_1.mp4,/content/drive/MyDrive/all dataset/homework/person8/homework_1.mp4,0
homework,person8,homework_1_aug_2.mp4,/content/drive/MyDrive/all dataset/homework/person8/homework_1_aug_2.mp4,0
homework,person8,homework_1_aug_3.mp4,/content/drive/MyDrive/all dataset/homework/person8/homework_1_aug_3.mp4,0
homework,person8,homework_1_aug_4.mp4,/content/drive/MyDrive/all dataset/homework/person8/homework_1_aug_4.mp4,0
homework,person8,homework_1_aug_5.mp4,/content/drive/MyDrive/all dataset/homework/person8/homework_1_aug_5.mp4,0
homework,person8,homework_1_aug_7.mp4,/content/drive/MyDrive/all dataset/homework/person8/homework_1_aug_7.mp4,0
homework,person8,homework_1_aug_8.mp4,/content/drive/MyDrive/all dataset/homework/person8/homework_1_aug_8.mp4,0
homework,person8,homework_1_aug_11.mp4,/content/drive/MyDrive/all dataset/homework/person8/homework_1_aug_11.mp4,0
homework,person8,homework_1_aug_13.mp4,/content/drive/MyDrive/all dataset/homework/person8/homework_1_aug_13.mp4,0
homework,person8,homework_1_aug_14.mp4,/content/drive/MyDrive/all dataset/homework/person8/homework_1_aug_14.mp4,0
homework,person8,homework_1_aug1.mp4,/content/drive/MyDrive/all dataset/homework/person8/homework_1_aug1.mp4,0
homework,person8,homework_1_aug_d5a4ccb6.mp4,/content/drive/MyDrive/all dataset/homework/person8/homework_1_aug_d5a4ccb6.mp4,0
homework,person8,homework_1_aug_b19c4df4.mp4,/content/drive/MyDrive/all dataset/homework/person8/homework_1_aug_b19c4df4.mp4,0
homework,person8,homework_1_aug_33a6bcb1.mp4,/content/drive/MyDrive/all dataset/homework/person8/homework_1_aug_33a6bcb1.mp4,0
homework,person8,homework_1_aug_71da06dd.mp4,/content/drive/MyDrive/all dataset/homework/person8/homework_1_aug_71da06dd.mp4,0
homework,person8,homework_1_aug_97f724c1.mp4,/content/drive/MyDrive/all dataset/homework/person8/homework_1_aug_97f724c1.mp4,0
homework,person8,homework_1_aug_bb9d4181.mp4,/content/drive/MyDrive/all dataset/homework/person8/homework_1_aug_bb9d4181.mp4,0
homework,person8,homework_1_aug_41b0d622.mp4,/content/drive/MyDrive/all dataset/homework/person8/homework_1_aug_41b0d622.mp4,0
homework,person8,homework_1_aug_5c73d717.mp4,/content/drive/MyDrive/all dataset/homework/person8/homework_1_aug_5c73d717.mp4,0
homework,person8,homework_1_aug_1536c54e.mp4,/content/drive/MyDrive/all dataset/homework/person8/homework_1_aug_1536c54e.mp4,0
homework,person9,homework_1.mp4,/content/drive/MyDrive/all dataset/homework/person9/homework_1.mp4,0
homework,person9,homework_1_aug_1.mp4,/content/drive/MyDrive/all dataset/homework/person9/homework_1_aug_1.mp4,0
homework,person9,homework_1_aug_2.mp4,/content/drive/MyDrive/all dataset/homework/person9/homework_1_aug_2.mp4,0
homework,person9,homework_1_aug_4.mp4,/content/drive/MyDrive/all dataset/homework/person9/homework_1_aug_4.mp4,0
homework,person9,homework_1_aug_5.mp4,/content/drive/MyDrive/all dataset/homework/person9/homework_1_aug_5.mp4,0
homework,person9,homework_1_aug_7.mp4,/content/drive/MyDrive/all dataset/homework/person9/homework_1_aug_7.mp4,0
homework,person9,homework_1_aug_8.mp4,/content/drive/MyDrive/all dataset/homework/person9/homework_1_aug_8.mp4,0
homework,person9,homework_1_aug_11.mp4,/content/drive/MyDrive/all dataset/homework/person9/homework_1_aug_11.mp4,0
homework,person9,homework_1_aug_13.mp4,/content/drive/MyDrive/all dataset/homework/person9/homework_1_aug_13.mp4,0
homework,person9,homework_1_aug_14.mp4,/content/drive/MyDrive/all dataset/homework/person9/homework_1_aug_14.mp4,0
homework,person9,homework_1_aug1.mp4,/content/drive/MyDrive/all dataset/homework/person9/homework_1_aug1.mp4,0
homework,person9,homework_1_aug_c7225bdd.mp4,/content/drive/MyDrive/all dataset/homework/person9/homework_1_aug_c7225bdd.mp4,0
homework,person9,homework_1_aug_abbe5183.mp4,/content/drive/MyDrive/all dataset/homework/person9/homework_1_aug_abbe5183.mp4,0
homework,person9,homework_1_aug_5abddd08.mp4,/content/drive/MyDrive/all dataset/homework/person9/homework_1_aug_5abddd08.mp4,0
homework,person9,homework_1_aug_bf353c56.mp4,/content/drive/MyDrive/all dataset/homework/person9/homework_1_aug_bf353c56.mp4,0
homework,person9,homework_1_aug_7db15b87.mp4,/content/drive/MyDrive/all dataset/homework/person9/homework_1_aug_7db15b87.mp4,0
homework,person9,homework_1_aug_d35b1c38.mp4,/content/drive/MyDrive/all dataset/homework/person9/homework_1_aug_d35b1c38.mp4,0
homework,person9,homework_1_aug_561d3e18.mp4,/content/drive/MyDrive/all dataset/homework/person9/homework_1_aug_561d3e18.mp4,0
homework,person9,homework_1_aug_f51a7663.mp4,/content/drive/MyDrive/all dataset/homework/person9/homework_1_aug_f51a7663.mp4,0
homework,person9,homework_1_aug_26110bea.mp4,/content/drive/MyDrive/all dataset/homework/person9/homework_1_aug_26110bea.mp4,0
hospital,person1,hospital_1.mp4,/content/drive/MyDrive/all dataset/hospital/person1/hospital_1.mp4,0
hospital,person1,hospital_1_aug_1.mp4,/content/drive/MyDrive/all dataset/hospital/person1/hospital_1_aug_1.mp4,0
hospital,person1,hospital_1_aug_2.mp4,/content/drive/MyDrive/all dataset/hospital/person1/hospital_1_aug_2.mp4,0
hospital,person1,hospital_1_aug_3.mp4,/content/drive/MyDrive/all dataset/hospital/person1/hospital_1_aug_3.mp4,0
hospital,person1,hospital_1_aug_4.mp4,/content/drive/MyDrive/all dataset/hospital/person1/hospital_1_aug_4.mp4,0
hospital,person1,hospital_1_aug_5.mp4,/content/drive/MyDrive/all dataset/hospital/person1/hospital_1_aug_5.mp4,0
hospital,person1,hospital_1_aug_6.mp4,/content/drive/MyDrive/all dataset/hospital/person1/hospital_1_aug_6.mp4,0
hospital,person1,hospital_1_aug_9.mp4,/content/drive/MyDrive/all dataset/hospital/person1/hospital_1_aug_9.mp4,0
hospital,person1,hospital_1_aug_10.mp4,/content/drive/MyDrive/all dataset/hospital/person1/hospital_1_aug_10.mp4,0
hospital,person1,hospital_1_aug_11.mp4,/content/drive/MyDrive/all dataset/hospital/person1/hospital_1_aug_11.mp4,0
hospital,person1,hospital_1_aug1.mp4,/content/drive/MyDrive/all dataset/hospital/person1/hospital_1_aug1.mp4,0
hospital,person1,hospital_1_aug_3ec07024.mp4,/content/drive/MyDrive/all dataset/hospital/person1/hospital_1_aug_3ec07024.mp4,0
hospital,person1,hospital_1_aug_1682cdde.mp4,/content/drive/MyDrive/all dataset/hospital/person1/hospital_1_aug_1682cdde.mp4,0
hospital,person1,hospital_1_aug_e86a19b3.mp4,/content/drive/MyDrive/all dataset/hospital/person1/hospital_1_aug_e86a19b3.mp4,0
hospital,person1,hospital_1_aug_0d1e05d4.mp4,/content/drive/MyDrive/all dataset/hospital/person1/hospital_1_aug_0d1e05d4.mp4,0
hospital,person1,hospital_1_aug_d89f0194.mp4,/content/drive/MyDrive/all dataset/hospital/person1/hospital_1_aug_d89f0194.mp4,0
hospital,person1,hospital_1_aug_d01d0a49.mp4,/content/drive/MyDrive/all dataset/hospital/person1/hospital_1_aug_d01d0a49.mp4,0
hospital,person1,hospital_1_aug_8371bd4e.mp4,/content/drive/MyDrive/all dataset/hospital/person1/hospital_1_aug_8371bd4e.mp4,0
hospital,person1,hospital_1_aug_db538c6a.mp4,/content/drive/MyDrive/all dataset/hospital/person1/hospital_1_aug_db538c6a.mp4,0
hospital,person1,hospital_1_aug_a6396a43.mp4,/content/drive/MyDrive/all dataset/hospital/person1/hospital_1_aug_a6396a43.mp4,0
hospital,person2,hospital_2.mp4,/content/drive/MyDrive/all dataset/hospital/person2/hospital_2.mp4,0
hospital,person2,hospital_2_aug_1.mp4,/content/drive/MyDrive/all dataset/hospital/person2/hospital_2_aug_1.mp4,0
hospital,person2,hospital_2_aug_3.mp4,/content/drive/MyDrive/all dataset/hospital/person2/hospital_2_aug_3.mp4,0
hospital,person2,hospital_2_aug_4.mp4,/content/drive/MyDrive/all dataset/hospital/person2/hospital_2_aug_4.mp4,0
hospital,person2,hospital_2_aug_5.mp4,/content/drive/MyDrive/all dataset/hospital/person2/hospital_2_aug_5.mp4,0
hospital,person2,hospital_2_aug_6.mp4,/content/drive/MyDrive/all dataset/hospital/person2/hospital_2_aug_6.mp4,0
hospital,person2,hospital_2_aug_7.mp4,/content/drive/MyDrive/all dataset/hospital/person2/hospital_2_aug_7.mp4,0
hospital,person2,hospital_2_aug_9.mp4,/content/drive/MyDrive/all dataset/hospital/person2/hospital_2_aug_9.mp4,0
hospital,person2,hospital_2_aug_11.mp4,/content/drive/MyDrive/all dataset/hospital/person2/hospital_2_aug_11.mp4,0
hospital,person2,hospital_10.mp4,/content/drive/MyDrive/all dataset/hospital/person2/hospital_10.mp4,0
hospital,person2,hospital_10_aug1.mp4,/content/drive/MyDrive/all dataset/hospital/person2/hospital_10_aug1.mp4,0
hospital,person2,hospital_2_aug1.mp4,/content/drive/MyDrive/all dataset/hospital/person2/hospital_2_aug1.mp4,0
hospital,person2,hospital_10_aug_2003a4c3.mp4,/content/drive/MyDrive/all dataset/hospital/person2/hospital_10_aug_2003a4c3.mp4,0
hospital,person2,hospital_2_aug_15fef099.mp4,/content/drive/MyDrive/all dataset/hospital/person2/hospital_2_aug_15fef099.mp4,0
hospital,person2,hospital_10_aug_f90b02fc.mp4,/content/drive/MyDrive/all dataset/hospital/person2/hospital_10_aug_f90b02fc.mp4,0
hospital,person2,hospital_2_aug_29b242b6.mp4,/content/drive/MyDrive/all dataset/hospital/person2/hospital_2_aug_29b242b6.mp4,0
hospital,person2,hospital_10_aug_c08c8fb8.mp4,/content/drive/MyDrive/all dataset/hospital/person2/hospital_10_aug_c08c8fb8.mp4,0
hospital,person2,hospital_2_aug_670280a4.mp4,/content/drive/MyDrive/all dataset/hospital/person2/hospital_2_aug_670280a4.mp4,0
hospital,person2,hospital_10_aug_e31f50cb.mp4,/content/drive/MyDrive/all dataset/hospital/person2/hospital_10_aug_e31f50cb.mp4,0
hospital,person2,hospital_2_aug_9339a204.mp4,/content/drive/MyDrive/all dataset/hospital/person2/hospital_2_aug_9339a204.mp4,0
hospital,person3,hospital_3.mp4,/content/drive/MyDrive/all dataset/hospital/person3/hospital_3.mp4,0
hospital,person3,hospital_3_aug_1.mp4,/content/drive/MyDrive/all dataset/hospital/person3/hospital_3_aug_1.mp4,0
hospital,person3,hospital_3_aug_2.mp4,/content/drive/MyDrive/all dataset/hospital/person3/hospital_3_aug_2.mp4,0
hospital,person3,hospital_3_aug_3.mp4,/content/drive/MyDrive/all dataset/hospital/person3/hospital_3_aug_3.mp4,0
hospital,person3,hospital_3_aug_4.mp4,/content/drive/MyDrive/all dataset/hospital/person3/hospital_3_aug_4.mp4,0
hospital,person3,hospital_3_aug_5.mp4,/content/drive/MyDrive/all dataset/hospital/person3/hospital_3_aug_5.mp4,0
hospital,person3,hospital_3_aug_6.mp4,/content/drive/MyDrive/all dataset/hospital/person3/hospital_3_aug_6.mp4,0
hospital,person3,hospital_3_aug_7.mp4,/content/drive/MyDrive/all dataset/hospital/person3/hospital_3_aug_7.mp4,0
hospital,person3,hospital_3_aug_9.mp4,/content/drive/MyDrive/all dataset/hospital/person3/hospital_3_aug_9.mp4,0
hospital,person3,hospital_3_aug_10.mp4,/content/drive/MyDrive/all dataset/hospital/person3/hospital_3_aug_10.mp4,0
hospital,person3,hospital_3_aug1.mp4,/content/drive/MyDrive/all dataset/hospital/person3/hospital_3_aug1.mp4,0
hospital,person3,hospital_3_aug_50444760.mp4,/content/drive/MyDrive/all dataset/hospital/person3/hospital_3_aug_50444760.mp4,0
hospital,person3,hospital_3_aug_47a535cd.mp4,/content/drive/MyDrive/all dataset/hospital/person3/hospital_3_aug_47a535cd.mp4,0
hospital,person3,hospital_3_aug_d2840943.mp4,/content/drive/MyDrive/all dataset/hospital/person3/hospital_3_aug_d2840943.mp4,0
hospital,person3,hospital_3_aug_0e33e809.mp4,/content/drive/MyDrive/all dataset/hospital/person3/hospital_3_aug_0e33e809.mp4,0
hospital,person3,hospital_3_aug_df246231.mp4,/content/drive/MyDrive/all dataset/hospital/person3/hospital_3_aug_df246231.mp4,0
hospital,person3,hospital_3_aug_61095d20.mp4,/content/drive/MyDrive/all dataset/hospital/person3/hospital_3_aug_61095d20.mp4,0
hospital,person3,hospital_3_aug_55e60fd8.mp4,/content/drive/MyDrive/all dataset/hospital/person3/hospital_3_aug_55e60fd8.mp4,0
hospital,person3,hospital_3_aug_98811119.mp4,/content/drive/MyDrive/all dataset/hospital/person3/hospital_3_aug_98811119.mp4,0
hospital,person3,hospital_3_aug_0f82f9a7.mp4,/content/drive/MyDrive/all dataset/hospital/person3/hospital_3_aug_0f82f9a7.mp4,0
hospital,person4,hospital_4.mp4,/content/drive/MyDrive/all dataset/hospital/person4/hospital_4.mp4,0
hospital,person4,hospital_4_aug_1.mp4,/content/drive/MyDrive/all dataset/hospital/person4/hospital_4_aug_1.mp4,0
hospital,person4,hospital_4_aug_2.mp4,/content/drive/MyDrive/all dataset/hospital/person4/hospital_4_aug_2.mp4,0
hospital,person4,hospital_4_aug_3.mp4,/content/drive/MyDrive/all dataset/hospital/person4/hospital_4_aug_3.mp4,0
hospital,person4,hospital_4_aug_4.mp4,/content/drive/MyDrive/all dataset/hospital/person4/hospital_4_aug_4.mp4,0
hospital,person4,hospital_4_aug_6.mp4,/content/drive/MyDrive/all dataset/hospital/person4/hospital_4_aug_6.mp4,0
hospital,person4,hospital_4_aug_8.mp4,/content/drive/MyDrive/all dataset/hospital/person4/hospital_4_aug_8.mp4,0
hospital,person4,hospital_4_aug_9.mp4,/content/drive/MyDrive/all dataset/hospital/person4/hospital_4_aug_9.mp4,0
hospital,person4,hospital_4_aug_10.mp4,/content/drive/MyDrive/all dataset/hospital/person4/hospital_4_aug_10.mp4,0
hospital,person4,hospital_11.mp4,/content/drive/MyDrive/all dataset/hospital/person4/hospital_11.mp4,0
hospital,person4,hospital_11_aug1.mp4,/content/drive/MyDrive/all dataset/hospital/person4/hospital_11_aug1.mp4,0
hospital,person4,hospital_4_aug1.mp4,/content/drive/MyDrive/all dataset/hospital/person4/hospital_4_aug1.mp4,0
hospital,person4,hospital_11_aug_49ebd61d.mp4,/content/drive/MyDrive/all dataset/hospital/person4/hospital_11_aug_49ebd61d.mp4,0
hospital,person4,hospital_4_aug_1e13243b.mp4,/content/drive/MyDrive/all dataset/hospital/person4/hospital_4_aug_1e13243b.mp4,0
hospital,person4,hospital_11_aug_2a4123c3.mp4,/content/drive/MyDrive/all dataset/hospital/person4/hospital_11_aug_2a4123c3.mp4,0
hospital,person4,hospital_4_aug_ef1351ce.mp4,/content/drive/MyDrive/all dataset/hospital/person4/hospital_4_aug_ef1351ce.mp4,0
hospital,person4,hospital_11_aug_3683cdc7.mp4,/content/drive/MyDrive/all dataset/hospital/person4/hospital_11_aug_3683cdc7.mp4,0
hospital,person4,hospital_4_aug_a939bac3.mp4,/content/drive/MyDrive/all dataset/hospital/person4/hospital_4_aug_a939bac3.mp4,0
hospital,person4,hospital_11_aug_d5a7195a.mp4,/content/drive/MyDrive/all dataset/hospital/person4/hospital_11_aug_d5a7195a.mp4,0
hospital,person4,hospital_4_aug_19db0049.mp4,/content/drive/MyDrive/all dataset/hospital/person4/hospital_4_aug_19db0049.mp4,0
hospital,person5,hospital_5.mp4,/content/drive/MyDrive/all dataset/hospital/person5/hospital_5.mp4,0
hospital,person5,hospital_5_aug_1.mp4,/content/drive/MyDrive/all dataset/hospital/person5/hospital_5_aug_1.mp4,0
hospital,person5,hospital_5_aug_2.mp4,/content/drive/MyDrive/all dataset/hospital/person5/hospital_5_aug_2.mp4,0
hospital,person5,hospital_5_aug_3.mp4,/content/drive/MyDrive/all dataset/hospital/person5/hospital_5_aug_3.mp4,0
hospital,person5,hospital_5_aug_4.mp4,/content/drive/MyDrive/all dataset/hospital/person5/hospital_5_aug_4.mp4,0
hospital,person5,hospital_5_aug_5.mp4,/content/drive/MyDrive/all dataset/hospital/person5/hospital_5_aug_5.mp4,0
hospital,person5,hospital_5_aug_6.mp4,/content/drive/MyDrive/all dataset/hospital/person5/hospital_5_aug_6.mp4,0
hospital,person5,hospital_5_aug_7.mp4,/content/drive/MyDrive/all dataset/hospital/person5/hospital_5_aug_7.mp4,0
hospital,person5,hospital_5_aug_9.mp4,/content/drive/MyDrive/all dataset/hospital/person5/hospital_5_aug_9.mp4,0
hospital,person5,hospital_5_aug_11.mp4,/content/drive/MyDrive/all dataset/hospital/person5/hospital_5_aug_11.mp4,0
hospital,person5,hospital_5_aug1.mp4,/content/drive/MyDrive/all dataset/hospital/person5/hospital_5_aug1.mp4,0
hospital,person5,hospital_5_aug_abce7e3c.mp4,/content/drive/MyDrive/all dataset/hospital/person5/hospital_5_aug_abce7e3c.mp4,0
hospital,person5,hospital_5_aug_59ca385e.mp4,/content/drive/MyDrive/all dataset/hospital/person5/hospital_5_aug_59ca385e.mp4,0
hospital,person5,hospital_5_aug_5dcf43dc.mp4,/content/drive/MyDrive/all dataset/hospital/person5/hospital_5_aug_5dcf43dc.mp4,0
hospital,person5,hospital_5_aug_52f6f913.mp4,/content/drive/MyDrive/all dataset/hospital/person5/hospital_5_aug_52f6f913.mp4,0
hospital,person5,hospital_5_aug_d8015bee.mp4,/content/drive/MyDrive/all dataset/hospital/person5/hospital_5_aug_d8015bee.mp4,0
hospital,person5,hospital_5_aug_e146575e.mp4,/content/drive/MyDrive/all dataset/hospital/person5/hospital_5_aug_e146575e.mp4,0
hospital,person5,hospital_5_aug_e3561dc4.mp4,/content/drive/MyDrive/all dataset/hospital/person5/hospital_5_aug_e3561dc4.mp4,0
hospital,person5,hospital_5_aug_b6badce8.mp4,/content/drive/MyDrive/all dataset/hospital/person5/hospital_5_aug_b6badce8.mp4,0
hospital,person5,hospital_5_aug_c5bc9206.mp4,/content/drive/MyDrive/all dataset/hospital/person5/hospital_5_aug_c5bc9206.mp4,0
hospital,person6,hospital_6.mp4,/content/drive/MyDrive/all dataset/hospital/person6/hospital_6.mp4,0
hospital,person6,hospital_6_aug_1.mp4,/content/drive/MyDrive/all dataset/hospital/person6/hospital_6_aug_1.mp4,0
hospital,person6,hospital_6_aug_3.mp4,/content/drive/MyDrive/all dataset/hospital/person6/hospital_6_aug_3.mp4,0
hospital,person6,hospital_6_aug_4.mp4,/content/drive/MyDrive/all dataset/hospital/person6/hospital_6_aug_4.mp4,0
hospital,person6,hospital_6_aug_6.mp4,/content/drive/MyDrive/all dataset/hospital/person6/hospital_6_aug_6.mp4,0
hospital,person6,hospital_6_aug_7.mp4,/content/drive/MyDrive/all dataset/hospital/person6/hospital_6_aug_7.mp4,0
hospital,person6,hospital_6_aug_8.mp4,/content/drive/MyDrive/all dataset/hospital/person6/hospital_6_aug_8.mp4,0
hospital,person6,hospital_6_aug_9.mp4,/content/drive/MyDrive/all dataset/hospital/person6/hospital_6_aug_9.mp4,0
hospital,person6,hospital_6_aug_10.mp4,/content/drive/MyDrive/all dataset/hospital/person6/hospital_6_aug_10.mp4,0
hospital,person6,hospital_6_aug_11.mp4,/content/drive/MyDrive/all dataset/hospital/person6/hospital_6_aug_11.mp4,0
hospital,person6,hospital_6_aug1.mp4,/content/drive/MyDrive/all dataset/hospital/person6/hospital_6_aug1.mp4,0
hospital,person6,hospital_6_aug_e9e51b0d.mp4,/content/drive/MyDrive/all dataset/hospital/person6/hospital_6_aug_e9e51b0d.mp4,0
hospital,person6,hospital_6_aug_663fbc05.mp4,/content/drive/MyDrive/all dataset/hospital/person6/hospital_6_aug_663fbc05.mp4,0
hospital,person6,hospital_6_aug_cd9bf7bf.mp4,/content/drive/MyDrive/all dataset/hospital/person6/hospital_6_aug_cd9bf7bf.mp4,0
hospital,person6,hospital_6_aug_370391b6.mp4,/content/drive/MyDrive/all dataset/hospital/person6/hospital_6_aug_370391b6.mp4,0
hospital,person6,hospital_6_aug_56f972d2.mp4,/content/drive/MyDrive/all dataset/hospital/person6/hospital_6_aug_56f972d2.mp4,0
hospital,person6,hospital_6_aug_6e32d2ce.mp4,/content/drive/MyDrive/all dataset/hospital/person6/hospital_6_aug_6e32d2ce.mp4,0
hospital,person6,hospital_6_aug_0563540f.mp4,/content/drive/MyDrive/all dataset/hospital/person6/hospital_6_aug_0563540f.mp4,0
hospital,person6,hospital_6_aug_b8cabdc7.mp4,/content/drive/MyDrive/all dataset/hospital/person6/hospital_6_aug_b8cabdc7.mp4,0
hospital,person6,hospital_6_aug_a09594fe.mp4,/content/drive/MyDrive/all dataset/hospital/person6/hospital_6_aug_a09594fe.mp4,0
hospital,person7,hospital_7_aug_2.mp4,/content/drive/MyDrive/all dataset/hospital/person7/hospital_7_aug_2.mp4,0
hospital,person7,hospital_7_aug_3.mp4,/content/drive/MyDrive/all dataset/hospital/person7/hospital_7_aug_3.mp4,0
hospital,person7,hospital_7_aug_4.mp4,/content/drive/MyDrive/all dataset/hospital/person7/hospital_7_aug_4.mp4,0
hospital,person7,hospital_7_aug_5.mp4,/content/drive/MyDrive/all dataset/hospital/person7/hospital_7_aug_5.mp4,0
hospital,person7,hospital_7_aug_6.mp4,/content/drive/MyDrive/all dataset/hospital/person7/hospital_7_aug_6.mp4,0
hospital,person7,hospital_7_aug_7.mp4,/content/drive/MyDrive/all dataset/hospital/person7/hospital_7_aug_7.mp4,0
hospital,person7,hospital_7_aug_8.mp4,/content/drive/MyDrive/all dataset/hospital/person7/hospital_7_aug_8.mp4,0
hospital,person7,hospital_7_aug_9.mp4,/content/drive/MyDrive/all dataset/hospital/person7/hospital_7_aug_9.mp4,0
hospital,person7,hospital_7_aug_10.mp4,/content/drive/MyDrive/all dataset/hospital/person7/hospital_7_aug_10.mp4,0
hospital,person7,hospital_7_aug_11.mp4,/content/drive/MyDrive/all dataset/hospital/person7/hospital_7_aug_11.mp4,0
hospital,person7,hospital_7_aug_10_aug_359bfc72.mp4,/content/drive/MyDrive/all dataset/hospital/person7/hospital_7_aug_10_aug_359bfc72.mp4,0
hospital,person7,hospital_7_aug_11_aug_42e91c7d.mp4,/content/drive/MyDrive/all dataset/hospital/person7/hospital_7_aug_11_aug_42e91c7d.mp4,0
hospital,person7,hospital_7_aug_2_aug_c3075a15.mp4,/content/drive/MyDrive/all dataset/hospital/person7/hospital_7_aug_2_aug_c3075a15.mp4,0
hospital,person7,hospital_7_aug_3_aug_bccf0e46.mp4,/content/drive/MyDrive/all dataset/hospital/person7/hospital_7_aug_3_aug_bccf0e46.mp4,0
hospital,person7,hospital_7_aug_4_aug_19bd5271.mp4,/content/drive/MyDrive/all dataset/hospital/person7/hospital_7_aug_4_aug_19bd5271.mp4,0
hospital,person7,hospital_7_aug_5_aug_1acb81ae.mp4,/content/drive/MyDrive/all dataset/hospital/person7/hospital_7_aug_5_aug_1acb81ae.mp4,0
hospital,person7,hospital_7_aug_6_aug_2b4a62c1.mp4,/content/drive/MyDrive/all dataset/hospital/person7/hospital_7_aug_6_aug_2b4a62c1.mp4,0
hospital,person7,hospital_7_aug_7_aug_5d2717b1.mp4,/content/drive/MyDrive/all dataset/hospital/person7/hospital_7_aug_7_aug_5d2717b1.mp4,0
hospital,person7,hospital_7_aug_8_aug_a7950e20.mp4,/content/drive/MyDrive/all dataset/hospital/person7/hospital_7_aug_8_aug_a7950e20.mp4,0
hospital,person7,hospital_7_aug_9_aug_3c3e201d.mp4,/content/drive/MyDrive/all dataset/hospital/person7/hospital_7_aug_9_aug_3c3e201d.mp4,0
hospital,person8,hospital_8.mp4,/content/drive/MyDrive/all dataset/hospital/person8/hospital_8.mp4,0
hospital,person8,hospital_8_aug_1.mp4,/content/drive/MyDrive/all dataset/hospital/person8/hospital_8_aug_1.mp4,0
hospital,person8,hospital_8_aug_2.mp4,/content/drive/MyDrive/all dataset/hospital/person8/hospital_8_aug_2.mp4,0
hospital,person8,hospital_8_aug_4.mp4,/content/drive/MyDrive/all dataset/hospital/person8/hospital_8_aug_4.mp4,0
hospital,person8,hospital_8_aug_5.mp4,/content/drive/MyDrive/all dataset/hospital/person8/hospital_8_aug_5.mp4,0
hospital,person8,hospital_8_aug_6.mp4,/content/drive/MyDrive/all dataset/hospital/person8/hospital_8_aug_6.mp4,0
hospital,person8,hospital_8_aug_8.mp4,/content/drive/MyDrive/all dataset/hospital/person8/hospital_8_aug_8.mp4,0
hospital,person8,hospital_8_aug_9.mp4,/content/drive/MyDrive/all dataset/hospital/person8/hospital_8_aug_9.mp4,0
hospital,person8,hospital_8_aug_10.mp4,/content/drive/MyDrive/all dataset/hospital/person8/hospital_8_aug_10.mp4,0
hospital,person8,hospital_12.mp4,/content/drive/MyDrive/all dataset/hospital/person8/hospital_12.mp4,0
hospital,person8,hospital_12_aug1.mp4,/content/drive/MyDrive/all dataset/hospital/person8/hospital_12_aug1.mp4,0
hospital,person8,hospital_8_aug1.mp4,/content/drive/MyDrive/all dataset/hospital/person8/hospital_8_aug1.mp4,0
hospital,person8,hospital_12_aug_fb9b8d2d.mp4,/content/drive/MyDrive/all dataset/hospital/person8/hospital_12_aug_fb9b8d2d.mp4,0
hospital,person8,hospital_8_aug_50228613.mp4,/content/drive/MyDrive/all dataset/hospital/person8/hospital_8_aug_50228613.mp4,0
hospital,person8,hospital_12_aug_a1265be4.mp4,/content/drive/MyDrive/all dataset/hospital/person8/hospital_12_aug_a1265be4.mp4,0
hospital,person8,hospital_8_aug_cbb67edb.mp4,/content/drive/MyDrive/all dataset/hospital/person8/hospital_8_aug_cbb67edb.mp4,0
hospital,person8,hospital_12_aug_90784b3e.mp4,/content/drive/MyDrive/all dataset/hospital/person8/hospital_12_aug_90784b3e.mp4,0
hospital,person8,hospital_8_aug_97291831.mp4,/content/drive/MyDrive/all dataset/hospital/person8/hospital_8_aug_97291831.mp4,0
hospital,person8,hospital_12_aug_54cd85a5.mp4,/content/drive/MyDrive/all dataset/hospital/person8/hospital_12_aug_54cd85a5.mp4,0
hospital,person8,hospital_8_aug_34dc4753.mp4,/content/drive/MyDrive/all dataset/hospital/person8/hospital_8_aug_34dc4753.mp4,0
hospital,person9,hospital_9_aug_1.mp4,/content/drive/MyDrive/all dataset/hospital/person9/hospital_9_aug_1.mp4,0
hospital,person9,hospital_9_aug_2.mp4,/content/drive/MyDrive/all dataset/hospital/person9/hospital_9_aug_2.mp4,0
hospital,person9,hospital_9_aug_3.mp4,/content/drive/MyDrive/all dataset/hospital/person9/hospital_9_aug_3.mp4,0
hospital,person9,hospital_9_aug_4.mp4,/content/drive/MyDrive/all dataset/hospital/person9/hospital_9_aug_4.mp4,0
hospital,person9,hospital_9_aug_5.mp4,/content/drive/MyDrive/all dataset/hospital/person9/hospital_9_aug_5.mp4,0
hospital,person9,hospital_9_aug_6.mp4,/content/drive/MyDrive/all dataset/hospital/person9/hospital_9_aug_6.mp4,0
hospital,person9,hospital_9_aug_7.mp4,/content/drive/MyDrive/all dataset/hospital/person9/hospital_9_aug_7.mp4,0
hospital,person9,hospital_9_aug_8.mp4,/content/drive/MyDrive/all dataset/hospital/person9/hospital_9_aug_8.mp4,0
hospital,person9,hospital_9_aug_10.mp4,/content/drive/MyDrive/all dataset/hospital/person9/hospital_9_aug_10.mp4,0
hospital,person9,hospital_9_aug_11.mp4,/content/drive/MyDrive/all dataset/hospital/person9/hospital_9_aug_11.mp4,0
hospital,person9,hospital_9_aug_1_aug_8f611636.mp4,/content/drive/MyDrive/all dataset/hospital/person9/hospital_9_aug_1_aug_8f611636.mp4,0
hospital,person9,hospital_9_aug_10_aug_283518cd.mp4,/content/drive/MyDrive/all dataset/hospital/person9/hospital_9_aug_10_aug_283518cd.mp4,0
hospital,person9,hospital_9_aug_11_aug_ff66c378.mp4,/content/drive/MyDrive/all dataset/hospital/person9/hospital_9_aug_11_aug_ff66c378.mp4,0
hospital,person9,hospital_9_aug_2_aug_f206bb92.mp4,/content/drive/MyDrive/all dataset/hospital/person9/hospital_9_aug_2_aug_f206bb92.mp4,0
hospital,person9,hospital_9_aug_3_aug_6b324f14.mp4,/content/drive/MyDrive/all dataset/hospital/person9/hospital_9_aug_3_aug_6b324f14.mp4,0
hospital,person9,hospital_9_aug_4_aug_521e014d.mp4,/content/drive/MyDrive/all dataset/hospital/person9/hospital_9_aug_4_aug_521e014d.mp4,0
hospital,person9,hospital_9_aug_5_aug_c000ccf7.mp4,/content/drive/MyDrive/all dataset/hospital/person9/hospital_9_aug_5_aug_c000ccf7.mp4,0
hospital,person9,hospital_9_aug_6_aug_f701bb7a.mp4,/content/drive/MyDrive/all dataset/hospital/person9/hospital_9_aug_6_aug_f701bb7a.mp4,0
hospital,person9,hospital_9_aug_7_aug_8591d5f5.mp4,/content/drive/MyDrive/all dataset/hospital/person9/hospital_9_aug_7_aug_8591d5f5.mp4,0
hospital,person9,hospital_9_aug_8_aug_bb5e67d3.mp4,/content/drive/MyDrive/all dataset/hospital/person9/hospital_9_aug_8_aug_bb5e67d3.mp4,0
institution,person1,institution_1.mp4,/content/drive/MyDrive/all dataset/institution/person1/institution_1.mp4,0
institution,person1,institution_1_aug_1.mp4,/content/drive/MyDrive/all dataset/institution/person1/institution_1_aug_1.mp4,0
institution,person1,institution_1_aug_2.mp4,/content/drive/MyDrive/all dataset/institution/person1/institution_1_aug_2.mp4,0
institution,person1,institution_1_aug_3.mp4,/content/drive/MyDrive/all dataset/institution/person1/institution_1_aug_3.mp4,0
institution,person1,institution_1_aug_4.mp4,/content/drive/MyDrive/all dataset/institution/person1/institution_1_aug_4.mp4,0
institution,person1,institution_1_aug_6.mp4,/content/drive/MyDrive/all dataset/institution/person1/institution_1_aug_6.mp4,0
institution,person1,institution_1_aug_8.mp4,/content/drive/MyDrive/all dataset/institution/person1/institution_1_aug_8.mp4,0
institution,person1,institution_1_aug_9.mp4,/content/drive/MyDrive/all dataset/institution/person1/institution_1_aug_9.mp4,0
institution,person1,institution_1_aug_11.mp4,/content/drive/MyDrive/all dataset/institution/person1/institution_1_aug_11.mp4,0
institution,person1,institution_1_aug_14.mp4,/content/drive/MyDrive/all dataset/institution/person1/institution_1_aug_14.mp4,0
institution,person1,institution_1_aug1.mp4,/content/drive/MyDrive/all dataset/institution/person1/institution_1_aug1.mp4,0
institution,person1,institution_1_aug_a096686e.mp4,/content/drive/MyDrive/all dataset/institution/person1/institution_1_aug_a096686e.mp4,0
institution,person1,institution_1_aug_a9b8665e.mp4,/content/drive/MyDrive/all dataset/institution/person1/institution_1_aug_a9b8665e.mp4,0
institution,person1,institution_1_aug_15a90e1d.mp4,/content/drive/MyDrive/all dataset/institution/person1/institution_1_aug_15a90e1d.mp4,0
institution,person1,institution_1_aug_b15755ae.mp4,/content/drive/MyDrive/all dataset/institution/person1/institution_1_aug_b15755ae.mp4,0
institution,person1,institution_1_aug_2015d737.mp4,/content/drive/MyDrive/all dataset/institution/person1/institution_1_aug_2015d737.mp4,0
institution,person1,institution_1_aug_95eefdc3.mp4,/content/drive/MyDrive/all dataset/institution/person1/institution_1_aug_95eefdc3.mp4,0
institution,person1,institution_1_aug_535d71fc.mp4,/content/drive/MyDrive/all dataset/institution/person1/institution_1_aug_535d71fc.mp4,0
institution,person1,institution_1_aug_cee71cfa.mp4,/content/drive/MyDrive/all dataset/institution/person1/institution_1_aug_cee71cfa.mp4,0
institution,person1,institution_1_aug_f0718fc5.mp4,/content/drive/MyDrive/all dataset/institution/person1/institution_1_aug_f0718fc5.mp4,0
institution,person2,institution_1.mp4,/content/drive/MyDrive/all dataset/institution/person2/institution_1.mp4,0
institution,person2,institution_1_aug_1.mp4,/content/drive/MyDrive/all dataset/institution/person2/institution_1_aug_1.mp4,0
institution,person2,institution_1_aug_4.mp4,/content/drive/MyDrive/all dataset/institution/person2/institution_1_aug_4.mp4,0
institution,person2,institution_1_aug_5.mp4,/content/drive/MyDrive/all dataset/institution/person2/institution_1_aug_5.mp4,0
institution,person2,institution_1_aug_7.mp4,/content/drive/MyDrive/all dataset/institution/person2/institution_1_aug_7.mp4,0
institution,person2,institution_1_aug_8.mp4,/content/drive/MyDrive/all dataset/institution/person2/institution_1_aug_8.mp4,0
institution,person2,institution_1_aug_9.mp4,/content/drive/MyDrive/all dataset/institution/person2/institution_1_aug_9.mp4,0
institution,person2,institution_1_aug_11.mp4,/content/drive/MyDrive/all dataset/institution/person2/institution_1_aug_11.mp4,0
institution,person2,institution_1_aug_12.mp4,/content/drive/MyDrive/all dataset/institution/person2/institution_1_aug_12.mp4,0
institution,person2,institution_1_aug_13.mp4,/content/drive/MyDrive/all dataset/institution/person2/institution_1_aug_13.mp4,0
institution,person2,institution_1_aug1.mp4,/content/drive/MyDrive/all dataset/institution/person2/institution_1_aug1.mp4,0
institution,person2,institution_1_aug_77044354.mp4,/content/drive/MyDrive/all dataset/institution/person2/institution_1_aug_77044354.mp4,0
institution,person2,institution_1_aug_8b17a57a.mp4,/content/drive/MyDrive/all dataset/institution/person2/institution_1_aug_8b17a57a.mp4,0
institution,person2,institution_1_aug_3738198a.mp4,/content/drive/MyDrive/all dataset/institution/person2/institution_1_aug_3738198a.mp4,0
institution,person2,institution_1_aug_0d0c2fc0.mp4,/content/drive/MyDrive/all dataset/institution/person2/institution_1_aug_0d0c2fc0.mp4,0
institution,person2,institution_1_aug_ee21de11.mp4,/content/drive/MyDrive/all dataset/institution/person2/institution_1_aug_ee21de11.mp4,0
institution,person2,institution_1_aug_7763edd7.mp4,/content/drive/MyDrive/all dataset/institution/person2/institution_1_aug_7763edd7.mp4,0
institution,person2,institution_1_aug_697b3246.mp4,/content/drive/MyDrive/all dataset/institution/person2/institution_1_aug_697b3246.mp4,0
institution,person2,institution_1_aug_730f65ce.mp4,/content/drive/MyDrive/all dataset/institution/person2/institution_1_aug_730f65ce.mp4,0
institution,person2,institution_1_aug_2cab75de.mp4,/content/drive/MyDrive/all dataset/institution/person2/institution_1_aug_2cab75de.mp4,0
institution,person3,institution_1_aug_2.mp4,/content/drive/MyDrive/all dataset/institution/person3/institution_1_aug_2.mp4,0
institution,person3,institution_1_aug_4.mp4,/content/drive/MyDrive/all dataset/institution/person3/institution_1_aug_4.mp4,0
institution,person3,institution_1_aug_5.mp4,/content/drive/MyDrive/all dataset/institution/person3/institution_1_aug_5.mp4,0
institution,person3,institution_1_aug_6.mp4,/content/drive/MyDrive/all dataset/institution/person3/institution_1_aug_6.mp4,0
institution,person3,institution_1_aug_9.mp4,/content/drive/MyDrive/all dataset/institution/person3/institution_1_aug_9.mp4,0
institution,person3,institution_1_aug_8.mp4,/content/drive/MyDrive/all dataset/institution/person3/institution_1_aug_8.mp4,0
institution,person3,institution_1_aug_11.mp4,/content/drive/MyDrive/all dataset/institution/person3/institution_1_aug_11.mp4,0
institution,person3,institution_1_aug_13.mp4,/content/drive/MyDrive/all dataset/institution/person3/institution_1_aug_13.mp4,0
institution,person3,institution_1_aug_12.mp4,/content/drive/MyDrive/all dataset/institution/person3/institution_1_aug_12.mp4,0
institution,person3,institution_1_aug_14.mp4,/content/drive/MyDrive/all dataset/institution/person3/institution_1_aug_14.mp4,0
institution,person3,institution_1_aug_11_aug_e74daace.mp4,/content/drive/MyDrive/all dataset/institution/person3/institution_1_aug_11_aug_e74daace.mp4,0
institution,person3,institution_1_aug_12_aug_3d858bc1.mp4,/content/drive/MyDrive/all dataset/institution/person3/institution_1_aug_12_aug_3d858bc1.mp4,0
institution,person3,institution_1_aug_13_aug_f102dd3a.mp4,/content/drive/MyDrive/all dataset/institution/person3/institution_1_aug_13_aug_f102dd3a.mp4,0
institution,person3,institution_1_aug_14_aug_6a400bb4.mp4,/content/drive/MyDrive/all dataset/institution/person3/institution_1_aug_14_aug_6a400bb4.mp4,0
institution,person3,institution_1_aug_2_aug_edfba098.mp4,/content/drive/MyDrive/all dataset/institution/person3/institution_1_aug_2_aug_edfba098.mp4,0
institution,person3,institution_1_aug_4_aug_57f3ed14.mp4,/content/drive/MyDrive/all dataset/institution/person3/institution_1_aug_4_aug_57f3ed14.mp4,0
institution,person3,institution_1_aug_5_aug_296dbf94.mp4,/content/drive/MyDrive/all dataset/institution/person3/institution_1_aug_5_aug_296dbf94.mp4,0
institution,person3,institution_1_aug_6_aug_089f9e47.mp4,/content/drive/MyDrive/all dataset/institution/person3/institution_1_aug_6_aug_089f9e47.mp4,0
institution,person3,institution_1_aug_8_aug_79edc56e.mp4,/content/drive/MyDrive/all dataset/institution/person3/institution_1_aug_8_aug_79edc56e.mp4,0
institution,person3,institution_1_aug_9_aug_e8e6f42a.mp4,/content/drive/MyDrive/all dataset/institution/person3/institution_1_aug_9_aug_e8e6f42a.mp4,0
institution,person4,institution_1_aug_1.mp4,/content/drive/MyDrive/all dataset/institution/person4/institution_1_aug_1.mp4,0
institution,person4,institution_1_aug_2.mp4,/content/drive/MyDrive/all dataset/institution/person4/institution_1_aug_2.mp4,0
institution,person4,institution_1_aug_5.mp4,/content/drive/MyDrive/all dataset/institution/person4/institution_1_aug_5.mp4,0
institution,person4,institution_1_aug_6.mp4,/content/drive/MyDrive/all dataset/institution/person4/institution_1_aug_6.mp4,0
institution,person4,institution_1_aug_7.mp4,/content/drive/MyDrive/all dataset/institution/person4/institution_1_aug_7.mp4,0
institution,person4,institution_1_aug_8.mp4,/content/drive/MyDrive/all dataset/institution/person4/institution_1_aug_8.mp4,0
institution,person4,institution_1_aug_10.mp4,/content/drive/MyDrive/all dataset/institution/person4/institution_1_aug_10.mp4,0
institution,person4,institution_1_aug_11.mp4,/content/drive/MyDrive/all dataset/institution/person4/institution_1_aug_11.mp4,0
institution,person4,institution_1_aug_12.mp4,/content/drive/MyDrive/all dataset/institution/person4/institution_1_aug_12.mp4,0
institution,person4,institution_1_aug_14.mp4,/content/drive/MyDrive/all dataset/institution/person4/institution_1_aug_14.mp4,0
institution,person4,institution_1_aug_1_aug_aade340e.mp4,/content/drive/MyDrive/all dataset/institution/person4/institution_1_aug_1_aug_aade340e.mp4,0
institution,person4,institution_1_aug_10_aug_60575aa7.mp4,/content/drive/MyDrive/all dataset/institution/person4/institution_1_aug_10_aug_60575aa7.mp4,0
institution,person4,institution_1_aug_11_aug_2cbc793f.mp4,/content/drive/MyDrive/all dataset/institution/person4/institution_1_aug_11_aug_2cbc793f.mp4,0
institution,person4,institution_1_aug_12_aug_283ce52b.mp4,/content/drive/MyDrive/all dataset/institution/person4/institution_1_aug_12_aug_283ce52b.mp4,0
institution,person4,institution_1_aug_14_aug_e561b3ab.mp4,/content/drive/MyDrive/all dataset/institution/person4/institution_1_aug_14_aug_e561b3ab.mp4,0
institution,person4,institution_1_aug_2_aug_4e503abf.mp4,/content/drive/MyDrive/all dataset/institution/person4/institution_1_aug_2_aug_4e503abf.mp4,0
institution,person4,institution_1_aug_5_aug_3cef709c.mp4,/content/drive/MyDrive/all dataset/institution/person4/institution_1_aug_5_aug_3cef709c.mp4,0
institution,person4,institution_1_aug_7_aug_ef7331bf.mp4,/content/drive/MyDrive/all dataset/institution/person4/institution_1_aug_7_aug_ef7331bf.mp4,0
institution,person4,institution_1_aug_8_aug_3eb101c3.mp4,/content/drive/MyDrive/all dataset/institution/person4/institution_1_aug_8_aug_3eb101c3.mp4,0
institution,person4,institution_1_aug_1_aug_5f29eafb.mp4,/content/drive/MyDrive/all dataset/institution/person4/institution_1_aug_1_aug_5f29eafb.mp4,0
institution,person5,institution_1_aug_1.mp4,/content/drive/MyDrive/all dataset/institution/person5/institution_1_aug_1.mp4,0
institution,person5,institution_1_aug_2.mp4,/content/drive/MyDrive/all dataset/institution/person5/institution_1_aug_2.mp4,0
institution,person5,institution_1_aug_3.mp4,/content/drive/MyDrive/all dataset/institution/person5/institution_1_aug_3.mp4,0
institution,person5,institution_1_aug_4.mp4,/content/drive/MyDrive/all dataset/institution/person5/institution_1_aug_4.mp4,0
institution,person5,institution_1_aug_5.mp4,/content/drive/MyDrive/all dataset/institution/person5/institution_1_aug_5.mp4,0
institution,person5,institution_1_aug_6.mp4,/content/drive/MyDrive/all dataset/institution/person5/institution_1_aug_6.mp4,0
institution,person5,institution_1_aug_7.mp4,/content/drive/MyDrive/all dataset/institution/person5/institution_1_aug_7.mp4,0
institution,person5,institution_1_aug_8.mp4,/content/drive/MyDrive/all dataset/institution/person5/institution_1_aug_8.mp4,0
institution,person5,institution_1_aug_11.mp4,/content/drive/MyDrive/all dataset/institution/person5/institution_1_aug_11.mp4,0
institution,person5,institution_1_aug_13.mp4,/content/drive/MyDrive/all dataset/institution/person5/institution_1_aug_13.mp4,0
institution,person5,institution_1_aug_1_aug_1d6a4fd3.mp4,/content/drive/MyDrive/all dataset/institution/person5/institution_1_aug_1_aug_1d6a4fd3.mp4,0
institution,person5,institution_1_aug_11_aug_5d6bef1c.mp4,/content/drive/MyDrive/all dataset/institution/person5/institution_1_aug_11_aug_5d6bef1c.mp4,0
institution,person5,institution_1_aug_13_aug_b43f834a.mp4,/content/drive/MyDrive/all dataset/institution/person5/institution_1_aug_13_aug_b43f834a.mp4,0
institution,person5,institution_1_aug_2_aug_ebf93b94.mp4,/content/drive/MyDrive/all dataset/institution/person5/institution_1_aug_2_aug_ebf93b94.mp4,0
institution,person5,institution_1_aug_3_aug_ddcd6dd8.mp4,/content/drive/MyDrive/all dataset/institution/person5/institution_1_aug_3_aug_ddcd6dd8.mp4,0
institution,person5,institution_1_aug_4_aug_1487bb8f.mp4,/content/drive/MyDrive/all dataset/institution/person5/institution_1_aug_4_aug_1487bb8f.mp4,0
institution,person5,institution_1_aug_5_aug_99eeb0ec.mp4,/content/drive/MyDrive/all dataset/institution/person5/institution_1_aug_5_aug_99eeb0ec.mp4,0
institution,person5,institution_1_aug_6_aug_780d1e6a.mp4,/content/drive/MyDrive/all dataset/institution/person5/institution_1_aug_6_aug_780d1e6a.mp4,0
institution,person5,institution_1_aug_7_aug_4cf8a867.mp4,/content/drive/MyDrive/all dataset/institution/person5/institution_1_aug_7_aug_4cf8a867.mp4,0
institution,person5,institution_1_aug_8_aug_715a1e32.mp4,/content/drive/MyDrive/all dataset/institution/person5/institution_1_aug_8_aug_715a1e32.mp4,0
institution,person6,institution_1_aug_1.mp4,/content/drive/MyDrive/all dataset/institution/person6/institution_1_aug_1.mp4,0
institution,person6,institution_1_aug_2.mp4,/content/drive/MyDrive/all dataset/institution/person6/institution_1_aug_2.mp4,0
institution,person6,institution_1_aug_3.mp4,/content/drive/MyDrive/all dataset/institution/person6/institution_1_aug_3.mp4,0
institution,person6,institution_1_aug_4.mp4,/content/drive/MyDrive/all dataset/institution/person6/institution_1_aug_4.mp4,0
institution,person6,institution_1_aug_5.mp4,/content/drive/MyDrive/all dataset/institution/person6/institution_1_aug_5.mp4,0
institution,person6,institution_1_aug_6.mp4,/content/drive/MyDrive/all dataset/institution/person6/institution_1_aug_6.mp4,0
institution,person6,institution_1_aug_8.mp4,/content/drive/MyDrive/all dataset/institution/person6/institution_1_aug_8.mp4,0
institution,person6,institution_1_aug_10.mp4,/content/drive/MyDrive/all dataset/institution/person6/institution_1_aug_10.mp4,0
institution,person6,institution_1_aug_12.mp4,/content/drive/MyDrive/all dataset/institution/person6/institution_1_aug_12.mp4,0
institution,person6,institution_1_aug_14.mp4,/content/drive/MyDrive/all dataset/institution/person6/institution_1_aug_14.mp4,0
institution,person6,institution_1_aug_1_aug_092983ee.mp4,/content/drive/MyDrive/all dataset/institution/person6/institution_1_aug_1_aug_092983ee.mp4,0
institution,person6,institution_1_aug_10_aug_e25a065c.mp4,/content/drive/MyDrive/all dataset/institution/person6/institution_1_aug_10_aug_e25a065c.mp4,0
institution,person6,institution_1_aug_12_aug_cf085b56.mp4,/content/drive/MyDrive/all dataset/institution/person6/institution_1_aug_12_aug_cf085b56.mp4,0
institution,person6,institution_1_aug_14_aug_51e69e13.mp4,/content/drive/MyDrive/all dataset/institution/person6/institution_1_aug_14_aug_51e69e13.mp4,0
institution,person6,institution_1_aug_2_aug_f609e37e.mp4,/content/drive/MyDrive/all dataset/institution/person6/institution_1_aug_2_aug_f609e37e.mp4,0
institution,person6,institution_1_aug_3_aug_8a16f6bb.mp4,/content/drive/MyDrive/all dataset/institution/person6/institution_1_aug_3_aug_8a16f6bb.mp4,0
institution,person6,institution_1_aug_4_aug_8a94abae.mp4,/content/drive/MyDrive/all dataset/institution/person6/institution_1_aug_4_aug_8a94abae.mp4,0
institution,person6,institution_1_aug_5_aug_ad5a697c.mp4,/content/drive/MyDrive/all dataset/institution/person6/institution_1_aug_5_aug_ad5a697c.mp4,0
institution,person6,institution_1_aug_6_aug_982603ee.mp4,/content/drive/MyDrive/all dataset/institution/person6/institution_1_aug_6_aug_982603ee.mp4,0
institution,person6,institution_1_aug_8_aug_8ba7210e.mp4,/content/drive/MyDrive/all dataset/institution/person6/institution_1_aug_8_aug_8ba7210e.mp4,0
institution,person7,institution_1.mp4,/content/drive/MyDrive/all dataset/institution/person7/institution_1.mp4,0
institution,person7,institution_1_aug_2.mp4,/content/drive/MyDrive/all dataset/institution/person7/institution_1_aug_2.mp4,0
institution,person7,institution_1_aug_3.mp4,/content/drive/MyDrive/all dataset/institution/person7/institution_1_aug_3.mp4,0
institution,person7,institution_1_aug_4.mp4,/content/drive/MyDrive/all dataset/institution/person7/institution_1_aug_4.mp4,0
institution,person7,institution_1_aug_6.mp4,/content/drive/MyDrive/all dataset/institution/person7/institution_1_aug_6.mp4,0
institution,person7,institution_1_aug_7.mp4,/content/drive/MyDrive/all dataset/institution/person7/institution_1_aug_7.mp4,0
institution,person7,institution_1_aug_8.mp4,/content/drive/MyDrive/all dataset/institution/person7/institution_1_aug_8.mp4,0
institution,person7,institution_1_aug_10.mp4,/content/drive/MyDrive/all dataset/institution/person7/institution_1_aug_10.mp4,0
institution,person7,institution_1_aug_12.mp4,/content/drive/MyDrive/all dataset/institution/person7/institution_1_aug_12.mp4,0
institution,person7,institution_1_aug_14.mp4,/content/drive/MyDrive/all dataset/institution/person7/institution_1_aug_14.mp4,0
institution,person7,institution_1_aug1.mp4,/content/drive/MyDrive/all dataset/institution/person7/institution_1_aug1.mp4,0
institution,person7,institution_1_aug_7df39000.mp4,/content/drive/MyDrive/all dataset/institution/person7/institution_1_aug_7df39000.mp4,0
institution,person7,institution_1_aug_5ca2fe15.mp4,/content/drive/MyDrive/all dataset/institution/person7/institution_1_aug_5ca2fe15.mp4,0
institution,person7,institution_1_aug_4d2e2ac4.mp4,/content/drive/MyDrive/all dataset/institution/person7/institution_1_aug_4d2e2ac4.mp4,0
institution,person7,institution_1_aug_69629656.mp4,/content/drive/MyDrive/all dataset/institution/person7/institution_1_aug_69629656.mp4,0
institution,person7,institution_1_aug_fc1226c5.mp4,/content/drive/MyDrive/all dataset/institution/person7/institution_1_aug_fc1226c5.mp4,0
institution,person7,institution_1_aug_157d6396.mp4,/content/drive/MyDrive/all dataset/institution/person7/institution_1_aug_157d6396.mp4,0
institution,person7,institution_1_aug_a6f439aa.mp4,/content/drive/MyDrive/all dataset/institution/person7/institution_1_aug_a6f439aa.mp4,0
institution,person7,institution_1_aug_5c31fd98.mp4,/content/drive/MyDrive/all dataset/institution/person7/institution_1_aug_5c31fd98.mp4,0
institution,person7,institution_1_aug_fcd5c1e6.mp4,/content/drive/MyDrive/all dataset/institution/person7/institution_1_aug_fcd5c1e6.mp4,0
institution,person8,institution_1.mp4,/content/drive/MyDrive/all dataset/institution/person8/institution_1.mp4,0
institution,person8,institution_1_aug_1.mp4,/content/drive/MyDrive/all dataset/institution/person8/institution_1_aug_1.mp4,0
institution,person8,institution_1_aug_2.mp4,/content/drive/MyDrive/all dataset/institution/person8/institution_1_aug_2.mp4,0
institution,person8,institution_1_aug_5.mp4,/content/drive/MyDrive/all dataset/institution/person8/institution_1_aug_5.mp4,0
institution,person8,institution_1_aug_6.mp4,/content/drive/MyDrive/all dataset/institution/person8/institution_1_aug_6.mp4,0
institution,person8,institution_1_aug_8.mp4,/content/drive/MyDrive/all dataset/institution/person8/institution_1_aug_8.mp4,0
institution,person8,institution_1_aug_9.mp4,/content/drive/MyDrive/all dataset/institution/person8/institution_1_aug_9.mp4,0
institution,person8,institution_1_aug_11.mp4,/content/drive/MyDrive/all dataset/institution/person8/institution_1_aug_11.mp4,0
institution,person8,institution_1_aug_12.mp4,/content/drive/MyDrive/all dataset/institution/person8/institution_1_aug_12.mp4,0
institution,person8,institution_1_aug_13.mp4,/content/drive/MyDrive/all dataset/institution/person8/institution_1_aug_13.mp4,0
institution,person8,institution_1_aug1.mp4,/content/drive/MyDrive/all dataset/institution/person8/institution_1_aug1.mp4,0
institution,person8,institution_1_aug_3297e4b3.mp4,/content/drive/MyDrive/all dataset/institution/person8/institution_1_aug_3297e4b3.mp4,0
institution,person8,institution_1_aug_7907da36.mp4,/content/drive/MyDrive/all dataset/institution/person8/institution_1_aug_7907da36.mp4,0
institution,person8,institution_1_aug_1f31f25f.mp4,/content/drive/MyDrive/all dataset/institution/person8/institution_1_aug_1f31f25f.mp4,0
institution,person8,institution_1_aug_e1507852.mp4,/content/drive/MyDrive/all dataset/institution/person8/institution_1_aug_e1507852.mp4,0
institution,person8,institution_1_aug_6e5e4e5b.mp4,/content/drive/MyDrive/all dataset/institution/person8/institution_1_aug_6e5e4e5b.mp4,0
institution,person8,institution_1_aug_22f5eb54.mp4,/content/drive/MyDrive/all dataset/institution/person8/institution_1_aug_22f5eb54.mp4,0
institution,person8,institution_1_aug_9ed73304.mp4,/content/drive/MyDrive/all dataset/institution/person8/institution_1_aug_9ed73304.mp4,0
institution,person8,institution_1_aug_84121376.mp4,/content/drive/MyDrive/all dataset/institution/person8/institution_1_aug_84121376.mp4,0
institution,person8,institution_1_aug_7ab5a929.mp4,/content/drive/MyDrive/all dataset/institution/person8/institution_1_aug_7ab5a929.mp4,0
institution,person9,institution_1.mp4,/content/drive/MyDrive/all dataset/institution/person9/institution_1.mp4,0
institution,person9,institution_1_aug_1.mp4,/content/drive/MyDrive/all dataset/institution/person9/institution_1_aug_1.mp4,0
institution,person9,institution_1_aug_2.mp4,/content/drive/MyDrive/all dataset/institution/person9/institution_1_aug_2.mp4,0
institution,person9,institution_1_aug_3.mp4,/content/drive/MyDrive/all dataset/institution/person9/institution_1_aug_3.mp4,0
institution,person9,institution_1_aug_4.mp4,/content/drive/MyDrive/all dataset/institution/person9/institution_1_aug_4.mp4,0
institution,person9,institution_1_aug_5.mp4,/content/drive/MyDrive/all dataset/institution/person9/institution_1_aug_5.mp4,0
institution,person9,institution_1_aug_6.mp4,/content/drive/MyDrive/all dataset/institution/person9/institution_1_aug_6.mp4,0
institution,person9,institution_1_aug_8.mp4,/content/drive/MyDrive/all dataset/institution/person9/institution_1_aug_8.mp4,0
institution,person9,institution_1_aug_12.mp4,/content/drive/MyDrive/all dataset/institution/person9/institution_1_aug_12.mp4,0
institution,person9,institution_1_aug_13.mp4,/content/drive/MyDrive/all dataset/institution/person9/institution_1_aug_13.mp4,0
institution,person9,institution_1_aug1.mp4,/content/drive/MyDrive/all dataset/institution/person9/institution_1_aug1.mp4,0
institution,person9,institution_1_aug_d8e3ff18.mp4,/content/drive/MyDrive/all dataset/institution/person9/institution_1_aug_d8e3ff18.mp4,0
institution,person9,institution_1_aug_796e3623.mp4,/content/drive/MyDrive/all dataset/institution/person9/institution_1_aug_796e3623.mp4,0
institution,person9,institution_1_aug_646e9b15.mp4,/content/drive/MyDrive/all dataset/institution/person9/institution_1_aug_646e9b15.mp4,0
institution,person9,institution_1_aug_9c88150c.mp4,/content/drive/MyDrive/all dataset/institution/person9/institution_1_aug_9c88150c.mp4,0
institution,person9,institution_1_aug_3eadca4c.mp4,/content/drive/MyDrive/all dataset/institution/person9/institution_1_aug_3eadca4c.mp4,0
institution,person9,institution_1_aug_caf4ff02.mp4,/content/drive/MyDrive/all dataset/institution/person9/institution_1_aug_caf4ff02.mp4,0
institution,person9,institution_1_aug_52318fb5.mp4,/content/drive/MyDrive/all dataset/institution/person9/institution_1_aug_52318fb5.mp4,0
institution,person9,institution_1_aug_1d699df8.mp4,/content/drive/MyDrive/all dataset/institution/person9/institution_1_aug_1d699df8.mp4,0
institution,person9,institution_1_aug_dd5c047b.mp4,/content/drive/MyDrive/all dataset/institution/person9/institution_1_aug_dd5c047b.mp4,0
meals,person9,meals_123.mp4,/content/drive/MyDrive/all dataset/meals/person9/meals_123.mp4,0
meals,person9,meals_126.mp4,/content/drive/MyDrive/all dataset/meals/person9/meals_126.mp4,0
meals,person9,meals_124.mp4,/content/drive/MyDrive/all dataset/meals/person9/meals_124.mp4,0
meals,person9,meals_122.mp4,/content/drive/MyDrive/all dataset/meals/person9/meals_122.mp4,0
meals,person9,meals_118.mp4,/content/drive/MyDrive/all dataset/meals/person9/meals_118.mp4,0
meals,person9,meals_125.mp4,/content/drive/MyDrive/all dataset/meals/person9/meals_125.mp4,0
meals,person9,meals_116.mp4,/content/drive/MyDrive/all dataset/meals/person9/meals_116.mp4,0
meals,person9,meals_114.mp4,/content/drive/MyDrive/all dataset/meals/person9/meals_114.mp4,0
meals,person9,meals_115.mp4,/content/drive/MyDrive/all dataset/meals/person9/meals_115.mp4,0
meals,person9,meals_121.mp4,/content/drive/MyDrive/all dataset/meals/person9/meals_121.mp4,0
meals,person9,meals_114_aug1.mp4,/content/drive/MyDrive/all dataset/meals/person9/meals_114_aug1.mp4,0
meals,person9,meals_115_aug1.mp4,/content/drive/MyDrive/all dataset/meals/person9/meals_115_aug1.mp4,0
meals,person9,meals_116_aug1.mp4,/content/drive/MyDrive/all dataset/meals/person9/meals_116_aug1.mp4,0
meals,person9,meals_118_aug1.mp4,/content/drive/MyDrive/all dataset/meals/person9/meals_118_aug1.mp4,0
meals,person9,meals_121_aug1.mp4,/content/drive/MyDrive/all dataset/meals/person9/meals_121_aug1.mp4,0
meals,person9,meals_122_aug1.mp4,/content/drive/MyDrive/all dataset/meals/person9/meals_122_aug1.mp4,0
meals,person9,meals_123_aug1.mp4,/content/drive/MyDrive/all dataset/meals/person9/meals_123_aug1.mp4,0
meals,person9,meals_124_aug1.mp4,/content/drive/MyDrive/all dataset/meals/person9/meals_124_aug1.mp4,0
meals,person9,meals_125_aug1.mp4,/content/drive/MyDrive/all dataset/meals/person9/meals_125_aug1.mp4,0
meals,person9,meals_126_aug1.mp4,/content/drive/MyDrive/all dataset/meals/person9/meals_126_aug1.mp4,0
meals,person5,meals_64.mp4,/content/drive/MyDrive/all dataset/meals/person5/meals_64.mp4,0
meals,person5,meals_66.mp4,/content/drive/MyDrive/all dataset/meals/person5/meals_66.mp4,0
meals,person5,meals_63.mp4,/content/drive/MyDrive/all dataset/meals/person5/meals_63.mp4,0
meals,person5,meals_67.mp4,/content/drive/MyDrive/all dataset/meals/person5/meals_67.mp4,0
meals,person5,meals_72.mp4,/content/drive/MyDrive/all dataset/meals/person5/meals_72.mp4,0
meals,person5,meals_73.mp4,/content/drive/MyDrive/all dataset/meals/person5/meals_73.mp4,0
meals,person5,meals_70.mp4,/content/drive/MyDrive/all dataset/meals/person5/meals_70.mp4,0
meals,person5,meals_65.mp4,/content/drive/MyDrive/all dataset/meals/person5/meals_65.mp4,0
meals,person5,meals_71.mp4,/content/drive/MyDrive/all dataset/meals/person5/meals_71.mp4,0
meals,person5,meals_74.mp4,/content/drive/MyDrive/all dataset/meals/person5/meals_74.mp4,0
meals,person5,meals_63_aug1.mp4,/content/drive/MyDrive/all dataset/meals/person5/meals_63_aug1.mp4,0
meals,person5,meals_64_aug1.mp4,/content/drive/MyDrive/all dataset/meals/person5/meals_64_aug1.mp4,0
meals,person5,meals_65_aug1.mp4,/content/drive/MyDrive/all dataset/meals/person5/meals_65_aug1.mp4,0
meals,person5,meals_66_aug1.mp4,/content/drive/MyDrive/all dataset/meals/person5/meals_66_aug1.mp4,0
meals,person5,meals_67_aug1.mp4,/content/drive/MyDrive/all dataset/meals/person5/meals_67_aug1.mp4,0
meals,person5,meals_70_aug1.mp4,/content/drive/MyDrive/all dataset/meals/person5/meals_70_aug1.mp4,0
meals,person5,meals_71_aug1.mp4,/content/drive/MyDrive/all dataset/meals/person5/meals_71_aug1.mp4,0
meals,person5,meals_72_aug1.mp4,/content/drive/MyDrive/all dataset/meals/person5/meals_72_aug1.mp4,0
meals,person5,meals_73_aug1.mp4,/content/drive/MyDrive/all dataset/meals/person5/meals_73_aug1.mp4,0
meals,person5,meals_74_aug1.mp4,/content/drive/MyDrive/all dataset/meals/person5/meals_74_aug1.mp4,0
meals,person6,meals_81.mp4,/content/drive/MyDrive/all dataset/meals/person6/meals_81.mp4,0
meals,person6,meals_84.mp4,/content/drive/MyDrive/all dataset/meals/person6/meals_84.mp4,0
meals,person6,meals_83.mp4,/content/drive/MyDrive/all dataset/meals/person6/meals_83.mp4,0
meals,person6,meals_86.mp4,/content/drive/MyDrive/all dataset/meals/person6/meals_86.mp4,0
meals,person6,meals_85.mp4,/content/drive/MyDrive/all dataset/meals/person6/meals_85.mp4,0
meals,person6,meals_75.mp4,/content/drive/MyDrive/all dataset/meals/person6/meals_75.mp4,0
meals,person6,meals_80.mp4,/content/drive/MyDrive/all dataset/meals/person6/meals_80.mp4,0
meals,person6,meals_79.mp4,/content/drive/MyDrive/all dataset/meals/person6/meals_79.mp4,0
meals,person6,meals_77.mp4,/content/drive/MyDrive/all dataset/meals/person6/meals_77.mp4,0
meals,person6,meals_76.mp4,/content/drive/MyDrive/all dataset/meals/person6/meals_76.mp4,0
meals,person6,meals_75_aug1.mp4,/content/drive/MyDrive/all dataset/meals/person6/meals_75_aug1.mp4,0
meals,person6,meals_76_aug1.mp4,/content/drive/MyDrive/all dataset/meals/person6/meals_76_aug1.mp4,0
meals,person6,meals_77_aug1.mp4,/content/drive/MyDrive/all dataset/meals/person6/meals_77_aug1.mp4,0
meals,person6,meals_79_aug1.mp4,/content/drive/MyDrive/all dataset/meals/person6/meals_79_aug1.mp4,0
meals,person6,meals_81_aug1.mp4,/content/drive/MyDrive/all dataset/meals/person6/meals_81_aug1.mp4,0
meals,person6,meals_83_aug1.mp4,/content/drive/MyDrive/all dataset/meals/person6/meals_83_aug1.mp4,0
meals,person6,meals_84_aug1.mp4,/content/drive/MyDrive/all dataset/meals/person6/meals_84_aug1.mp4,0
meals,person6,meals_85_aug1.mp4,/content/drive/MyDrive/all dataset/meals/person6/meals_85_aug1.mp4,0
meals,person6,meals_86_aug1.mp4,/content/drive/MyDrive/all dataset/meals/person6/meals_86_aug1.mp4,0
meals,person6,meals_80_aug1.mp4,/content/drive/MyDrive/all dataset/meals/person6/meals_80_aug1.mp4,0
meals,person8,meals_113.mp4,/content/drive/MyDrive/all dataset/meals/person8/meals_113.mp4,0
meals,person8,meals_108.mp4,/content/drive/MyDrive/all dataset/meals/person8/meals_108.mp4,0
meals,person8,meals_112.mp4,/content/drive/MyDrive/all dataset/meals/person8/meals_112.mp4,0
meals,person8,meals_110.mp4,/content/drive/MyDrive/all dataset/meals/person8/meals_110.mp4,0
meals,person8,meals_102.mp4,/content/drive/MyDrive/all dataset/meals/person8/meals_102.mp4,0
meals,person8,meals_105.mp4,/content/drive/MyDrive/all dataset/meals/person8/meals_105.mp4,0
meals,person8,meals_107.mp4,/content/drive/MyDrive/all dataset/meals/person8/meals_107.mp4,0
meals,person8,meals_103.mp4,/content/drive/MyDrive/all dataset/meals/person8/meals_103.mp4,0
meals,person8,meals_109.mp4,/content/drive/MyDrive/all dataset/meals/person8/meals_109.mp4,0
meals,person8,meals_106.mp4,/content/drive/MyDrive/all dataset/meals/person8/meals_106.mp4,0
meals,person8,meals_102_aug1.mp4,/content/drive/MyDrive/all dataset/meals/person8/meals_102_aug1.mp4,0
meals,person8,meals_103_aug1.mp4,/content/drive/MyDrive/all dataset/meals/person8/meals_103_aug1.mp4,0
meals,person8,meals_105_aug1.mp4,/content/drive/MyDrive/all dataset/meals/person8/meals_105_aug1.mp4,0
meals,person8,meals_106_aug1.mp4,/content/drive/MyDrive/all dataset/meals/person8/meals_106_aug1.mp4,0
meals,person8,meals_107_aug1.mp4,/content/drive/MyDrive/all dataset/meals/person8/meals_107_aug1.mp4,0
meals,person8,meals_108_aug1.mp4,/content/drive/MyDrive/all dataset/meals/person8/meals_108_aug1.mp4,0
meals,person8,meals_109_aug1.mp4,/content/drive/MyDrive/all dataset/meals/person8/meals_109_aug1.mp4,0
meals,person8,meals_110_aug1.mp4,/content/drive/MyDrive/all dataset/meals/person8/meals_110_aug1.mp4,0
meals,person8,meals_112_aug1.mp4,/content/drive/MyDrive/all dataset/meals/person8/meals_112_aug1.mp4,0
meals,person8,meals_113_aug1.mp4,/content/drive/MyDrive/all dataset/meals/person8/meals_113_aug1.mp4,0
meals,person7,meals_94.mp4,/content/drive/MyDrive/all dataset/meals/person7/meals_94.mp4,0
meals,person7,meals_95.mp4,/content/drive/MyDrive/all dataset/meals/person7/meals_95.mp4,0
meals,person7,meals_100.mp4,/content/drive/MyDrive/all dataset/meals/person7/meals_100.mp4,0
meals,person7,meals_98.mp4,/content/drive/MyDrive/all dataset/meals/person7/meals_98.mp4,0
meals,person7,meals_97.mp4,/content/drive/MyDrive/all dataset/meals/person7/meals_97.mp4,0
meals,person7,meals_99.mp4,/content/drive/MyDrive/all dataset/meals/person7/meals_99.mp4,0
meals,person7,meals_93.mp4,/content/drive/MyDrive/all dataset/meals/person7/meals_93.mp4,0
meals,person7,meals_96.mp4,/content/drive/MyDrive/all dataset/meals/person7/meals_96.mp4,0
meals,person7,meals_88.mp4,/content/drive/MyDrive/all dataset/meals/person7/meals_88.mp4,0
meals,person7,meals_89.mp4,/content/drive/MyDrive/all dataset/meals/person7/meals_89.mp4,0
meals,person7,meals_100_aug1.mp4,/content/drive/MyDrive/all dataset/meals/person7/meals_100_aug1.mp4,0
meals,person7,meals_88_aug1.mp4,/content/drive/MyDrive/all dataset/meals/person7/meals_88_aug1.mp4,0
meals,person7,meals_89_aug1.mp4,/content/drive/MyDrive/all dataset/meals/person7/meals_89_aug1.mp4,0
meals,person7,meals_93_aug1.mp4,/content/drive/MyDrive/all dataset/meals/person7/meals_93_aug1.mp4,0
meals,person7,meals_94_aug1.mp4,/content/drive/MyDrive/all dataset/meals/person7/meals_94_aug1.mp4,0
meals,person7,meals_95_aug1.mp4,/content/drive/MyDrive/all dataset/meals/person7/meals_95_aug1.mp4,0
meals,person7,meals_96_aug1.mp4,/content/drive/MyDrive/all dataset/meals/person7/meals_96_aug1.mp4,0
meals,person7,meals_97_aug1.mp4,/content/drive/MyDrive/all dataset/meals/person7/meals_97_aug1.mp4,0
meals,person7,meals_98_aug1.mp4,/content/drive/MyDrive/all dataset/meals/person7/meals_98_aug1.mp4,0
meals,person7,meals_99_aug1.mp4,/content/drive/MyDrive/all dataset/meals/person7/meals_99_aug1.mp4,0
meals,person1,meals_22.mp4,/content/drive/MyDrive/all dataset/meals/person1/meals_22.mp4,0
meals,person1,meals_13.mp4,/content/drive/MyDrive/all dataset/meals/person1/meals_13.mp4,0
meals,person1,meals_11.mp4,/content/drive/MyDrive/all dataset/meals/person1/meals_11.mp4,0
meals,person1,meals_17.mp4,/content/drive/MyDrive/all dataset/meals/person1/meals_17.mp4,0
meals,person1,meals_16.mp4,/content/drive/MyDrive/all dataset/meals/person1/meals_16.mp4,0
meals,person1,meals_19.mp4,/content/drive/MyDrive/all dataset/meals/person1/meals_19.mp4,0
meals,person1,meals_21.mp4,/content/drive/MyDrive/all dataset/meals/person1/meals_21.mp4,0
meals,person1,meals_18.mp4,/content/drive/MyDrive/all dataset/meals/person1/meals_18.mp4,0
meals,person1,meals_20.mp4,/content/drive/MyDrive/all dataset/meals/person1/meals_20.mp4,0
meals,person1,meals_14.mp4,/content/drive/MyDrive/all dataset/meals/person1/meals_14.mp4,0
meals,person1,meals_11_aug1.mp4,/content/drive/MyDrive/all dataset/meals/person1/meals_11_aug1.mp4,0
meals,person1,meals_13_aug1.mp4,/content/drive/MyDrive/all dataset/meals/person1/meals_13_aug1.mp4,0
meals,person1,meals_14_aug1.mp4,/content/drive/MyDrive/all dataset/meals/person1/meals_14_aug1.mp4,0
meals,person1,meals_16_aug1.mp4,/content/drive/MyDrive/all dataset/meals/person1/meals_16_aug1.mp4,0
meals,person1,meals_17_aug1.mp4,/content/drive/MyDrive/all dataset/meals/person1/meals_17_aug1.mp4,0
meals,person1,meals_18_aug1.mp4,/content/drive/MyDrive/all dataset/meals/person1/meals_18_aug1.mp4,0
meals,person1,meals_19_aug1.mp4,/content/drive/MyDrive/all dataset/meals/person1/meals_19_aug1.mp4,0
meals,person1,meals_20_aug1.mp4,/content/drive/MyDrive/all dataset/meals/person1/meals_20_aug1.mp4,0
meals,person1,meals_21_aug1.mp4,/content/drive/MyDrive/all dataset/meals/person1/meals_21_aug1.mp4,0
meals,person1,meals_22_aug1.mp4,/content/drive/MyDrive/all dataset/meals/person1/meals_22_aug1.mp4,0
meals,person2,meals_31.mp4,/content/drive/MyDrive/all dataset/meals/person2/meals_31.mp4,0
meals,person2,meals_23.mp4,/content/drive/MyDrive/all dataset/meals/person2/meals_23.mp4,0
meals,person2,meals_32.mp4,/content/drive/MyDrive/all dataset/meals/person2/meals_32.mp4,0
meals,person2,meals_25.mp4,/content/drive/MyDrive/all dataset/meals/person2/meals_25.mp4,0
meals,person2,meals_34.mp4,/content/drive/MyDrive/all dataset/meals/person2/meals_34.mp4,0
meals,person2,meals_27.mp4,/content/drive/MyDrive/all dataset/meals/person2/meals_27.mp4,0
meals,person2,meals_26.mp4,/content/drive/MyDrive/all dataset/meals/person2/meals_26.mp4,0
meals,person2,meals_28.mp4,/content/drive/MyDrive/all dataset/meals/person2/meals_28.mp4,0
meals,person2,meals_30.mp4,/content/drive/MyDrive/all dataset/meals/person2/meals_30.mp4,0
meals,person2,meals_24.mp4,/content/drive/MyDrive/all dataset/meals/person2/meals_24.mp4,0
meals,person2,meals_23_aug1.mp4,/content/drive/MyDrive/all dataset/meals/person2/meals_23_aug1.mp4,0
meals,person2,meals_24_aug1.mp4,/content/drive/MyDrive/all dataset/meals/person2/meals_24_aug1.mp4,0
meals,person2,meals_25_aug1.mp4,/content/drive/MyDrive/all dataset/meals/person2/meals_25_aug1.mp4,0
meals,person2,meals_26_aug1.mp4,/content/drive/MyDrive/all dataset/meals/person2/meals_26_aug1.mp4,0
meals,person2,meals_28_aug1.mp4,/content/drive/MyDrive/all dataset/meals/person2/meals_28_aug1.mp4,0
meals,person2,meals_27_aug1.mp4,/content/drive/MyDrive/all dataset/meals/person2/meals_27_aug1.mp4,0
meals,person2,meals_30_aug1.mp4,/content/drive/MyDrive/all dataset/meals/person2/meals_30_aug1.mp4,0
meals,person2,meals_31_aug1.mp4,/content/drive/MyDrive/all dataset/meals/person2/meals_31_aug1.mp4,0
meals,person2,meals_32_aug1.mp4,/content/drive/MyDrive/all dataset/meals/person2/meals_32_aug1.mp4,0
meals,person2,meals_34_aug1.mp4,/content/drive/MyDrive/all dataset/meals/person2/meals_34_aug1.mp4,0
meals,person3,meals_44.mp4,/content/drive/MyDrive/all dataset/meals/person3/meals_44.mp4,0
meals,person3,meals_48.mp4,/content/drive/MyDrive/all dataset/meals/person3/meals_48.mp4,0
meals,person3,meals_38.mp4,/content/drive/MyDrive/all dataset/meals/person3/meals_38.mp4,0
meals,person3,meals_37.mp4,/content/drive/MyDrive/all dataset/meals/person3/meals_37.mp4,0
meals,person3,meals_42.mp4,/content/drive/MyDrive/all dataset/meals/person3/meals_42.mp4,0
meals,person3,meals_41.mp4,/content/drive/MyDrive/all dataset/meals/person3/meals_41.mp4,0
meals,person3,meals_36.mp4,/content/drive/MyDrive/all dataset/meals/person3/meals_36.mp4,0
meals,person3,meals_43.mp4,/content/drive/MyDrive/all dataset/meals/person3/meals_43.mp4,0
meals,person3,meals_45.mp4,/content/drive/MyDrive/all dataset/meals/person3/meals_45.mp4,0
meals,person3,meals_46.mp4,/content/drive/MyDrive/all dataset/meals/person3/meals_46.mp4,0
meals,person3,meals_36_aug1.mp4,/content/drive/MyDrive/all dataset/meals/person3/meals_36_aug1.mp4,0
meals,person3,meals_37_aug1.mp4,/content/drive/MyDrive/all dataset/meals/person3/meals_37_aug1.mp4,0
meals,person3,meals_38_aug1.mp4,/content/drive/MyDrive/all dataset/meals/person3/meals_38_aug1.mp4,0
meals,person3,meals_41_aug1.mp4,/content/drive/MyDrive/all dataset/meals/person3/meals_41_aug1.mp4,0
meals,person3,meals_42_aug1.mp4,/content/drive/MyDrive/all dataset/meals/person3/meals_42_aug1.mp4,0
meals,person3,meals_43_aug1.mp4,/content/drive/MyDrive/all dataset/meals/person3/meals_43_aug1.mp4,0
meals,person3,meals_44_aug1.mp4,/content/drive/MyDrive/all dataset/meals/person3/meals_44_aug1.mp4,0
meals,person3,meals_45_aug1.mp4,/content/drive/MyDrive/all dataset/meals/person3/meals_45_aug1.mp4,0
meals,person3,meals_46_aug1.mp4,/content/drive/MyDrive/all dataset/meals/person3/meals_46_aug1.mp4,0
meals,person3,meals_48_aug1.mp4,/content/drive/MyDrive/all dataset/meals/person3/meals_48_aug1.mp4,0
meals,person4,meals_59.mp4,/content/drive/MyDrive/all dataset/meals/person4/meals_59.mp4,0
meals,person4,meals_56.mp4,/content/drive/MyDrive/all dataset/meals/person4/meals_56.mp4,0
meals,person4,meals_54.mp4,/content/drive/MyDrive/all dataset/meals/person4/meals_54.mp4,0
meals,person4,meals_55.mp4,/content/drive/MyDrive/all dataset/meals/person4/meals_55.mp4,0
meals,person4,meals_52.mp4,/content/drive/MyDrive/all dataset/meals/person4/meals_52.mp4,0
meals,person4,meals_57.mp4,/content/drive/MyDrive/all dataset/meals/person4/meals_57.mp4,0
meals,person4,meals_49.mp4,/content/drive/MyDrive/all dataset/meals/person4/meals_49.mp4,0
meals,person4,meals_53.mp4,/content/drive/MyDrive/all dataset/meals/person4/meals_53.mp4,0
meals,person4,meals_58.mp4,/content/drive/MyDrive/all dataset/meals/person4/meals_58.mp4,0
meals,person4,meals_61.mp4,/content/drive/MyDrive/all dataset/meals/person4/meals_61.mp4,0
meals,person4,meals_49_aug1.mp4,/content/drive/MyDrive/all dataset/meals/person4/meals_49_aug1.mp4,0
meals,person4,meals_52_aug1.mp4,/content/drive/MyDrive/all dataset/meals/person4/meals_52_aug1.mp4,0
meals,person4,meals_53_aug1.mp4,/content/drive/MyDrive/all dataset/meals/person4/meals_53_aug1.mp4,0
meals,person4,meals_54_aug1.mp4,/content/drive/MyDrive/all dataset/meals/person4/meals_54_aug1.mp4,0
meals,person4,meals_55_aug1.mp4,/content/drive/MyDrive/all dataset/meals/person4/meals_55_aug1.mp4,0
meals,person4,meals_56_aug1.mp4,/content/drive/MyDrive/all dataset/meals/person4/meals_56_aug1.mp4,0
meals,person4,meals_57_aug1.mp4,/content/drive/MyDrive/all dataset/meals/person4/meals_57_aug1.mp4,0
meals,person4,meals_58_aug1.mp4,/content/drive/MyDrive/all dataset/meals/person4/meals_58_aug1.mp4,0
meals,person4,meals_59_aug1.mp4,/content/drive/MyDrive/all dataset/meals/person4/meals_59_aug1.mp4,0
meals,person4,meals_61_aug1.mp4,/content/drive/MyDrive/all dataset/meals/person4/meals_61_aug1.mp4,0
mother,person5,mother_69.mp4,/content/drive/MyDrive/all dataset/mother/person5/mother_69.mp4,0
mother,person5,mother_74.mp4,/content/drive/MyDrive/all dataset/mother/person5/mother_74.mp4,0
mother,person5,mother_72.mp4,/content/drive/MyDrive/all dataset/mother/person5/mother_72.mp4,0
mother,person5,mother_63.mp4,/content/drive/MyDrive/all dataset/mother/person5/mother_63.mp4,0
mother,person5,mother_67.mp4,/content/drive/MyDrive/all dataset/mother/person5/mother_67.mp4,0
mother,person5,mother_68.mp4,/content/drive/MyDrive/all dataset/mother/person5/mother_68.mp4,0
mother,person5,mother_70.mp4,/content/drive/MyDrive/all dataset/mother/person5/mother_70.mp4,0
mother,person5,mother_71.mp4,/content/drive/MyDrive/all dataset/mother/person5/mother_71.mp4,0
mother,person5,mother_64.mp4,/content/drive/MyDrive/all dataset/mother/person5/mother_64.mp4,0
mother,person5,mother_73.mp4,/content/drive/MyDrive/all dataset/mother/person5/mother_73.mp4,0
mother,person5,mother_63_aug1.mp4,/content/drive/MyDrive/all dataset/mother/person5/mother_63_aug1.mp4,0
mother,person5,mother_64_aug1.mp4,/content/drive/MyDrive/all dataset/mother/person5/mother_64_aug1.mp4,0
mother,person5,mother_67_aug1.mp4,/content/drive/MyDrive/all dataset/mother/person5/mother_67_aug1.mp4,0
mother,person5,mother_68_aug1.mp4,/content/drive/MyDrive/all dataset/mother/person5/mother_68_aug1.mp4,0
mother,person5,mother_69_aug1.mp4,/content/drive/MyDrive/all dataset/mother/person5/mother_69_aug1.mp4,0
mother,person5,mother_70_aug1.mp4,/content/drive/MyDrive/all dataset/mother/person5/mother_70_aug1.mp4,0
mother,person5,mother_71_aug1.mp4,/content/drive/MyDrive/all dataset/mother/person5/mother_71_aug1.mp4,0
mother,person5,mother_72_aug1.mp4,/content/drive/MyDrive/all dataset/mother/person5/mother_72_aug1.mp4,0
mother,person5,mother_73_aug1.mp4,/content/drive/MyDrive/all dataset/mother/person5/mother_73_aug1.mp4,0
mother,person5,mother_74_aug1.mp4,/content/drive/MyDrive/all dataset/mother/person5/mother_74_aug1.mp4,0
mother,person7,mother_93.mp4,/content/drive/MyDrive/all dataset/mother/person7/mother_93.mp4,0
mother,person7,mother_92.mp4,/content/drive/MyDrive/all dataset/mother/person7/mother_92.mp4,0
mother,person7,mother_96.mp4,/content/drive/MyDrive/all dataset/mother/person7/mother_96.mp4,0
mother,person7,mother_94.mp4,/content/drive/MyDrive/all dataset/mother/person7/mother_94.mp4,0
mother,person7,mother_100.mp4,/content/drive/MyDrive/all dataset/mother/person7/mother_100.mp4,0
mother,person7,mother_88.mp4,/content/drive/MyDrive/all dataset/mother/person7/mother_88.mp4,0
mother,person7,mother_91.mp4,/content/drive/MyDrive/all dataset/mother/person7/mother_91.mp4,0
mother,person7,mother_90.mp4,/content/drive/MyDrive/all dataset/mother/person7/mother_90.mp4,0
mother,person7,mother_89.mp4,/content/drive/MyDrive/all dataset/mother/person7/mother_89.mp4,0
mother,person7,mother_98.mp4,/content/drive/MyDrive/all dataset/mother/person7/mother_98.mp4,0
mother,person7,mother_100_aug1.mp4,/content/drive/MyDrive/all dataset/mother/person7/mother_100_aug1.mp4,0
mother,person7,mother_88_aug1.mp4,/content/drive/MyDrive/all dataset/mother/person7/mother_88_aug1.mp4,0
mother,person7,mother_89_aug1.mp4,/content/drive/MyDrive/all dataset/mother/person7/mother_89_aug1.mp4,0
mother,person7,mother_90_aug1.mp4,/content/drive/MyDrive/all dataset/mother/person7/mother_90_aug1.mp4,0
mother,person7,mother_91_aug1.mp4,/content/drive/MyDrive/all dataset/mother/person7/mother_91_aug1.mp4,0
mother,person7,mother_92_aug1.mp4,/content/drive/MyDrive/all dataset/mother/person7/mother_92_aug1.mp4,0
mother,person7,mother_93_aug1.mp4,/content/drive/MyDrive/all dataset/mother/person7/mother_93_aug1.mp4,0
mother,person7,mother_94_aug1.mp4,/content/drive/MyDrive/all dataset/mother/person7/mother_94_aug1.mp4,0
mother,person7,mother_96_aug1.mp4,/content/drive/MyDrive/all dataset/mother/person7/mother_96_aug1.mp4,0
mother,person7,mother_98_aug1.mp4,/content/drive/MyDrive/all dataset/mother/person7/mother_98_aug1.mp4,0
mother,person1,mother_21.mp4,/content/drive/MyDrive/all dataset/mother/person1/mother_21.mp4,0
mother,person1,mother_15.mp4,/content/drive/MyDrive/all dataset/mother/person1/mother_15.mp4,0
mother,person1,mother_20.mp4,/content/drive/MyDrive/all dataset/mother/person1/mother_20.mp4,0
mother,person1,mother_17.mp4,/content/drive/MyDrive/all dataset/mother/person1/mother_17.mp4,0
mother,person1,mother_18.mp4,/content/drive/MyDrive/all dataset/mother/person1/mother_18.mp4,0
mother,person1,mother_12.mp4,/content/drive/MyDrive/all dataset/mother/person1/mother_12.mp4,0
mother,person1,mother_13.mp4,/content/drive/MyDrive/all dataset/mother/person1/mother_13.mp4,0
mother,person1,mother_14.mp4,/content/drive/MyDrive/all dataset/mother/person1/mother_14.mp4,0
mother,person1,mother_10.mp4,/content/drive/MyDrive/all dataset/mother/person1/mother_10.mp4,0
mother,person1,mother_22.mp4,/content/drive/MyDrive/all dataset/mother/person1/mother_22.mp4,0
mother,person1,mother_10_aug1.mp4,/content/drive/MyDrive/all dataset/mother/person1/mother_10_aug1.mp4,0
mother,person1,mother_12_aug1.mp4,/content/drive/MyDrive/all dataset/mother/person1/mother_12_aug1.mp4,0
mother,person1,mother_13_aug1.mp4,/content/drive/MyDrive/all dataset/mother/person1/mother_13_aug1.mp4,0
mother,person1,mother_14_aug1.mp4,/content/drive/MyDrive/all dataset/mother/person1/mother_14_aug1.mp4,0
mother,person1,mother_15_aug1.mp4,/content/drive/MyDrive/all dataset/mother/person1/mother_15_aug1.mp4,0
mother,person1,mother_17_aug1.mp4,/content/drive/MyDrive/all dataset/mother/person1/mother_17_aug1.mp4,0
mother,person1,mother_18_aug1.mp4,/content/drive/MyDrive/all dataset/mother/person1/mother_18_aug1.mp4,0
mother,person1,mother_20_aug1.mp4,/content/drive/MyDrive/all dataset/mother/person1/mother_20_aug1.mp4,0
mother,person1,mother_21_aug1.mp4,/content/drive/MyDrive/all dataset/mother/person1/mother_21_aug1.mp4,0
mother,person1,mother_22_aug1.mp4,/content/drive/MyDrive/all dataset/mother/person1/mother_22_aug1.mp4,0
mother,person2,mother_33.mp4,/content/drive/MyDrive/all dataset/mother/person2/mother_33.mp4,0
mother,person2,mother_29.mp4,/content/drive/MyDrive/all dataset/mother/person2/mother_29.mp4,0
mother,person2,mother_31.mp4,/content/drive/MyDrive/all dataset/mother/person2/mother_31.mp4,0
mother,person2,mother_23.mp4,/content/drive/MyDrive/all dataset/mother/person2/mother_23.mp4,0
mother,person2,mother_27.mp4,/content/drive/MyDrive/all dataset/mother/person2/mother_27.mp4,0
mother,person2,mother_25.mp4,/content/drive/MyDrive/all dataset/mother/person2/mother_25.mp4,0
mother,person2,mother_32.mp4,/content/drive/MyDrive/all dataset/mother/person2/mother_32.mp4,0
mother,person2,mother_26.mp4,/content/drive/MyDrive/all dataset/mother/person2/mother_26.mp4,0
mother,person2,mother_30.mp4,/content/drive/MyDrive/all dataset/mother/person2/mother_30.mp4,0
mother,person2,mother_24.mp4,/content/drive/MyDrive/all dataset/mother/person2/mother_24.mp4,0
mother,person2,mother_23_aug1.mp4,/content/drive/MyDrive/all dataset/mother/person2/mother_23_aug1.mp4,0
mother,person2,mother_24_aug1.mp4,/content/drive/MyDrive/all dataset/mother/person2/mother_24_aug1.mp4,0
mother,person2,mother_25_aug1.mp4,/content/drive/MyDrive/all dataset/mother/person2/mother_25_aug1.mp4,0
mother,person2,mother_26_aug1.mp4,/content/drive/MyDrive/all dataset/mother/person2/mother_26_aug1.mp4,0
mother,person2,mother_27_aug1.mp4,/content/drive/MyDrive/all dataset/mother/person2/mother_27_aug1.mp4,0
mother,person2,mother_29_aug1.mp4,/content/drive/MyDrive/all dataset/mother/person2/mother_29_aug1.mp4,0
mother,person2,mother_30_aug1.mp4,/content/drive/MyDrive/all dataset/mother/person2/mother_30_aug1.mp4,0
mother,person2,mother_31_aug1.mp4,/content/drive/MyDrive/all dataset/mother/person2/mother_31_aug1.mp4,0
mother,person2,mother_32_aug1.mp4,/content/drive/MyDrive/all dataset/mother/person2/mother_32_aug1.mp4,0
mother,person2,mother_33_aug1.mp4,/content/drive/MyDrive/all dataset/mother/person2/mother_33_aug1.mp4,0
mother,person3,mother_40.mp4,/content/drive/MyDrive/all dataset/mother/person3/mother_40.mp4,0
mother,person3,mother_37.mp4,/content/drive/MyDrive/all dataset/mother/person3/mother_37.mp4,0
mother,person3,mother_39.mp4,/content/drive/MyDrive/all dataset/mother/person3/mother_39.mp4,0
mother,person3,mother_38.mp4,/content/drive/MyDrive/all dataset/mother/person3/mother_38.mp4,0
mother,person3,mother_46.mp4,/content/drive/MyDrive/all dataset/mother/person3/mother_46.mp4,0
mother,person3,mother_47.mp4,/content/drive/MyDrive/all dataset/mother/person3/mother_47.mp4,0
mother,person3,mother_41.mp4,/content/drive/MyDrive/all dataset/mother/person3/mother_41.mp4,0
mother,person3,mother_43.mp4,/content/drive/MyDrive/all dataset/mother/person3/mother_43.mp4,0
mother,person3,mother_48.mp4,/content/drive/MyDrive/all dataset/mother/person3/mother_48.mp4,0
mother,person3,mother_36.mp4,/content/drive/MyDrive/all dataset/mother/person3/mother_36.mp4,0
mother,person3,mother_36_aug1.mp4,/content/drive/MyDrive/all dataset/mother/person3/mother_36_aug1.mp4,0
mother,person3,mother_37_aug1.mp4,/content/drive/MyDrive/all dataset/mother/person3/mother_37_aug1.mp4,0
mother,person3,mother_38_aug1.mp4,/content/drive/MyDrive/all dataset/mother/person3/mother_38_aug1.mp4,0
mother,person3,mother_39_aug1.mp4,/content/drive/MyDrive/all dataset/mother/person3/mother_39_aug1.mp4,0
mother,person3,mother_40_aug1.mp4,/content/drive/MyDrive/all dataset/mother/person3/mother_40_aug1.mp4,0
mother,person3,mother_41_aug1.mp4,/content/drive/MyDrive/all dataset/mother/person3/mother_41_aug1.mp4,0
mother,person3,mother_43_aug1.mp4,/content/drive/MyDrive/all dataset/mother/person3/mother_43_aug1.mp4,0
mother,person3,mother_46_aug1.mp4,/content/drive/MyDrive/all dataset/mother/person3/mother_46_aug1.mp4,0
mother,person3,mother_47_aug1.mp4,/content/drive/MyDrive/all dataset/mother/person3/mother_47_aug1.mp4,0
mother,person3,mother_48_aug1.mp4,/content/drive/MyDrive/all dataset/mother/person3/mother_48_aug1.mp4,0
mother,person4,mother_52.mp4,/content/drive/MyDrive/all dataset/mother/person4/mother_52.mp4,0
mother,person4,mother_57.mp4,/content/drive/MyDrive/all dataset/mother/person4/mother_57.mp4,0
mother,person4,mother_49.mp4,/content/drive/MyDrive/all dataset/mother/person4/mother_49.mp4,0
mother,person4,mother_60.mp4,/content/drive/MyDrive/all dataset/mother/person4/mother_60.mp4,0
mother,person4,mother_59.mp4,/content/drive/MyDrive/all dataset/mother/person4/mother_59.mp4,0
mother,person4,mother_56.mp4,/content/drive/MyDrive/all dataset/mother/person4/mother_56.mp4,0
mother,person4,mother_51.mp4,/content/drive/MyDrive/all dataset/mother/person4/mother_51.mp4,0
mother,person4,mother_54.mp4,/content/drive/MyDrive/all dataset/mother/person4/mother_54.mp4,0
mother,person4,mother_61.mp4,/content/drive/MyDrive/all dataset/mother/person4/mother_61.mp4,0
mother,person4,mother_53.mp4,/content/drive/MyDrive/all dataset/mother/person4/mother_53.mp4,0
mother,person4,mother_49_aug1.mp4,/content/drive/MyDrive/all dataset/mother/person4/mother_49_aug1.mp4,0
mother,person4,mother_51_aug1.mp4,/content/drive/MyDrive/all dataset/mother/person4/mother_51_aug1.mp4,0
mother,person4,mother_52_aug1.mp4,/content/drive/MyDrive/all dataset/mother/person4/mother_52_aug1.mp4,0
mother,person4,mother_53_aug1.mp4,/content/drive/MyDrive/all dataset/mother/person4/mother_53_aug1.mp4,0
mother,person4,mother_54_aug1.mp4,/content/drive/MyDrive/all dataset/mother/person4/mother_54_aug1.mp4,0
mother,person4,mother_56_aug1.mp4,/content/drive/MyDrive/all dataset/mother/person4/mother_56_aug1.mp4,0
mother,person4,mother_57_aug1.mp4,/content/drive/MyDrive/all dataset/mother/person4/mother_57_aug1.mp4,0
mother,person4,mother_59_aug1.mp4,/content/drive/MyDrive/all dataset/mother/person4/mother_59_aug1.mp4,0
mother,person4,mother_61_aug1.mp4,/content/drive/MyDrive/all dataset/mother/person4/mother_61_aug1.mp4,0
mother,person4,mother_60_aug1.mp4,/content/drive/MyDrive/all dataset/mother/person4/mother_60_aug1.mp4,0
mother,person6,mother_78.mp4,/content/drive/MyDrive/all dataset/mother/person6/mother_78.mp4,0
mother,person6,mother_79.mp4,/content/drive/MyDrive/all dataset/mother/person6/mother_79.mp4,0
mother,person6,mother_82.mp4,/content/drive/MyDrive/all dataset/mother/person6/mother_82.mp4,0
mother,person6,mother_77.mp4,/content/drive/MyDrive/all dataset/mother/person6/mother_77.mp4,0
mother,person6,mother_76.mp4,/content/drive/MyDrive/all dataset/mother/person6/mother_76.mp4,0
mother,person6,mother_80.mp4,/content/drive/MyDrive/all dataset/mother/person6/mother_80.mp4,0
mother,person6,mother_85.mp4,/content/drive/MyDrive/all dataset/mother/person6/mother_85.mp4,0
mother,person6,mother_87.mp4,/content/drive/MyDrive/all dataset/mother/person6/mother_87.mp4,0
mother,person6,mother_83.mp4,/content/drive/MyDrive/all dataset/mother/person6/mother_83.mp4,0
mother,person6,mother_84.mp4,/content/drive/MyDrive/all dataset/mother/person6/mother_84.mp4,0
mother,person6,mother_76_aug1.mp4,/content/drive/MyDrive/all dataset/mother/person6/mother_76_aug1.mp4,0
mother,person6,mother_77_aug1.mp4,/content/drive/MyDrive/all dataset/mother/person6/mother_77_aug1.mp4,0
mother,person6,mother_78_aug1.mp4,/content/drive/MyDrive/all dataset/mother/person6/mother_78_aug1.mp4,0
mother,person6,mother_79_aug1.mp4,/content/drive/MyDrive/all dataset/mother/person6/mother_79_aug1.mp4,0
mother,person6,mother_80_aug1.mp4,/content/drive/MyDrive/all dataset/mother/person6/mother_80_aug1.mp4,0
mother,person6,mother_82_aug1.mp4,/content/drive/MyDrive/all dataset/mother/person6/mother_82_aug1.mp4,0
mother,person6,mother_83_aug1.mp4,/content/drive/MyDrive/all dataset/mother/person6/mother_83_aug1.mp4,0
mother,person6,mother_84_aug1.mp4,/content/drive/MyDrive/all dataset/mother/person6/mother_84_aug1.mp4,0
mother,person6,mother_85_aug1.mp4,/content/drive/MyDrive/all dataset/mother/person6/mother_85_aug1.mp4,0
mother,person6,mother_87_aug1.mp4,/content/drive/MyDrive/all dataset/mother/person6/mother_87_aug1.mp4,0
mother,person8,mother_104.mp4,/content/drive/MyDrive/all dataset/mother/person8/mother_104.mp4,0
mother,person8,mother_106.mp4,/content/drive/MyDrive/all dataset/mother/person8/mother_106.mp4,0
mother,person8,mother_109.mp4,/content/drive/MyDrive/all dataset/mother/person8/mother_109.mp4,0
mother,person8,mother_103.mp4,/content/drive/MyDrive/all dataset/mother/person8/mother_103.mp4,0
mother,person8,mother_107.mp4,/content/drive/MyDrive/all dataset/mother/person8/mother_107.mp4,0
mother,person8,mother_108.mp4,/content/drive/MyDrive/all dataset/mother/person8/mother_108.mp4,0
mother,person8,mother_102.mp4,/content/drive/MyDrive/all dataset/mother/person8/mother_102.mp4,0
mother,person8,mother_110.mp4,/content/drive/MyDrive/all dataset/mother/person8/mother_110.mp4,0
mother,person8,mother_101.mp4,/content/drive/MyDrive/all dataset/mother/person8/mother_101.mp4,0
mother,person8,mother_105.mp4,/content/drive/MyDrive/all dataset/mother/person8/mother_105.mp4,0
mother,person8,mother_101_aug1.mp4,/content/drive/MyDrive/all dataset/mother/person8/mother_101_aug1.mp4,0
mother,person8,mother_102_aug1.mp4,/content/drive/MyDrive/all dataset/mother/person8/mother_102_aug1.mp4,0
mother,person8,mother_103_aug1.mp4,/content/drive/MyDrive/all dataset/mother/person8/mother_103_aug1.mp4,0
mother,person8,mother_107_aug1.mp4,/content/drive/MyDrive/all dataset/mother/person8/mother_107_aug1.mp4,0
mother,person8,mother_108_aug1.mp4,/content/drive/MyDrive/all dataset/mother/person8/mother_108_aug1.mp4,0
mother,person8,mother_109_aug1.mp4,/content/drive/MyDrive/all dataset/mother/person8/mother_109_aug1.mp4,0
mother,person8,mother_110_aug1.mp4,/content/drive/MyDrive/all dataset/mother/person8/mother_110_aug1.mp4,0
mother,person8,mother_104_aug1.mp4,/content/drive/MyDrive/all dataset/mother/person8/mother_104_aug1.mp4,0
mother,person8,mother_106_aug1.mp4,/content/drive/MyDrive/all dataset/mother/person8/mother_106_aug1.mp4,0
mother,person8,mother_105_aug1.mp4,/content/drive/MyDrive/all dataset/mother/person8/mother_105_aug1.mp4,0
mother,person9,mother_121.mp4,/content/drive/MyDrive/all dataset/mother/person9/mother_121.mp4,0
mother,person9,mother_123.mp4,/content/drive/MyDrive/all dataset/mother/person9/mother_123.mp4,0
mother,person9,mother_118.mp4,/content/drive/MyDrive/all dataset/mother/person9/mother_118.mp4,0
mother,person9,mother_114.mp4,/content/drive/MyDrive/all dataset/mother/person9/mother_114.mp4,0
mother,person9,mother_116.mp4,/content/drive/MyDrive/all dataset/mother/person9/mother_116.mp4,0
mother,person9,mother_126.mp4,/content/drive/MyDrive/all dataset/mother/person9/mother_126.mp4,0
mother,person9,mother_125.mp4,/content/drive/MyDrive/all dataset/mother/person9/mother_125.mp4,0
mother,person9,mother_115.mp4,/content/drive/MyDrive/all dataset/mother/person9/mother_115.mp4,0
mother,person9,mother_122.mp4,/content/drive/MyDrive/all dataset/mother/person9/mother_122.mp4,0
mother,person9,mother_124.mp4,/content/drive/MyDrive/all dataset/mother/person9/mother_124.mp4,0
mother,person9,mother_114_aug1.mp4,/content/drive/MyDrive/all dataset/mother/person9/mother_114_aug1.mp4,0
mother,person9,mother_115_aug1.mp4,/content/drive/MyDrive/all dataset/mother/person9/mother_115_aug1.mp4,0
mother,person9,mother_116_aug1.mp4,/content/drive/MyDrive/all dataset/mother/person9/mother_116_aug1.mp4,0
mother,person9,mother_118_aug1.mp4,/content/drive/MyDrive/all dataset/mother/person9/mother_118_aug1.mp4,0
mother,person9,mother_121_aug1.mp4,/content/drive/MyDrive/all dataset/mother/person9/mother_121_aug1.mp4,0
mother,person9,mother_122_aug1.mp4,/content/drive/MyDrive/all dataset/mother/person9/mother_122_aug1.mp4,0
mother,person9,mother_123_aug1.mp4,/content/drive/MyDrive/all dataset/mother/person9/mother_123_aug1.mp4,0
mother,person9,mother_124_aug1.mp4,/content/drive/MyDrive/all dataset/mother/person9/mother_124_aug1.mp4,0
mother,person9,mother_125_aug1.mp4,/content/drive/MyDrive/all dataset/mother/person9/mother_125_aug1.mp4,0
mother,person9,mother_126_aug1.mp4,/content/drive/MyDrive/all dataset/mother/person9/mother_126_aug1.mp4,0
name,person4,name_61.mp4,/content/drive/MyDrive/all dataset/name/person4/name_61.mp4,0
name,person4,name_54.mp4,/content/drive/MyDrive/all dataset/name/person4/name_54.mp4,0
name,person4,name_51.mp4,/content/drive/MyDrive/all dataset/name/person4/name_51.mp4,0
name,person4,name_52.mp4,/content/drive/MyDrive/all dataset/name/person4/name_52.mp4,0
name,person4,name_55.mp4,/content/drive/MyDrive/all dataset/name/person4/name_55.mp4,0
name,person4,name_50.mp4,/content/drive/MyDrive/all dataset/name/person4/name_50.mp4,0
name,person4,name_60.mp4,/content/drive/MyDrive/all dataset/name/person4/name_60.mp4,0
name,person4,name_49.mp4,/content/drive/MyDrive/all dataset/name/person4/name_49.mp4,0
name,person4,name_56.mp4,/content/drive/MyDrive/all dataset/name/person4/name_56.mp4,0
name,person4,name_58.mp4,/content/drive/MyDrive/all dataset/name/person4/name_58.mp4,0
name,person4,name_49_aug1.mp4,/content/drive/MyDrive/all dataset/name/person4/name_49_aug1.mp4,0
name,person4,name_50_aug1.mp4,/content/drive/MyDrive/all dataset/name/person4/name_50_aug1.mp4,0
name,person4,name_51_aug1.mp4,/content/drive/MyDrive/all dataset/name/person4/name_51_aug1.mp4,0
name,person4,name_52_aug1.mp4,/content/drive/MyDrive/all dataset/name/person4/name_52_aug1.mp4,0
name,person4,name_54_aug1.mp4,/content/drive/MyDrive/all dataset/name/person4/name_54_aug1.mp4,0
name,person4,name_56_aug1.mp4,/content/drive/MyDrive/all dataset/name/person4/name_56_aug1.mp4,0
name,person4,name_58_aug1.mp4,/content/drive/MyDrive/all dataset/name/person4/name_58_aug1.mp4,0
name,person4,name_60_aug1.mp4,/content/drive/MyDrive/all dataset/name/person4/name_60_aug1.mp4,0
name,person4,name_61_aug1.mp4,/content/drive/MyDrive/all dataset/name/person4/name_61_aug1.mp4,0
name,person4,name_55_aug1.mp4,/content/drive/MyDrive/all dataset/name/person4/name_55_aug1.mp4,0
name,person6,name_87.mp4,/content/drive/MyDrive/all dataset/name/person6/name_87.mp4,0
name,person6,name_84.mp4,/content/drive/MyDrive/all dataset/name/person6/name_84.mp4,0
name,person6,name_75.mp4,/content/drive/MyDrive/all dataset/name/person6/name_75.mp4,0
name,person6,name_80.mp4,/content/drive/MyDrive/all dataset/name/person6/name_80.mp4,0
name,person6,name_78.mp4,/content/drive/MyDrive/all dataset/name/person6/name_78.mp4,0
name,person6,name_76.mp4,/content/drive/MyDrive/all dataset/name/person6/name_76.mp4,0
name,person6,name_85.mp4,/content/drive/MyDrive/all dataset/name/person6/name_85.mp4,0
name,person6,name_82.mp4,/content/drive/MyDrive/all dataset/name/person6/name_82.mp4,0
name,person6,name_81.mp4,/content/drive/MyDrive/all dataset/name/person6/name_81.mp4,0
name,person6,name_77.mp4,/content/drive/MyDrive/all dataset/name/person6/name_77.mp4,0
name,person6,name_75_aug1.mp4,/content/drive/MyDrive/all dataset/name/person6/name_75_aug1.mp4,0
name,person6,name_76_aug1.mp4,/content/drive/MyDrive/all dataset/name/person6/name_76_aug1.mp4,0
name,person6,name_77_aug1.mp4,/content/drive/MyDrive/all dataset/name/person6/name_77_aug1.mp4,0
name,person6,name_78_aug1.mp4,/content/drive/MyDrive/all dataset/name/person6/name_78_aug1.mp4,0
name,person6,name_80_aug1.mp4,/content/drive/MyDrive/all dataset/name/person6/name_80_aug1.mp4,0
name,person6,name_81_aug1.mp4,/content/drive/MyDrive/all dataset/name/person6/name_81_aug1.mp4,0
name,person6,name_82_aug1.mp4,/content/drive/MyDrive/all dataset/name/person6/name_82_aug1.mp4,0
name,person6,name_84_aug1.mp4,/content/drive/MyDrive/all dataset/name/person6/name_84_aug1.mp4,0
name,person6,name_85_aug1.mp4,/content/drive/MyDrive/all dataset/name/person6/name_85_aug1.mp4,0
name,person6,name_87_aug1.mp4,/content/drive/MyDrive/all dataset/name/person6/name_87_aug1.mp4,0
name,person8,name_110.mp4,/content/drive/MyDrive/all dataset/name/person8/name_110.mp4,0
name,person8,name_103.mp4,/content/drive/MyDrive/all dataset/name/person8/name_103.mp4,0
name,person8,name_112.mp4,/content/drive/MyDrive/all dataset/name/person8/name_112.mp4,0
name,person8,name_109.mp4,/content/drive/MyDrive/all dataset/name/person8/name_109.mp4,0
name,person8,name_108.mp4,/content/drive/MyDrive/all dataset/name/person8/name_108.mp4,0
name,person8,name_104.mp4,/content/drive/MyDrive/all dataset/name/person8/name_104.mp4,0
name,person8,name_102.mp4,/content/drive/MyDrive/all dataset/name/person8/name_102.mp4,0
name,person8,name_101.mp4,/content/drive/MyDrive/all dataset/name/person8/name_101.mp4,0
name,person8,name_106.mp4,/content/drive/MyDrive/all dataset/name/person8/name_106.mp4,0
name,person8,name_105.mp4,/content/drive/MyDrive/all dataset/name/person8/name_105.mp4,0
name,person8,name_101_aug1.mp4,/content/drive/MyDrive/all dataset/name/person8/name_101_aug1.mp4,0
name,person8,name_102_aug1.mp4,/content/drive/MyDrive/all dataset/name/person8/name_102_aug1.mp4,0
name,person8,name_103_aug1.mp4,/content/drive/MyDrive/all dataset/name/person8/name_103_aug1.mp4,0
name,person8,name_104_aug1.mp4,/content/drive/MyDrive/all dataset/name/person8/name_104_aug1.mp4,0
name,person8,name_105_aug1.mp4,/content/drive/MyDrive/all dataset/name/person8/name_105_aug1.mp4,0
name,person8,name_106_aug1.mp4,/content/drive/MyDrive/all dataset/name/person8/name_106_aug1.mp4,0
name,person8,name_108_aug1.mp4,/content/drive/MyDrive/all dataset/name/person8/name_108_aug1.mp4,0
name,person8,name_109_aug1.mp4,/content/drive/MyDrive/all dataset/name/person8/name_109_aug1.mp4,0
name,person8,name_110_aug1.mp4,/content/drive/MyDrive/all dataset/name/person8/name_110_aug1.mp4,0
name,person8,name_112_aug1.mp4,/content/drive/MyDrive/all dataset/name/person8/name_112_aug1.mp4,0
name,person1,name_21.mp4,/content/drive/MyDrive/all dataset/name/person1/name_21.mp4,0
name,person1,name_18.mp4,/content/drive/MyDrive/all dataset/name/person1/name_18.mp4,0
name,person1,name_22.mp4,/content/drive/MyDrive/all dataset/name/person1/name_22.mp4,0
name,person1,name_16.mp4,/content/drive/MyDrive/all dataset/name/person1/name_16.mp4,0
name,person1,name_10.mp4,/content/drive/MyDrive/all dataset/name/person1/name_10.mp4,0
name,person1,name_12.mp4,/content/drive/MyDrive/all dataset/name/person1/name_12.mp4,0
name,person1,name_19.mp4,/content/drive/MyDrive/all dataset/name/person1/name_19.mp4,0
name,person1,name_13.mp4,/content/drive/MyDrive/all dataset/name/person1/name_13.mp4,0
name,person1,name_14.mp4,/content/drive/MyDrive/all dataset/name/person1/name_14.mp4,0
name,person1,name_17.mp4,/content/drive/MyDrive/all dataset/name/person1/name_17.mp4,0
name,person1,name_10_aug1.mp4,/content/drive/MyDrive/all dataset/name/person1/name_10_aug1.mp4,0
name,person1,name_12_aug1.mp4,/content/drive/MyDrive/all dataset/name/person1/name_12_aug1.mp4,0
name,person1,name_13_aug1.mp4,/content/drive/MyDrive/all dataset/name/person1/name_13_aug1.mp4,0
name,person1,name_14_aug1.mp4,/content/drive/MyDrive/all dataset/name/person1/name_14_aug1.mp4,0
name,person1,name_16_aug1.mp4,/content/drive/MyDrive/all dataset/name/person1/name_16_aug1.mp4,0
name,person1,name_17_aug1.mp4,/content/drive/MyDrive/all dataset/name/person1/name_17_aug1.mp4,0
name,person1,name_18_aug1.mp4,/content/drive/MyDrive/all dataset/name/person1/name_18_aug1.mp4,0
name,person1,name_19_aug1.mp4,/content/drive/MyDrive/all dataset/name/person1/name_19_aug1.mp4,0
name,person1,name_21_aug1.mp4,/content/drive/MyDrive/all dataset/name/person1/name_21_aug1.mp4,0
name,person1,name_22_aug1.mp4,/content/drive/MyDrive/all dataset/name/person1/name_22_aug1.mp4,0
name,person5,name_65.mp4,/content/drive/MyDrive/all dataset/name/person5/name_65.mp4,0
name,person5,name_69.mp4,/content/drive/MyDrive/all dataset/name/person5/name_69.mp4,0
name,person5,name_70.mp4,/content/drive/MyDrive/all dataset/name/person5/name_70.mp4,0
name,person5,name_66.mp4,/content/drive/MyDrive/all dataset/name/person5/name_66.mp4,0
name,person5,name_73.mp4,/content/drive/MyDrive/all dataset/name/person5/name_73.mp4,0
name,person5,name_71.mp4,/content/drive/MyDrive/all dataset/name/person5/name_71.mp4,0
name,person5,name_62.mp4,/content/drive/MyDrive/all dataset/name/person5/name_62.mp4,0
name,person5,name_63.mp4,/content/drive/MyDrive/all dataset/name/person5/name_63.mp4,0
name,person5,name_64.mp4,/content/drive/MyDrive/all dataset/name/person5/name_64.mp4,0
name,person5,name_72.mp4,/content/drive/MyDrive/all dataset/name/person5/name_72.mp4,0
name,person5,name_62_aug1.mp4,/content/drive/MyDrive/all dataset/name/person5/name_62_aug1.mp4,0
name,person5,name_63_aug1.mp4,/content/drive/MyDrive/all dataset/name/person5/name_63_aug1.mp4,0
name,person5,name_64_aug1.mp4,/content/drive/MyDrive/all dataset/name/person5/name_64_aug1.mp4,0
name,person5,name_65_aug1.mp4,/content/drive/MyDrive/all dataset/name/person5/name_65_aug1.mp4,0
name,person5,name_66_aug1.mp4,/content/drive/MyDrive/all dataset/name/person5/name_66_aug1.mp4,0
name,person5,name_69_aug1.mp4,/content/drive/MyDrive/all dataset/name/person5/name_69_aug1.mp4,0
name,person5,name_70_aug1.mp4,/content/drive/MyDrive/all dataset/name/person5/name_70_aug1.mp4,0
name,person5,name_71_aug1.mp4,/content/drive/MyDrive/all dataset/name/person5/name_71_aug1.mp4,0
name,person5,name_72_aug1.mp4,/content/drive/MyDrive/all dataset/name/person5/name_72_aug1.mp4,0
name,person5,name_73_aug1.mp4,/content/drive/MyDrive/all dataset/name/person5/name_73_aug1.mp4,0
name,person9,name_124.mp4,/content/drive/MyDrive/all dataset/name/person9/name_124.mp4,0
name,person9,name_122.mp4,/content/drive/MyDrive/all dataset/name/person9/name_122.mp4,0
name,person9,name_117.mp4,/content/drive/MyDrive/all dataset/name/person9/name_117.mp4,0
name,person9,name_114.mp4,/content/drive/MyDrive/all dataset/name/person9/name_114.mp4,0
name,person9,name_120.mp4,/content/drive/MyDrive/all dataset/name/person9/name_120.mp4,0
name,person9,name_119.mp4,/content/drive/MyDrive/all dataset/name/person9/name_119.mp4,0
name,person9,name_121.mp4,/content/drive/MyDrive/all dataset/name/person9/name_121.mp4,0
name,person9,name_115.mp4,/content/drive/MyDrive/all dataset/name/person9/name_115.mp4,0
name,person9,name_126.mp4,/content/drive/MyDrive/all dataset/name/person9/name_126.mp4,0
name,person9,name_118.mp4,/content/drive/MyDrive/all dataset/name/person9/name_118.mp4,0
name,person9,name_114_aug1.mp4,/content/drive/MyDrive/all dataset/name/person9/name_114_aug1.mp4,0
name,person9,name_115_aug1.mp4,/content/drive/MyDrive/all dataset/name/person9/name_115_aug1.mp4,0
name,person9,name_117_aug1.mp4,/content/drive/MyDrive/all dataset/name/person9/name_117_aug1.mp4,0
name,person9,name_118_aug1.mp4,/content/drive/MyDrive/all dataset/name/person9/name_118_aug1.mp4,0
name,person9,name_119_aug1.mp4,/content/drive/MyDrive/all dataset/name/person9/name_119_aug1.mp4,0
name,person9,name_120_aug1.mp4,/content/drive/MyDrive/all dataset/name/person9/name_120_aug1.mp4,0
name,person9,name_121_aug1.mp4,/content/drive/MyDrive/all dataset/name/person9/name_121_aug1.mp4,0
name,person9,name_122_aug1.mp4,/content/drive/MyDrive/all dataset/name/person9/name_122_aug1.mp4,0
name,person9,name_124_aug1.mp4,/content/drive/MyDrive/all dataset/name/person9/name_124_aug1.mp4,0
name,person9,name_126_aug1.mp4,/content/drive/MyDrive/all dataset/name/person9/name_126_aug1.mp4,0
name,person3,name_48.mp4,/content/drive/MyDrive/all dataset/name/person3/name_48.mp4,0
name,person3,name_45.mp4,/content/drive/MyDrive/all dataset/name/person3/name_45.mp4,0
name,person3,name_39.mp4,/content/drive/MyDrive/all dataset/name/person3/name_39.mp4,0
name,person3,name_44.mp4,/content/drive/MyDrive/all dataset/name/person3/name_44.mp4,0
name,person3,name_36.mp4,/content/drive/MyDrive/all dataset/name/person3/name_36.mp4,0
name,person3,name_38.mp4,/content/drive/MyDrive/all dataset/name/person3/name_38.mp4,0
name,person3,name_46.mp4,/content/drive/MyDrive/all dataset/name/person3/name_46.mp4,0
name,person3,name_41.mp4,/content/drive/MyDrive/all dataset/name/person3/name_41.mp4,0
name,person3,name_43.mp4,/content/drive/MyDrive/all dataset/name/person3/name_43.mp4,0
name,person3,name_42.mp4,/content/drive/MyDrive/all dataset/name/person3/name_42.mp4,0
name,person3,name_36_aug1.mp4,/content/drive/MyDrive/all dataset/name/person3/name_36_aug1.mp4,0
name,person3,name_38_aug1.mp4,/content/drive/MyDrive/all dataset/name/person3/name_38_aug1.mp4,0
name,person3,name_39_aug1.mp4,/content/drive/MyDrive/all dataset/name/person3/name_39_aug1.mp4,0
name,person3,name_41_aug1.mp4,/content/drive/MyDrive/all dataset/name/person3/name_41_aug1.mp4,0
name,person3,name_42_aug1.mp4,/content/drive/MyDrive/all dataset/name/person3/name_42_aug1.mp4,0
name,person3,name_43_aug1.mp4,/content/drive/MyDrive/all dataset/name/person3/name_43_aug1.mp4,0
name,person3,name_44_aug1.mp4,/content/drive/MyDrive/all dataset/name/person3/name_44_aug1.mp4,0
name,person3,name_45_aug1.mp4,/content/drive/MyDrive/all dataset/name/person3/name_45_aug1.mp4,0
name,person3,name_46_aug1.mp4,/content/drive/MyDrive/all dataset/name/person3/name_46_aug1.mp4,0
name,person3,name_48_aug1.mp4,/content/drive/MyDrive/all dataset/name/person3/name_48_aug1.mp4,0
name,person2,name_34.mp4,/content/drive/MyDrive/all dataset/name/person2/name_34.mp4,0
name,person2,name_26.mp4,/content/drive/MyDrive/all dataset/name/person2/name_26.mp4,0
name,person2,name_31.mp4,/content/drive/MyDrive/all dataset/name/person2/name_31.mp4,0
name,person2,name_29.mp4,/content/drive/MyDrive/all dataset/name/person2/name_29.mp4,0
name,person2,name_23.mp4,/content/drive/MyDrive/all dataset/name/person2/name_23.mp4,0
name,person2,name_27.mp4,/content/drive/MyDrive/all dataset/name/person2/name_27.mp4,0
name,person2,name_25.mp4,/content/drive/MyDrive/all dataset/name/person2/name_25.mp4,0
name,person2,name_30.mp4,/content/drive/MyDrive/all dataset/name/person2/name_30.mp4,0
name,person2,name_24.mp4,/content/drive/MyDrive/all dataset/name/person2/name_24.mp4,0
name,person2,name_35.mp4,/content/drive/MyDrive/all dataset/name/person2/name_35.mp4,0
name,person2,name_23_aug1.mp4,/content/drive/MyDrive/all dataset/name/person2/name_23_aug1.mp4,0
name,person2,name_24_aug1.mp4,/content/drive/MyDrive/all dataset/name/person2/name_24_aug1.mp4,0
name,person2,name_25_aug1.mp4,/content/drive/MyDrive/all dataset/name/person2/name_25_aug1.mp4,0
name,person2,name_26_aug1.mp4,/content/drive/MyDrive/all dataset/name/person2/name_26_aug1.mp4,0
name,person2,name_27_aug1.mp4,/content/drive/MyDrive/all dataset/name/person2/name_27_aug1.mp4,0
name,person2,name_29_aug1.mp4,/content/drive/MyDrive/all dataset/name/person2/name_29_aug1.mp4,0
name,person2,name_31_aug1.mp4,/content/drive/MyDrive/all dataset/name/person2/name_31_aug1.mp4,0
name,person2,name_34_aug1.mp4,/content/drive/MyDrive/all dataset/name/person2/name_34_aug1.mp4,0
name,person2,name_35_aug1.mp4,/content/drive/MyDrive/all dataset/name/person2/name_35_aug1.mp4,0
name,person2,name_30_aug1.mp4,/content/drive/MyDrive/all dataset/name/person2/name_30_aug1.mp4,0
name,person7,name_92.mp4,/content/drive/MyDrive/all dataset/name/person7/name_92.mp4,0
name,person7,name_88.mp4,/content/drive/MyDrive/all dataset/name/person7/name_88.mp4,0
name,person7,name_96.mp4,/content/drive/MyDrive/all dataset/name/person7/name_96.mp4,0
name,person7,name_95.mp4,/content/drive/MyDrive/all dataset/name/person7/name_95.mp4,0
name,person7,name_91.mp4,/content/drive/MyDrive/all dataset/name/person7/name_91.mp4,0
name,person7,name_98.mp4,/content/drive/MyDrive/all dataset/name/person7/name_98.mp4,0
name,person7,name_94.mp4,/content/drive/MyDrive/all dataset/name/person7/name_94.mp4,0
name,person7,name_100.mp4,/content/drive/MyDrive/all dataset/name/person7/name_100.mp4,0
name,person7,name_99.mp4,/content/drive/MyDrive/all dataset/name/person7/name_99.mp4,0
name,person7,name_97.mp4,/content/drive/MyDrive/all dataset/name/person7/name_97.mp4,0
name,person7,name_100_aug1.mp4,/content/drive/MyDrive/all dataset/name/person7/name_100_aug1.mp4,0
name,person7,name_88_aug1.mp4,/content/drive/MyDrive/all dataset/name/person7/name_88_aug1.mp4,0
name,person7,name_91_aug1.mp4,/content/drive/MyDrive/all dataset/name/person7/name_91_aug1.mp4,0
name,person7,name_92_aug1.mp4,/content/drive/MyDrive/all dataset/name/person7/name_92_aug1.mp4,0
name,person7,name_94_aug1.mp4,/content/drive/MyDrive/all dataset/name/person7/name_94_aug1.mp4,0
name,person7,name_95_aug1.mp4,/content/drive/MyDrive/all dataset/name/person7/name_95_aug1.mp4,0
name,person7,name_96_aug1.mp4,/content/drive/MyDrive/all dataset/name/person7/name_96_aug1.mp4,0
name,person7,name_97_aug1.mp4,/content/drive/MyDrive/all dataset/name/person7/name_97_aug1.mp4,0
name,person7,name_98_aug1.mp4,/content/drive/MyDrive/all dataset/name/person7/name_98_aug1.mp4,0
name,person7,name_99_aug1.mp4,/content/drive/MyDrive/all dataset/name/person7/name_99_aug1.mp4,0
sister,person5,sister_65.mp4,/content/drive/MyDrive/all dataset/sister/person5/sister_65.mp4,0
sister,person5,sister_66.mp4,/content/drive/MyDrive/all dataset/sister/person5/sister_66.mp4,0
sister,person5,sister_73.mp4,/content/drive/MyDrive/all dataset/sister/person5/sister_73.mp4,0
sister,person5,sister_64.mp4,/content/drive/MyDrive/all dataset/sister/person5/sister_64.mp4,0
sister,person5,sister_68.mp4,/content/drive/MyDrive/all dataset/sister/person5/sister_68.mp4,0
sister,person5,sister_71.mp4,/content/drive/MyDrive/all dataset/sister/person5/sister_71.mp4,0
sister,person5,sister_74.mp4,/content/drive/MyDrive/all dataset/sister/person5/sister_74.mp4,0
sister,person5,sister_72.mp4,/content/drive/MyDrive/all dataset/sister/person5/sister_72.mp4,0
sister,person5,sister_63.mp4,/content/drive/MyDrive/all dataset/sister/person5/sister_63.mp4,0
sister,person5,sister_70.mp4,/content/drive/MyDrive/all dataset/sister/person5/sister_70.mp4,0
sister,person5,sister_63_aug1.mp4,/content/drive/MyDrive/all dataset/sister/person5/sister_63_aug1.mp4,0
sister,person5,sister_64_aug1.mp4,/content/drive/MyDrive/all dataset/sister/person5/sister_64_aug1.mp4,0
sister,person5,sister_65_aug1.mp4,/content/drive/MyDrive/all dataset/sister/person5/sister_65_aug1.mp4,0
sister,person5,sister_66_aug1.mp4,/content/drive/MyDrive/all dataset/sister/person5/sister_66_aug1.mp4,0
sister,person5,sister_68_aug1.mp4,/content/drive/MyDrive/all dataset/sister/person5/sister_68_aug1.mp4,0
sister,person5,sister_70_aug1.mp4,/content/drive/MyDrive/all dataset/sister/person5/sister_70_aug1.mp4,0
sister,person5,sister_71_aug1.mp4,/content/drive/MyDrive/all dataset/sister/person5/sister_71_aug1.mp4,0
sister,person5,sister_72_aug1.mp4,/content/drive/MyDrive/all dataset/sister/person5/sister_72_aug1.mp4,0
sister,person5,sister_73_aug1.mp4,/content/drive/MyDrive/all dataset/sister/person5/sister_73_aug1.mp4,0
sister,person5,sister_74_aug1.mp4,/content/drive/MyDrive/all dataset/sister/person5/sister_74_aug1.mp4,0
sister,person9,sister_116.mp4,/content/drive/MyDrive/all dataset/sister/person9/sister_116.mp4,0
sister,person9,sister_124.mp4,/content/drive/MyDrive/all dataset/sister/person9/sister_124.mp4,0
sister,person9,sister_123.mp4,/content/drive/MyDrive/all dataset/sister/person9/sister_123.mp4,0
sister,person9,sister_120.mp4,/content/drive/MyDrive/all dataset/sister/person9/sister_120.mp4,0
sister,person9,sister_126.mp4,/content/drive/MyDrive/all dataset/sister/person9/sister_126.mp4,0
sister,person9,sister_115.mp4,/content/drive/MyDrive/all dataset/sister/person9/sister_115.mp4,0
sister,person9,sister_119.mp4,/content/drive/MyDrive/all dataset/sister/person9/sister_119.mp4,0
sister,person9,sister_114.mp4,/content/drive/MyDrive/all dataset/sister/person9/sister_114.mp4,0
sister,person9,sister_122.mp4,/content/drive/MyDrive/all dataset/sister/person9/sister_122.mp4,0
sister,person9,sister_125.mp4,/content/drive/MyDrive/all dataset/sister/person9/sister_125.mp4,0
sister,person9,sister_114_aug1.mp4,/content/drive/MyDrive/all dataset/sister/person9/sister_114_aug1.mp4,0
sister,person9,sister_115_aug1.mp4,/content/drive/MyDrive/all dataset/sister/person9/sister_115_aug1.mp4,0
sister,person9,sister_116_aug1.mp4,/content/drive/MyDrive/all dataset/sister/person9/sister_116_aug1.mp4,0
sister,person9,sister_119_aug1.mp4,/content/drive/MyDrive/all dataset/sister/person9/sister_119_aug1.mp4,0
sister,person9,sister_120_aug1.mp4,/content/drive/MyDrive/all dataset/sister/person9/sister_120_aug1.mp4,0
sister,person9,sister_122_aug1.mp4,/content/drive/MyDrive/all dataset/sister/person9/sister_122_aug1.mp4,0
sister,person9,sister_123_aug1.mp4,/content/drive/MyDrive/all dataset/sister/person9/sister_123_aug1.mp4,0
sister,person9,sister_124_aug1.mp4,/content/drive/MyDrive/all dataset/sister/person9/sister_124_aug1.mp4,0
sister,person9,sister_125_aug1.mp4,/content/drive/MyDrive/all dataset/sister/person9/sister_125_aug1.mp4,0
sister,person9,sister_126_aug1.mp4,/content/drive/MyDrive/all dataset/sister/person9/sister_126_aug1.mp4,0
sister,person7,sister_92.mp4,/content/drive/MyDrive/all dataset/sister/person7/sister_92.mp4,0
sister,person7,sister_91.mp4,/content/drive/MyDrive/all dataset/sister/person7/sister_91.mp4,0
sister,person7,sister_96.mp4,/content/drive/MyDrive/all dataset/sister/person7/sister_96.mp4,0
sister,person7,sister_100.mp4,/content/drive/MyDrive/all dataset/sister/person7/sister_100.mp4,0
sister,person7,sister_93.mp4,/content/drive/MyDrive/all dataset/sister/person7/sister_93.mp4,0
sister,person7,sister_90.mp4,/content/drive/MyDrive/all dataset/sister/person7/sister_90.mp4,0
sister,person7,sister_89.mp4,/content/drive/MyDrive/all dataset/sister/person7/sister_89.mp4,0
sister,person7,sister_88.mp4,/content/drive/MyDrive/all dataset/sister/person7/sister_88.mp4,0
sister,person7,sister_94.mp4,/content/drive/MyDrive/all dataset/sister/person7/sister_94.mp4,0
sister,person7,sister_97.mp4,/content/drive/MyDrive/all dataset/sister/person7/sister_97.mp4,0
sister,person7,sister_100_aug1.mp4,/content/drive/MyDrive/all dataset/sister/person7/sister_100_aug1.mp4,0
sister,person7,sister_88_aug1.mp4,/content/drive/MyDrive/all dataset/sister/person7/sister_88_aug1.mp4,0
sister,person7,sister_89_aug1.mp4,/content/drive/MyDrive/all dataset/sister/person7/sister_89_aug1.mp4,0
sister,person7,sister_90_aug1.mp4,/content/drive/MyDrive/all dataset/sister/person7/sister_90_aug1.mp4,0
sister,person7,sister_91_aug1.mp4,/content/drive/MyDrive/all dataset/sister/person7/sister_91_aug1.mp4,0
sister,person7,sister_92_aug1.mp4,/content/drive/MyDrive/all dataset/sister/person7/sister_92_aug1.mp4,0
sister,person7,sister_93_aug1.mp4,/content/drive/MyDrive/all dataset/sister/person7/sister_93_aug1.mp4,0
sister,person7,sister_94_aug1.mp4,/content/drive/MyDrive/all dataset/sister/person7/sister_94_aug1.mp4,0
sister,person7,sister_96_aug1.mp4,/content/drive/MyDrive/all dataset/sister/person7/sister_96_aug1.mp4,0
sister,person7,sister_97_aug1.mp4,/content/drive/MyDrive/all dataset/sister/person7/sister_97_aug1.mp4,0
sister,person1,sister_14.mp4,/content/drive/MyDrive/all dataset/sister/person1/sister_14.mp4,0
sister,person1,sister_20.mp4,/content/drive/MyDrive/all dataset/sister/person1/sister_20.mp4,0
sister,person1,sister_22.mp4,/content/drive/MyDrive/all dataset/sister/person1/sister_22.mp4,0
sister,person1,sister_12.mp4,/content/drive/MyDrive/all dataset/sister/person1/sister_12.mp4,0
sister,person1,sister_21.mp4,/content/drive/MyDrive/all dataset/sister/person1/sister_21.mp4,0
sister,person1,sister_19.mp4,/content/drive/MyDrive/all dataset/sister/person1/sister_19.mp4,0
sister,person1,sister_10.mp4,/content/drive/MyDrive/all dataset/sister/person1/sister_10.mp4,0
sister,person1,sister_11.mp4,/content/drive/MyDrive/all dataset/sister/person1/sister_11.mp4,0
sister,person1,sister_15.mp4,/content/drive/MyDrive/all dataset/sister/person1/sister_15.mp4,0
sister,person1,sister_13.mp4,/content/drive/MyDrive/all dataset/sister/person1/sister_13.mp4,0
sister,person1,sister_10_aug1.mp4,/content/drive/MyDrive/all dataset/sister/person1/sister_10_aug1.mp4,0
sister,person1,sister_11_aug1.mp4,/content/drive/MyDrive/all dataset/sister/person1/sister_11_aug1.mp4,0
sister,person1,sister_12_aug1.mp4,/content/drive/MyDrive/all dataset/sister/person1/sister_12_aug1.mp4,0
sister,person1,sister_13_aug1.mp4,/content/drive/MyDrive/all dataset/sister/person1/sister_13_aug1.mp4,0
sister,person1,sister_14_aug1.mp4,/content/drive/MyDrive/all dataset/sister/person1/sister_14_aug1.mp4,0
sister,person1,sister_15_aug1.mp4,/content/drive/MyDrive/all dataset/sister/person1/sister_15_aug1.mp4,0
sister,person1,sister_19_aug1.mp4,/content/drive/MyDrive/all dataset/sister/person1/sister_19_aug1.mp4,0
sister,person1,sister_20_aug1.mp4,/content/drive/MyDrive/all dataset/sister/person1/sister_20_aug1.mp4,0
sister,person1,sister_21_aug1.mp4,/content/drive/MyDrive/all dataset/sister/person1/sister_21_aug1.mp4,0
sister,person1,sister_22_aug1.mp4,/content/drive/MyDrive/all dataset/sister/person1/sister_22_aug1.mp4,0
sister,person2,sister_25.mp4,/content/drive/MyDrive/all dataset/sister/person2/sister_25.mp4,0
sister,person2,sister_35.mp4,/content/drive/MyDrive/all dataset/sister/person2/sister_35.mp4,0
sister,person2,sister_24.mp4,/content/drive/MyDrive/all dataset/sister/person2/sister_24.mp4,0
sister,person2,sister_32.mp4,/content/drive/MyDrive/all dataset/sister/person2/sister_32.mp4,0
sister,person2,sister_30.mp4,/content/drive/MyDrive/all dataset/sister/person2/sister_30.mp4,0
sister,person2,sister_34.mp4,/content/drive/MyDrive/all dataset/sister/person2/sister_34.mp4,0
sister,person2,sister_31.mp4,/content/drive/MyDrive/all dataset/sister/person2/sister_31.mp4,0
sister,person2,sister_33.mp4,/content/drive/MyDrive/all dataset/sister/person2/sister_33.mp4,0
sister,person2,sister_28.mp4,/content/drive/MyDrive/all dataset/sister/person2/sister_28.mp4,0
sister,person2,sister_27.mp4,/content/drive/MyDrive/all dataset/sister/person2/sister_27.mp4,0
sister,person2,sister_24_aug1.mp4,/content/drive/MyDrive/all dataset/sister/person2/sister_24_aug1.mp4,0
sister,person2,sister_25_aug1.mp4,/content/drive/MyDrive/all dataset/sister/person2/sister_25_aug1.mp4,0
sister,person2,sister_27_aug1.mp4,/content/drive/MyDrive/all dataset/sister/person2/sister_27_aug1.mp4,0
sister,person2,sister_28_aug1.mp4,/content/drive/MyDrive/all dataset/sister/person2/sister_28_aug1.mp4,0
sister,person2,sister_30_aug1.mp4,/content/drive/MyDrive/all dataset/sister/person2/sister_30_aug1.mp4,0
sister,person2,sister_31_aug1.mp4,/content/drive/MyDrive/all dataset/sister/person2/sister_31_aug1.mp4,0
sister,person2,sister_32_aug1.mp4,/content/drive/MyDrive/all dataset/sister/person2/sister_32_aug1.mp4,0
sister,person2,sister_33_aug1.mp4,/content/drive/MyDrive/all dataset/sister/person2/sister_33_aug1.mp4,0
sister,person2,sister_34_aug1.mp4,/content/drive/MyDrive/all dataset/sister/person2/sister_34_aug1.mp4,0
sister,person2,sister_35_aug1.mp4,/content/drive/MyDrive/all dataset/sister/person2/sister_35_aug1.mp4,0
sister,person3,sister_46.mp4,/content/drive/MyDrive/all dataset/sister/person3/sister_46.mp4,0
sister,person3,sister_39.mp4,/content/drive/MyDrive/all dataset/sister/person3/sister_39.mp4,0
sister,person3,sister_37.mp4,/content/drive/MyDrive/all dataset/sister/person3/sister_37.mp4,0
sister,person3,sister_41.mp4,/content/drive/MyDrive/all dataset/sister/person3/sister_41.mp4,0
sister,person3,sister_43.mp4,/content/drive/MyDrive/all dataset/sister/person3/sister_43.mp4,0
sister,person3,sister_40.mp4,/content/drive/MyDrive/all dataset/sister/person3/sister_40.mp4,0
sister,person3,sister_44.mp4,/content/drive/MyDrive/all dataset/sister/person3/sister_44.mp4,0
sister,person3,sister_48.mp4,/content/drive/MyDrive/all dataset/sister/person3/sister_48.mp4,0
sister,person3,sister_47.mp4,/content/drive/MyDrive/all dataset/sister/person3/sister_47.mp4,0
sister,person3,sister_38.mp4,/content/drive/MyDrive/all dataset/sister/person3/sister_38.mp4,0
sister,person3,sister_37_aug1.mp4,/content/drive/MyDrive/all dataset/sister/person3/sister_37_aug1.mp4,0
sister,person3,sister_38_aug1.mp4,/content/drive/MyDrive/all dataset/sister/person3/sister_38_aug1.mp4,0
sister,person3,sister_39_aug1.mp4,/content/drive/MyDrive/all dataset/sister/person3/sister_39_aug1.mp4,0
sister,person3,sister_40_aug1.mp4,/content/drive/MyDrive/all dataset/sister/person3/sister_40_aug1.mp4,0
sister,person3,sister_41_aug1.mp4,/content/drive/MyDrive/all dataset/sister/person3/sister_41_aug1.mp4,0
sister,person3,sister_43_aug1.mp4,/content/drive/MyDrive/all dataset/sister/person3/sister_43_aug1.mp4,0
sister,person3,sister_44_aug1.mp4,/content/drive/MyDrive/all dataset/sister/person3/sister_44_aug1.mp4,0
sister,person3,sister_46_aug1.mp4,/content/drive/MyDrive/all dataset/sister/person3/sister_46_aug1.mp4,0
sister,person3,sister_47_aug1.mp4,/content/drive/MyDrive/all dataset/sister/person3/sister_47_aug1.mp4,0
sister,person3,sister_48_aug1.mp4,/content/drive/MyDrive/all dataset/sister/person3/sister_48_aug1.mp4,0
sister,person4,sister_52.mp4,/content/drive/MyDrive/all dataset/sister/person4/sister_52.mp4,0
sister,person4,sister_49.mp4,/content/drive/MyDrive/all dataset/sister/person4/sister_49.mp4,0
sister,person4,sister_51.mp4,/content/drive/MyDrive/all dataset/sister/person4/sister_51.mp4,0
sister,person4,sister_50.mp4,/content/drive/MyDrive/all dataset/sister/person4/sister_50.mp4,0
sister,person4,sister_60.mp4,/content/drive/MyDrive/all dataset/sister/person4/sister_60.mp4,0
sister,person4,sister_57.mp4,/content/drive/MyDrive/all dataset/sister/person4/sister_57.mp4,0
sister,person4,sister_59.mp4,/content/drive/MyDrive/all dataset/sister/person4/sister_59.mp4,0
sister,person4,sister_53.mp4,/content/drive/MyDrive/all dataset/sister/person4/sister_53.mp4,0
sister,person4,sister_54.mp4,/content/drive/MyDrive/all dataset/sister/person4/sister_54.mp4,0
sister,person4,sister_56.mp4,/content/drive/MyDrive/all dataset/sister/person4/sister_56.mp4,0
sister,person4,sister_49_aug1.mp4,/content/drive/MyDrive/all dataset/sister/person4/sister_49_aug1.mp4,0
sister,person4,sister_50_aug1.mp4,/content/drive/MyDrive/all dataset/sister/person4/sister_50_aug1.mp4,0
sister,person4,sister_51_aug1.mp4,/content/drive/MyDrive/all dataset/sister/person4/sister_51_aug1.mp4,0
sister,person4,sister_52_aug1.mp4,/content/drive/MyDrive/all dataset/sister/person4/sister_52_aug1.mp4,0
sister,person4,sister_53_aug1.mp4,/content/drive/MyDrive/all dataset/sister/person4/sister_53_aug1.mp4,0
sister,person4,sister_54_aug1.mp4,/content/drive/MyDrive/all dataset/sister/person4/sister_54_aug1.mp4,0
sister,person4,sister_56_aug1.mp4,/content/drive/MyDrive/all dataset/sister/person4/sister_56_aug1.mp4,0
sister,person4,sister_57_aug1.mp4,/content/drive/MyDrive/all dataset/sister/person4/sister_57_aug1.mp4,0
sister,person4,sister_59_aug1.mp4,/content/drive/MyDrive/all dataset/sister/person4/sister_59_aug1.mp4,0
sister,person4,sister_60_aug1.mp4,/content/drive/MyDrive/all dataset/sister/person4/sister_60_aug1.mp4,0
sister,person6,sister_87.mp4,/content/drive/MyDrive/all dataset/sister/person6/sister_87.mp4,0
sister,person6,sister_76.mp4,/content/drive/MyDrive/all dataset/sister/person6/sister_76.mp4,0
sister,person6,sister_83.mp4,/content/drive/MyDrive/all dataset/sister/person6/sister_83.mp4,0
sister,person6,sister_82.mp4,/content/drive/MyDrive/all dataset/sister/person6/sister_82.mp4,0
sister,person6,sister_77.mp4,/content/drive/MyDrive/all dataset/sister/person6/sister_77.mp4,0
sister,person6,sister_78.mp4,/content/drive/MyDrive/all dataset/sister/person6/sister_78.mp4,0
sister,person6,sister_80.mp4,/content/drive/MyDrive/all dataset/sister/person6/sister_80.mp4,0
sister,person6,sister_84.mp4,/content/drive/MyDrive/all dataset/sister/person6/sister_84.mp4,0
sister,person6,sister_75.mp4,/content/drive/MyDrive/all dataset/sister/person6/sister_75.mp4,0
sister,person6,sister_85.mp4,/content/drive/MyDrive/all dataset/sister/person6/sister_85.mp4,0
sister,person6,sister_75_aug1.mp4,/content/drive/MyDrive/all dataset/sister/person6/sister_75_aug1.mp4,0
sister,person6,sister_76_aug1.mp4,/content/drive/MyDrive/all dataset/sister/person6/sister_76_aug1.mp4,0
sister,person6,sister_77_aug1.mp4,/content/drive/MyDrive/all dataset/sister/person6/sister_77_aug1.mp4,0
sister,person6,sister_78_aug1.mp4,/content/drive/MyDrive/all dataset/sister/person6/sister_78_aug1.mp4,0
sister,person6,sister_80_aug1.mp4,/content/drive/MyDrive/all dataset/sister/person6/sister_80_aug1.mp4,0
sister,person6,sister_82_aug1.mp4,/content/drive/MyDrive/all dataset/sister/person6/sister_82_aug1.mp4,0
sister,person6,sister_83_aug1.mp4,/content/drive/MyDrive/all dataset/sister/person6/sister_83_aug1.mp4,0
sister,person6,sister_84_aug1.mp4,/content/drive/MyDrive/all dataset/sister/person6/sister_84_aug1.mp4,0
sister,person6,sister_85_aug1.mp4,/content/drive/MyDrive/all dataset/sister/person6/sister_85_aug1.mp4,0
sister,person6,sister_87_aug1.mp4,/content/drive/MyDrive/all dataset/sister/person6/sister_87_aug1.mp4,0
sister,person8,sister_107.mp4,/content/drive/MyDrive/all dataset/sister/person8/sister_107.mp4,0
sister,person8,sister_102.mp4,/content/drive/MyDrive/all dataset/sister/person8/sister_102.mp4,0
sister,person8,sister_108.mp4,/content/drive/MyDrive/all dataset/sister/person8/sister_108.mp4,0
sister,person8,sister_105.mp4,/content/drive/MyDrive/all dataset/sister/person8/sister_105.mp4,0
sister,person8,sister_112.mp4,/content/drive/MyDrive/all dataset/sister/person8/sister_112.mp4,0
sister,person8,sister_103.mp4,/content/drive/MyDrive/all dataset/sister/person8/sister_103.mp4,0
sister,person8,sister_109.mp4,/content/drive/MyDrive/all dataset/sister/person8/sister_109.mp4,0
sister,person8,sister_101.mp4,/content/drive/MyDrive/all dataset/sister/person8/sister_101.mp4,0
sister,person8,sister_106.mp4,/content/drive/MyDrive/all dataset/sister/person8/sister_106.mp4,0
sister,person8,sister_111.mp4,/content/drive/MyDrive/all dataset/sister/person8/sister_111.mp4,0
sister,person8,sister_101_aug1.mp4,/content/drive/MyDrive/all dataset/sister/person8/sister_101_aug1.mp4,0
sister,person8,sister_102_aug1.mp4,/content/drive/MyDrive/all dataset/sister/person8/sister_102_aug1.mp4,0
sister,person8,sister_103_aug1.mp4,/content/drive/MyDrive/all dataset/sister/person8/sister_103_aug1.mp4,0
sister,person8,sister_105_aug1.mp4,/content/drive/MyDrive/all dataset/sister/person8/sister_105_aug1.mp4,0
sister,person8,sister_106_aug1.mp4,/content/drive/MyDrive/all dataset/sister/person8/sister_106_aug1.mp4,0
sister,person8,sister_107_aug1.mp4,/content/drive/MyDrive/all dataset/sister/person8/sister_107_aug1.mp4,0
sister,person8,sister_108_aug1.mp4,/content/drive/MyDrive/all dataset/sister/person8/sister_108_aug1.mp4,0
sister,person8,sister_111_aug1.mp4,/content/drive/MyDrive/all dataset/sister/person8/sister_111_aug1.mp4,0
sister,person8,sister_109_aug1.mp4,/content/drive/MyDrive/all dataset/sister/person8/sister_109_aug1.mp4,0
sister,person8,sister_112_aug1.mp4,/content/drive/MyDrive/all dataset/sister/person8/sister_112_aug1.mp4,0
teacher,person1,teacher_1.mp4,/content/drive/MyDrive/all dataset/teacher/person1/teacher_1.mp4,0
teacher,person1,teacher_1_aug_1.mp4,/content/drive/MyDrive/all dataset/teacher/person1/teacher_1_aug_1.mp4,0
teacher,person1,teacher_1_aug_3.mp4,/content/drive/MyDrive/all dataset/teacher/person1/teacher_1_aug_3.mp4,0
teacher,person1,teacher_1_aug_4.mp4,/content/drive/MyDrive/all dataset/teacher/person1/teacher_1_aug_4.mp4,0
teacher,person1,teacher_1_aug_5.mp4,/content/drive/MyDrive/all dataset/teacher/person1/teacher_1_aug_5.mp4,0
teacher,person1,teacher_1_aug_6.mp4,/content/drive/MyDrive/all dataset/teacher/person1/teacher_1_aug_6.mp4,0
teacher,person1,teacher_1_aug_7.mp4,/content/drive/MyDrive/all dataset/teacher/person1/teacher_1_aug_7.mp4,0
teacher,person1,teacher_1_aug_8.mp4,/content/drive/MyDrive/all dataset/teacher/person1/teacher_1_aug_8.mp4,0
teacher,person1,teacher_1_aug_9.mp4,/content/drive/MyDrive/all dataset/teacher/person1/teacher_1_aug_9.mp4,0
teacher,person1,teacher_1_aug_10.mp4,/content/drive/MyDrive/all dataset/teacher/person1/teacher_1_aug_10.mp4,0
teacher,person1,teacher_1_aug1.mp4,/content/drive/MyDrive/all dataset/teacher/person1/teacher_1_aug1.mp4,0
teacher,person1,teacher_1_aug_1204fcb5.mp4,/content/drive/MyDrive/all dataset/teacher/person1/teacher_1_aug_1204fcb5.mp4,0
teacher,person1,teacher_1_aug_173dfab6.mp4,/content/drive/MyDrive/all dataset/teacher/person1/teacher_1_aug_173dfab6.mp4,0
teacher,person1,teacher_1_aug_4ae1554c.mp4,/content/drive/MyDrive/all dataset/teacher/person1/teacher_1_aug_4ae1554c.mp4,0
teacher,person1,teacher_1_aug_5849d76f.mp4,/content/drive/MyDrive/all dataset/teacher/person1/teacher_1_aug_5849d76f.mp4,0
teacher,person1,teacher_1_aug_c28c1dc2.mp4,/content/drive/MyDrive/all dataset/teacher/person1/teacher_1_aug_c28c1dc2.mp4,0
teacher,person1,teacher_1_aug_c5dbcea5.mp4,/content/drive/MyDrive/all dataset/teacher/person1/teacher_1_aug_c5dbcea5.mp4,0
teacher,person1,teacher_1_aug_4de2f2b4.mp4,/content/drive/MyDrive/all dataset/teacher/person1/teacher_1_aug_4de2f2b4.mp4,0
teacher,person1,teacher_1_aug_bc38d083.mp4,/content/drive/MyDrive/all dataset/teacher/person1/teacher_1_aug_bc38d083.mp4,0
teacher,person1,teacher_1_aug_fcbae6c4.mp4,/content/drive/MyDrive/all dataset/teacher/person1/teacher_1_aug_fcbae6c4.mp4,0
teacher,person2,teacher_1.mp4,/content/drive/MyDrive/all dataset/teacher/person2/teacher_1.mp4,0
teacher,person2,teacher_1_aug_1.mp4,/content/drive/MyDrive/all dataset/teacher/person2/teacher_1_aug_1.mp4,0
teacher,person2,teacher_1_aug_2.mp4,/content/drive/MyDrive/all dataset/teacher/person2/teacher_1_aug_2.mp4,0
teacher,person2,teacher_1_aug_3.mp4,/content/drive/MyDrive/all dataset/teacher/person2/teacher_1_aug_3.mp4,0
teacher,person2,teacher_1_aug_4.mp4,/content/drive/MyDrive/all dataset/teacher/person2/teacher_1_aug_4.mp4,0
teacher,person2,teacher_1_aug_5.mp4,/content/drive/MyDrive/all dataset/teacher/person2/teacher_1_aug_5.mp4,0
teacher,person2,teacher_1_aug_6.mp4,/content/drive/MyDrive/all dataset/teacher/person2/teacher_1_aug_6.mp4,0
teacher,person2,teacher_1_aug_8.mp4,/content/drive/MyDrive/all dataset/teacher/person2/teacher_1_aug_8.mp4,0
teacher,person2,teacher_1_aug_10.mp4,/content/drive/MyDrive/all dataset/teacher/person2/teacher_1_aug_10.mp4,0
teacher,person2,teacher_1_aug_11.mp4,/content/drive/MyDrive/all dataset/teacher/person2/teacher_1_aug_11.mp4,0
teacher,person2,teacher_1_aug1.mp4,/content/drive/MyDrive/all dataset/teacher/person2/teacher_1_aug1.mp4,0
teacher,person2,teacher_1_aug_7878092a.mp4,/content/drive/MyDrive/all dataset/teacher/person2/teacher_1_aug_7878092a.mp4,0
teacher,person2,teacher_1_aug_ca0acb77.mp4,/content/drive/MyDrive/all dataset/teacher/person2/teacher_1_aug_ca0acb77.mp4,0
teacher,person2,teacher_1_aug_dd18a2f3.mp4,/content/drive/MyDrive/all dataset/teacher/person2/teacher_1_aug_dd18a2f3.mp4,0
teacher,person2,teacher_1_aug_68019da9.mp4,/content/drive/MyDrive/all dataset/teacher/person2/teacher_1_aug_68019da9.mp4,0
teacher,person2,teacher_1_aug_bb5656bf.mp4,/content/drive/MyDrive/all dataset/teacher/person2/teacher_1_aug_bb5656bf.mp4,0
teacher,person2,teacher_1_aug_8bf65c14.mp4,/content/drive/MyDrive/all dataset/teacher/person2/teacher_1_aug_8bf65c14.mp4,0
teacher,person2,teacher_1_aug_d4aa1c30.mp4,/content/drive/MyDrive/all dataset/teacher/person2/teacher_1_aug_d4aa1c30.mp4,0
teacher,person2,teacher_1_aug_5914f157.mp4,/content/drive/MyDrive/all dataset/teacher/person2/teacher_1_aug_5914f157.mp4,0
teacher,person2,teacher_1_aug_efb63663.mp4,/content/drive/MyDrive/all dataset/teacher/person2/teacher_1_aug_efb63663.mp4,0
teacher,person3,teacher_1.mp4,/content/drive/MyDrive/all dataset/teacher/person3/teacher_1.mp4,0
teacher,person3,teacher_1_aug_2.mp4,/content/drive/MyDrive/all dataset/teacher/person3/teacher_1_aug_2.mp4,0
teacher,person3,teacher_1_aug_3.mp4,/content/drive/MyDrive/all dataset/teacher/person3/teacher_1_aug_3.mp4,0
teacher,person3,teacher_1_aug_4.mp4,/content/drive/MyDrive/all dataset/teacher/person3/teacher_1_aug_4.mp4,0
teacher,person3,teacher_1_aug_5.mp4,/content/drive/MyDrive/all dataset/teacher/person3/teacher_1_aug_5.mp4,0
teacher,person3,teacher_1_aug_6.mp4,/content/drive/MyDrive/all dataset/teacher/person3/teacher_1_aug_6.mp4,0
teacher,person3,teacher_1_aug_9.mp4,/content/drive/MyDrive/all dataset/teacher/person3/teacher_1_aug_9.mp4,0
teacher,person3,teacher_1_aug_10.mp4,/content/drive/MyDrive/all dataset/teacher/person3/teacher_1_aug_10.mp4,0
teacher,person3,teacher_1_aug_11.mp4,/content/drive/MyDrive/all dataset/teacher/person3/teacher_1_aug_11.mp4,0
teacher,person3,teacher_1_aug_13.mp4,/content/drive/MyDrive/all dataset/teacher/person3/teacher_1_aug_13.mp4,0
teacher,person3,teacher_1_aug1.mp4,/content/drive/MyDrive/all dataset/teacher/person3/teacher_1_aug1.mp4,0
teacher,person3,teacher_1_aug_142db99d.mp4,/content/drive/MyDrive/all dataset/teacher/person3/teacher_1_aug_142db99d.mp4,0
teacher,person3,teacher_1_aug_d42833d4.mp4,/content/drive/MyDrive/all dataset/teacher/person3/teacher_1_aug_d42833d4.mp4,0
teacher,person3,teacher_1_aug_467f0b38.mp4,/content/drive/MyDrive/all dataset/teacher/person3/teacher_1_aug_467f0b38.mp4,0
teacher,person3,teacher_1_aug_ea4c5f4a.mp4,/content/drive/MyDrive/all dataset/teacher/person3/teacher_1_aug_ea4c5f4a.mp4,0
teacher,person3,teacher_1_aug_02cbe21d.mp4,/content/drive/MyDrive/all dataset/teacher/person3/teacher_1_aug_02cbe21d.mp4,0
teacher,person3,teacher_1_aug_aa004b7e.mp4,/content/drive/MyDrive/all dataset/teacher/person3/teacher_1_aug_aa004b7e.mp4,0
teacher,person3,teacher_1_aug_a56c8616.mp4,/content/drive/MyDrive/all dataset/teacher/person3/teacher_1_aug_a56c8616.mp4,0
teacher,person3,teacher_1_aug_e2aa0920.mp4,/content/drive/MyDrive/all dataset/teacher/person3/teacher_1_aug_e2aa0920.mp4,0
teacher,person3,teacher_1_aug_9c4de4a1.mp4,/content/drive/MyDrive/all dataset/teacher/person3/teacher_1_aug_9c4de4a1.mp4,0
teacher,person4,teacher_1_aug_1.mp4,/content/drive/MyDrive/all dataset/teacher/person4/teacher_1_aug_1.mp4,0
teacher,person4,teacher_1_aug_4.mp4,/content/drive/MyDrive/all dataset/teacher/person4/teacher_1_aug_4.mp4,0
teacher,person4,teacher_1_aug_5.mp4,/content/drive/MyDrive/all dataset/teacher/person4/teacher_1_aug_5.mp4,0
teacher,person4,teacher_1_aug_7.mp4,/content/drive/MyDrive/all dataset/teacher/person4/teacher_1_aug_7.mp4,0
teacher,person4,teacher_1_aug_9.mp4,/content/drive/MyDrive/all dataset/teacher/person4/teacher_1_aug_9.mp4,0
teacher,person4,teacher_1_aug_10.mp4,/content/drive/MyDrive/all dataset/teacher/person4/teacher_1_aug_10.mp4,0
teacher,person4,teacher_1_aug_11.mp4,/content/drive/MyDrive/all dataset/teacher/person4/teacher_1_aug_11.mp4,0
teacher,person4,teacher_1_aug_12.mp4,/content/drive/MyDrive/all dataset/teacher/person4/teacher_1_aug_12.mp4,0
teacher,person4,teacher_1_aug_13.mp4,/content/drive/MyDrive/all dataset/teacher/person4/teacher_1_aug_13.mp4,0
teacher,person4,teacher_1_aug_14.mp4,/content/drive/MyDrive/all dataset/teacher/person4/teacher_1_aug_14.mp4,0
teacher,person4,teacher_1_aug_1_aug_b2609c6a.mp4,/content/drive/MyDrive/all dataset/teacher/person4/teacher_1_aug_1_aug_b2609c6a.mp4,0
teacher,person4,teacher_1_aug_10_aug_81e536b2.mp4,/content/drive/MyDrive/all dataset/teacher/person4/teacher_1_aug_10_aug_81e536b2.mp4,0
teacher,person4,teacher_1_aug_11_aug_245d81e6.mp4,/content/drive/MyDrive/all dataset/teacher/person4/teacher_1_aug_11_aug_245d81e6.mp4,0
teacher,person4,teacher_1_aug_12_aug_256b8e20.mp4,/content/drive/MyDrive/all dataset/teacher/person4/teacher_1_aug_12_aug_256b8e20.mp4,0
teacher,person4,teacher_1_aug_13_aug_2690ed49.mp4,/content/drive/MyDrive/all dataset/teacher/person4/teacher_1_aug_13_aug_2690ed49.mp4,0
teacher,person4,teacher_1_aug_14_aug_78eee711.mp4,/content/drive/MyDrive/all dataset/teacher/person4/teacher_1_aug_14_aug_78eee711.mp4,0
teacher,person4,teacher_1_aug_4_aug_0039344c.mp4,/content/drive/MyDrive/all dataset/teacher/person4/teacher_1_aug_4_aug_0039344c.mp4,0
teacher,person4,teacher_1_aug_5_aug_8da79a94.mp4,/content/drive/MyDrive/all dataset/teacher/person4/teacher_1_aug_5_aug_8da79a94.mp4,0
teacher,person4,teacher_1_aug_7_aug_e59cdd99.mp4,/content/drive/MyDrive/all dataset/teacher/person4/teacher_1_aug_7_aug_e59cdd99.mp4,0
teacher,person4,teacher_1_aug_9_aug_7ab46aa5.mp4,/content/drive/MyDrive/all dataset/teacher/person4/teacher_1_aug_9_aug_7ab46aa5.mp4,0
teacher,person5,teacher_1.mp4,/content/drive/MyDrive/all dataset/teacher/person5/teacher_1.mp4,0
teacher,person5,teacher_1_aug_2.mp4,/content/drive/MyDrive/all dataset/teacher/person5/teacher_1_aug_2.mp4,0
teacher,person5,teacher_1_aug_3.mp4,/content/drive/MyDrive/all dataset/teacher/person5/teacher_1_aug_3.mp4,0
teacher,person5,teacher_1_aug_4.mp4,/content/drive/MyDrive/all dataset/teacher/person5/teacher_1_aug_4.mp4,0
teacher,person5,teacher_1_aug_6.mp4,/content/drive/MyDrive/all dataset/teacher/person5/teacher_1_aug_6.mp4,0
teacher,person5,teacher_1_aug_8.mp4,/content/drive/MyDrive/all dataset/teacher/person5/teacher_1_aug_8.mp4,0
teacher,person5,teacher_1_aug_9.mp4,/content/drive/MyDrive/all dataset/teacher/person5/teacher_1_aug_9.mp4,0
teacher,person5,teacher_1_aug_10.mp4,/content/drive/MyDrive/all dataset/teacher/person5/teacher_1_aug_10.mp4,0
teacher,person5,teacher_1_aug_12.mp4,/content/drive/MyDrive/all dataset/teacher/person5/teacher_1_aug_12.mp4,0
teacher,person5,teacher_1_aug_14.mp4,/content/drive/MyDrive/all dataset/teacher/person5/teacher_1_aug_14.mp4,0
teacher,person5,teacher_1_aug1.mp4,/content/drive/MyDrive/all dataset/teacher/person5/teacher_1_aug1.mp4,0
teacher,person5,teacher_1_aug_8e972b5f.mp4,/content/drive/MyDrive/all dataset/teacher/person5/teacher_1_aug_8e972b5f.mp4,0
teacher,person5,teacher_1_aug_e6793b42.mp4,/content/drive/MyDrive/all dataset/teacher/person5/teacher_1_aug_e6793b42.mp4,0
teacher,person5,teacher_1_aug_6316b5c9.mp4,/content/drive/MyDrive/all dataset/teacher/person5/teacher_1_aug_6316b5c9.mp4,0
teacher,person5,teacher_1_aug_52a332c8.mp4,/content/drive/MyDrive/all dataset/teacher/person5/teacher_1_aug_52a332c8.mp4,0
teacher,person5,teacher_1_aug_efbf4681.mp4,/content/drive/MyDrive/all dataset/teacher/person5/teacher_1_aug_efbf4681.mp4,0
teacher,person5,teacher_1_aug_bfccd2b8.mp4,/content/drive/MyDrive/all dataset/teacher/person5/teacher_1_aug_bfccd2b8.mp4,0
teacher,person5,teacher_1_aug_202ffffe.mp4,/content/drive/MyDrive/all dataset/teacher/person5/teacher_1_aug_202ffffe.mp4,0
teacher,person5,teacher_1_aug_b6185392.mp4,/content/drive/MyDrive/all dataset/teacher/person5/teacher_1_aug_b6185392.mp4,0
teacher,person5,teacher_1_aug_4169e022.mp4,/content/drive/MyDrive/all dataset/teacher/person5/teacher_1_aug_4169e022.mp4,0
teacher,person6,teacher_1_aug_1.mp4,/content/drive/MyDrive/all dataset/teacher/person6/teacher_1_aug_1.mp4,0
teacher,person6,teacher_1_aug_2.mp4,/content/drive/MyDrive/all dataset/teacher/person6/teacher_1_aug_2.mp4,0
teacher,person6,teacher_1_aug_3.mp4,/content/drive/MyDrive/all dataset/teacher/person6/teacher_1_aug_3.mp4,0
teacher,person6,teacher_1_aug_4.mp4,/content/drive/MyDrive/all dataset/teacher/person6/teacher_1_aug_4.mp4,0
teacher,person6,teacher_1_aug_5.mp4,/content/drive/MyDrive/all dataset/teacher/person6/teacher_1_aug_5.mp4,0
teacher,person6,teacher_1_aug_8.mp4,/content/drive/MyDrive/all dataset/teacher/person6/teacher_1_aug_8.mp4,0
teacher,person6,teacher_1_aug_10.mp4,/content/drive/MyDrive/all dataset/teacher/person6/teacher_1_aug_10.mp4,0
teacher,person6,teacher_1_aug_12.mp4,/content/drive/MyDrive/all dataset/teacher/person6/teacher_1_aug_12.mp4,0
teacher,person6,teacher_1_aug_13.mp4,/content/drive/MyDrive/all dataset/teacher/person6/teacher_1_aug_13.mp4,0
teacher,person6,teacher_1_aug_14.mp4,/content/drive/MyDrive/all dataset/teacher/person6/teacher_1_aug_14.mp4,0
teacher,person6,teacher_1_aug_1_aug_fdbe825f.mp4,/content/drive/MyDrive/all dataset/teacher/person6/teacher_1_aug_1_aug_fdbe825f.mp4,0
teacher,person6,teacher_1_aug_10_aug_76f144db.mp4,/content/drive/MyDrive/all dataset/teacher/person6/teacher_1_aug_10_aug_76f144db.mp4,0
teacher,person6,teacher_1_aug_12_aug_268bebb1.mp4,/content/drive/MyDrive/all dataset/teacher/person6/teacher_1_aug_12_aug_268bebb1.mp4,0
teacher,person6,teacher_1_aug_13_aug_72d1ba09.mp4,/content/drive/MyDrive/all dataset/teacher/person6/teacher_1_aug_13_aug_72d1ba09.mp4,0
teacher,person6,teacher_1_aug_14_aug_e7a1ef66.mp4,/content/drive/MyDrive/all dataset/teacher/person6/teacher_1_aug_14_aug_e7a1ef66.mp4,0
teacher,person6,teacher_1_aug_2_aug_a45c66f9.mp4,/content/drive/MyDrive/all dataset/teacher/person6/teacher_1_aug_2_aug_a45c66f9.mp4,0
teacher,person6,teacher_1_aug_3_aug_ce257316.mp4,/content/drive/MyDrive/all dataset/teacher/person6/teacher_1_aug_3_aug_ce257316.mp4,0
teacher,person6,teacher_1_aug_4_aug_89f05c81.mp4,/content/drive/MyDrive/all dataset/teacher/person6/teacher_1_aug_4_aug_89f05c81.mp4,0
teacher,person6,teacher_1_aug_5_aug_2443a63c.mp4,/content/drive/MyDrive/all dataset/teacher/person6/teacher_1_aug_5_aug_2443a63c.mp4,0
teacher,person6,teacher_1_aug_8_aug_132de2ec.mp4,/content/drive/MyDrive/all dataset/teacher/person6/teacher_1_aug_8_aug_132de2ec.mp4,0
teacher,person7,teacher_1_aug_1.mp4,/content/drive/MyDrive/all dataset/teacher/person7/teacher_1_aug_1.mp4,0
teacher,person7,teacher_1_aug_2.mp4,/content/drive/MyDrive/all dataset/teacher/person7/teacher_1_aug_2.mp4,0
teacher,person7,teacher_1_aug_3.mp4,/content/drive/MyDrive/all dataset/teacher/person7/teacher_1_aug_3.mp4,0
teacher,person7,teacher_1_aug_5.mp4,/content/drive/MyDrive/all dataset/teacher/person7/teacher_1_aug_5.mp4,0
teacher,person7,teacher_1_aug_6.mp4,/content/drive/MyDrive/all dataset/teacher/person7/teacher_1_aug_6.mp4,0
teacher,person7,teacher_1_aug_7.mp4,/content/drive/MyDrive/all dataset/teacher/person7/teacher_1_aug_7.mp4,0
teacher,person7,teacher_1_aug_9.mp4,/content/drive/MyDrive/all dataset/teacher/person7/teacher_1_aug_9.mp4,0
teacher,person7,teacher_1_aug_12.mp4,/content/drive/MyDrive/all dataset/teacher/person7/teacher_1_aug_12.mp4,0
teacher,person7,teacher_1_aug_13.mp4,/content/drive/MyDrive/all dataset/teacher/person7/teacher_1_aug_13.mp4,0
teacher,person7,teacher_1_aug_14.mp4,/content/drive/MyDrive/all dataset/teacher/person7/teacher_1_aug_14.mp4,0
teacher,person7,teacher_1_aug_1_aug_9ac52f59.mp4,/content/drive/MyDrive/all dataset/teacher/person7/teacher_1_aug_1_aug_9ac52f59.mp4,0
teacher,person7,teacher_1_aug_12_aug_c10d16ec.mp4,/content/drive/MyDrive/all dataset/teacher/person7/teacher_1_aug_12_aug_c10d16ec.mp4,0
teacher,person7,teacher_1_aug_13_aug_f0d45099.mp4,/content/drive/MyDrive/all dataset/teacher/person7/teacher_1_aug_13_aug_f0d45099.mp4,0
teacher,person7,teacher_1_aug_14_aug_6b73ff6f.mp4,/content/drive/MyDrive/all dataset/teacher/person7/teacher_1_aug_14_aug_6b73ff6f.mp4,0
teacher,person7,teacher_1_aug_2_aug_df24bb11.mp4,/content/drive/MyDrive/all dataset/teacher/person7/teacher_1_aug_2_aug_df24bb11.mp4,0
teacher,person7,teacher_1_aug_3_aug_7ad3aa1d.mp4,/content/drive/MyDrive/all dataset/teacher/person7/teacher_1_aug_3_aug_7ad3aa1d.mp4,0
teacher,person7,teacher_1_aug_5_aug_ac4a0ad4.mp4,/content/drive/MyDrive/all dataset/teacher/person7/teacher_1_aug_5_aug_ac4a0ad4.mp4,0
teacher,person7,teacher_1_aug_6_aug_803f5511.mp4,/content/drive/MyDrive/all dataset/teacher/person7/teacher_1_aug_6_aug_803f5511.mp4,0
teacher,person7,teacher_1_aug_7_aug_df23ddaf.mp4,/content/drive/MyDrive/all dataset/teacher/person7/teacher_1_aug_7_aug_df23ddaf.mp4,0
teacher,person7,teacher_1_aug_9_aug_1bd524be.mp4,/content/drive/MyDrive/all dataset/teacher/person7/teacher_1_aug_9_aug_1bd524be.mp4,0
teacher,person8,teacher_1.mp4,/content/drive/MyDrive/all dataset/teacher/person8/teacher_1.mp4,0
teacher,person8,teacher_1_aug_3.mp4,/content/drive/MyDrive/all dataset/teacher/person8/teacher_1_aug_3.mp4,0
teacher,person8,teacher_1_aug_6.mp4,/content/drive/MyDrive/all dataset/teacher/person8/teacher_1_aug_6.mp4,0
teacher,person8,teacher_1_aug_7.mp4,/content/drive/MyDrive/all dataset/teacher/person8/teacher_1_aug_7.mp4,0
teacher,person8,teacher_1_aug_8.mp4,/content/drive/MyDrive/all dataset/teacher/person8/teacher_1_aug_8.mp4,0
teacher,person8,teacher_1_aug_9.mp4,/content/drive/MyDrive/all dataset/teacher/person8/teacher_1_aug_9.mp4,0
teacher,person8,teacher_1_aug_11.mp4,/content/drive/MyDrive/all dataset/teacher/person8/teacher_1_aug_11.mp4,0
teacher,person8,teacher_1_aug_12.mp4,/content/drive/MyDrive/all dataset/teacher/person8/teacher_1_aug_12.mp4,0
teacher,person8,teacher_1_aug_13.mp4,/content/drive/MyDrive/all dataset/teacher/person8/teacher_1_aug_13.mp4,0
teacher,person8,teacher_1_aug_14.mp4,/content/drive/MyDrive/all dataset/teacher/person8/teacher_1_aug_14.mp4,0
teacher,person8,teacher_1_aug1.mp4,/content/drive/MyDrive/all dataset/teacher/person8/teacher_1_aug1.mp4,0
teacher,person8,teacher_1_aug_ca4f815b.mp4,/content/drive/MyDrive/all dataset/teacher/person8/teacher_1_aug_ca4f815b.mp4,0
teacher,person8,teacher_1_aug_6ece77bc.mp4,/content/drive/MyDrive/all dataset/teacher/person8/teacher_1_aug_6ece77bc.mp4,0
teacher,person8,teacher_1_aug_423caf19.mp4,/content/drive/MyDrive/all dataset/teacher/person8/teacher_1_aug_423caf19.mp4,0
teacher,person8,teacher_1_aug_b73c1f77.mp4,/content/drive/MyDrive/all dataset/teacher/person8/teacher_1_aug_b73c1f77.mp4,0
teacher,person8,teacher_1_aug_da95f299.mp4,/content/drive/MyDrive/all dataset/teacher/person8/teacher_1_aug_da95f299.mp4,0
teacher,person8,teacher_1_aug_2ad9f52b.mp4,/content/drive/MyDrive/all dataset/teacher/person8/teacher_1_aug_2ad9f52b.mp4,0
teacher,person8,teacher_1_aug_1928428a.mp4,/content/drive/MyDrive/all dataset/teacher/person8/teacher_1_aug_1928428a.mp4,0
teacher,person8,teacher_1_aug_ab47c67e.mp4,/content/drive/MyDrive/all dataset/teacher/person8/teacher_1_aug_ab47c67e.mp4,0
teacher,person8,teacher_1_aug_ee9fc1c4.mp4,/content/drive/MyDrive/all dataset/teacher/person8/teacher_1_aug_ee9fc1c4.mp4,0
teacher,person9,teacher_1.mp4,/content/drive/MyDrive/all dataset/teacher/person9/teacher_1.mp4,0
teacher,person9,teacher_1_aug_1.mp4,/content/drive/MyDrive/all dataset/teacher/person9/teacher_1_aug_1.mp4,0
teacher,person9,teacher_1_aug_3.mp4,/content/drive/MyDrive/all dataset/teacher/person9/teacher_1_aug_3.mp4,0
teacher,person9,teacher_1_aug_4.mp4,/content/drive/MyDrive/all dataset/teacher/person9/teacher_1_aug_4.mp4,0
teacher,person9,teacher_1_aug_5.mp4,/content/drive/MyDrive/all dataset/teacher/person9/teacher_1_aug_5.mp4,0
teacher,person9,teacher_1_aug_7.mp4,/content/drive/MyDrive/all dataset/teacher/person9/teacher_1_aug_7.mp4,0
teacher,person9,teacher_1_aug_8.mp4,/content/drive/MyDrive/all dataset/teacher/person9/teacher_1_aug_8.mp4,0
teacher,person9,teacher_1_aug_9.mp4,/content/drive/MyDrive/all dataset/teacher/person9/teacher_1_aug_9.mp4,0
teacher,person9,teacher_1_aug_10.mp4,/content/drive/MyDrive/all dataset/teacher/person9/teacher_1_aug_10.mp4,0
teacher,person9,teacher_1_aug_14.mp4,/content/drive/MyDrive/all dataset/teacher/person9/teacher_1_aug_14.mp4,0
teacher,person9,teacher_1_aug1.mp4,/content/drive/MyDrive/all dataset/teacher/person9/teacher_1_aug1.mp4,0
teacher,person9,teacher_1_aug_00fdc72c.mp4,/content/drive/MyDrive/all dataset/teacher/person9/teacher_1_aug_00fdc72c.mp4,0
teacher,person9,teacher_1_aug_d70fdf5e.mp4,/content/drive/MyDrive/all dataset/teacher/person9/teacher_1_aug_d70fdf5e.mp4,0
teacher,person9,teacher_1_aug_9bbfe27a.mp4,/content/drive/MyDrive/all dataset/teacher/person9/teacher_1_aug_9bbfe27a.mp4,0
teacher,person9,teacher_1_aug_963a108c.mp4,/content/drive/MyDrive/all dataset/teacher/person9/teacher_1_aug_963a108c.mp4,0
teacher,person9,teacher_1_aug_0aac58f3.mp4,/content/drive/MyDrive/all dataset/teacher/person9/teacher_1_aug_0aac58f3.mp4,0
teacher,person9,teacher_1_aug_00960976.mp4,/content/drive/MyDrive/all dataset/teacher/person9/teacher_1_aug_00960976.mp4,0
teacher,person9,teacher_1_aug_7d8322a6.mp4,/content/drive/MyDrive/all dataset/teacher/person9/teacher_1_aug_7d8322a6.mp4,0
teacher,person9,teacher_1_aug_d653eaf7.mp4,/content/drive/MyDrive/all dataset/teacher/person9/teacher_1_aug_d653eaf7.mp4,0
teacher,person9,teacher_1_aug_ccbeac25.mp4,/content/drive/MyDrive/all dataset/teacher/person9/teacher_1_aug_ccbeac25.mp4,0
water,person4,water_61.mp4,/content/drive/MyDrive/all dataset/water/person4/water_61.mp4,0
water,person4,water_57.mp4,/content/drive/MyDrive/all dataset/water/person4/water_57.mp4,0
water,person4,water_59.mp4,/content/drive/MyDrive/all dataset/water/person4/water_59.mp4,0
water,person4,water_55.mp4,/content/drive/MyDrive/all dataset/water/person4/water_55.mp4,0
water,person4,water_53.mp4,/content/drive/MyDrive/all dataset/water/person4/water_53.mp4,0
water,person4,water_52.mp4,/content/drive/MyDrive/all dataset/water/person4/water_52.mp4,0
water,person4,water_51.mp4,/content/drive/MyDrive/all dataset/water/person4/water_51.mp4,0
water,person4,water_60.mp4,/content/drive/MyDrive/all dataset/water/person4/water_60.mp4,0
water,person4,water_54.mp4,/content/drive/MyDrive/all dataset/water/person4/water_54.mp4,0
water,person4,water_56.mp4,/content/drive/MyDrive/all dataset/water/person4/water_56.mp4,0
water,person4,water_51_aug1.mp4,/content/drive/MyDrive/all dataset/water/person4/water_51_aug1.mp4,0
water,person4,water_52_aug1.mp4,/content/drive/MyDrive/all dataset/water/person4/water_52_aug1.mp4,0
water,person4,water_53_aug1.mp4,/content/drive/MyDrive/all dataset/water/person4/water_53_aug1.mp4,0
water,person4,water_54_aug1.mp4,/content/drive/MyDrive/all dataset/water/person4/water_54_aug1.mp4,0
water,person4,water_55_aug1.mp4,/content/drive/MyDrive/all dataset/water/person4/water_55_aug1.mp4,0
water,person4,water_56_aug1.mp4,/content/drive/MyDrive/all dataset/water/person4/water_56_aug1.mp4,0
water,person4,water_57_aug1.mp4,/content/drive/MyDrive/all dataset/water/person4/water_57_aug1.mp4,0
water,person4,water_59_aug1.mp4,/content/drive/MyDrive/all dataset/water/person4/water_59_aug1.mp4,0
water,person4,water_60_aug1.mp4,/content/drive/MyDrive/all dataset/water/person4/water_60_aug1.mp4,0
water,person4,water_61_aug1.mp4,/content/drive/MyDrive/all dataset/water/person4/water_61_aug1.mp4,0
water,person8,water_113.mp4,/content/drive/MyDrive/all dataset/water/person8/water_113.mp4,0
water,person8,water_108.mp4,/content/drive/MyDrive/all dataset/water/person8/water_108.mp4,0
water,person8,water_112.mp4,/content/drive/MyDrive/all dataset/water/person8/water_112.mp4,0
water,person8,water_109.mp4,/content/drive/MyDrive/all dataset/water/person8/water_109.mp4,0
water,person8,water_101.mp4,/content/drive/MyDrive/all dataset/water/person8/water_101.mp4,0
water,person8,water_110.mp4,/content/drive/MyDrive/all dataset/water/person8/water_110.mp4,0
water,person8,water_103.mp4,/content/drive/MyDrive/all dataset/water/person8/water_103.mp4,0
water,person8,water_106.mp4,/content/drive/MyDrive/all dataset/water/person8/water_106.mp4,0
water,person8,water_111.mp4,/content/drive/MyDrive/all dataset/water/person8/water_111.mp4,0
water,person8,water_107.mp4,/content/drive/MyDrive/all dataset/water/person8/water_107.mp4,0
water,person8,water_101_aug1.mp4,/content/drive/MyDrive/all dataset/water/person8/water_101_aug1.mp4,0
water,person8,water_103_aug1.mp4,/content/drive/MyDrive/all dataset/water/person8/water_103_aug1.mp4,0
water,person8,water_106_aug1.mp4,/content/drive/MyDrive/all dataset/water/person8/water_106_aug1.mp4,0
water,person8,water_107_aug1.mp4,/content/drive/MyDrive/all dataset/water/person8/water_107_aug1.mp4,0
water,person8,water_108_aug1.mp4,/content/drive/MyDrive/all dataset/water/person8/water_108_aug1.mp4,0
water,person8,water_109_aug1.mp4,/content/drive/MyDrive/all dataset/water/person8/water_109_aug1.mp4,0
water,person8,water_110_aug1.mp4,/content/drive/MyDrive/all dataset/water/person8/water_110_aug1.mp4,0
water,person8,water_111_aug1.mp4,/content/drive/MyDrive/all dataset/water/person8/water_111_aug1.mp4,0
water,person8,water_112_aug1.mp4,/content/drive/MyDrive/all dataset/water/person8/water_112_aug1.mp4,0
water,person8,water_113_aug1.mp4,/content/drive/MyDrive/all dataset/water/person8/water_113_aug1.mp4,0
water,person9,water_118.mp4,/content/drive/MyDrive/all dataset/water/person9/water_118.mp4,0
water,person9,water_126.mp4,/content/drive/MyDrive/all dataset/water/person9/water_126.mp4,0
water,person9,water_120.mp4,/content/drive/MyDrive/all dataset/water/person9/water_120.mp4,0
water,person9,water_116.mp4,/content/drive/MyDrive/all dataset/water/person9/water_116.mp4,0
water,person9,water_114.mp4,/content/drive/MyDrive/all dataset/water/person9/water_114.mp4,0
water,person9,water_117.mp4,/content/drive/MyDrive/all dataset/water/person9/water_117.mp4,0
water,person9,water_121.mp4,/content/drive/MyDrive/all dataset/water/person9/water_121.mp4,0
water,person9,water_119.mp4,/content/drive/MyDrive/all dataset/water/person9/water_119.mp4,0
water,person9,water_125.mp4,/content/drive/MyDrive/all dataset/water/person9/water_125.mp4,0
water,person9,water_122.mp4,/content/drive/MyDrive/all dataset/water/person9/water_122.mp4,0
water,person9,water_114_aug1.mp4,/content/drive/MyDrive/all dataset/water/person9/water_114_aug1.mp4,0
water,person9,water_116_aug1.mp4,/content/drive/MyDrive/all dataset/water/person9/water_116_aug1.mp4,0
water,person9,water_117_aug1.mp4,/content/drive/MyDrive/all dataset/water/person9/water_117_aug1.mp4,0
water,person9,water_118_aug1.mp4,/content/drive/MyDrive/all dataset/water/person9/water_118_aug1.mp4,0
water,person9,water_119_aug1.mp4,/content/drive/MyDrive/all dataset/water/person9/water_119_aug1.mp4,0
water,person9,water_120_aug1.mp4,/content/drive/MyDrive/all dataset/water/person9/water_120_aug1.mp4,0
water,person9,water_121_aug1.mp4,/content/drive/MyDrive/all dataset/water/person9/water_121_aug1.mp4,0
water,person9,water_122_aug1.mp4,/content/drive/MyDrive/all dataset/water/person9/water_122_aug1.mp4,0
water,person9,water_125_aug1.mp4,/content/drive/MyDrive/all dataset/water/person9/water_125_aug1.mp4,0
water,person9,water_126_aug1.mp4,/content/drive/MyDrive/all dataset/water/person9/water_126_aug1.mp4,0
water,person1,water_10.mp4,/content/drive/MyDrive/all dataset/water/person1/water_10.mp4,0
water,person1,water_18.mp4,/content/drive/MyDrive/all dataset/water/person1/water_18.mp4,0
water,person1,water_14.mp4,/content/drive/MyDrive/all dataset/water/person1/water_14.mp4,0
water,person1,water_20.mp4,/content/drive/MyDrive/all dataset/water/person1/water_20.mp4,0
water,person1,water_16.mp4,/content/drive/MyDrive/all dataset/water/person1/water_16.mp4,0
water,person1,water_22.mp4,/content/drive/MyDrive/all dataset/water/person1/water_22.mp4,0
water,person1,water_13.mp4,/content/drive/MyDrive/all dataset/water/person1/water_13.mp4,0
water,person1,water_11.mp4,/content/drive/MyDrive/all dataset/water/person1/water_11.mp4,0
water,person1,water_15.mp4,/content/drive/MyDrive/all dataset/water/person1/water_15.mp4,0
water,person1,water_17.mp4,/content/drive/MyDrive/all dataset/water/person1/water_17.mp4,0
water,person1,water_10_aug1.mp4,/content/drive/MyDrive/all dataset/water/person1/water_10_aug1.mp4,0
water,person1,water_11_aug1.mp4,/content/drive/MyDrive/all dataset/water/person1/water_11_aug1.mp4,0
water,person1,water_13_aug1.mp4,/content/drive/MyDrive/all dataset/water/person1/water_13_aug1.mp4,0
water,person1,water_14_aug1.mp4,/content/drive/MyDrive/all dataset/water/person1/water_14_aug1.mp4,0
water,person1,water_15_aug1.mp4,/content/drive/MyDrive/all dataset/water/person1/water_15_aug1.mp4,0
water,person1,water_16_aug1.mp4,/content/drive/MyDrive/all dataset/water/person1/water_16_aug1.mp4,0
water,person1,water_17_aug1.mp4,/content/drive/MyDrive/all dataset/water/person1/water_17_aug1.mp4,0
water,person1,water_18_aug1.mp4,/content/drive/MyDrive/all dataset/water/person1/water_18_aug1.mp4,0
water,person1,water_20_aug1.mp4,/content/drive/MyDrive/all dataset/water/person1/water_20_aug1.mp4,0
water,person1,water_22_aug1.mp4,/content/drive/MyDrive/all dataset/water/person1/water_22_aug1.mp4,0
water,person2,water_25.mp4,/content/drive/MyDrive/all dataset/water/person2/water_25.mp4,0
water,person2,water_28.mp4,/content/drive/MyDrive/all dataset/water/person2/water_28.mp4,0
water,person2,water_23.mp4,/content/drive/MyDrive/all dataset/water/person2/water_23.mp4,0
water,person2,water_33.mp4,/content/drive/MyDrive/all dataset/water/person2/water_33.mp4,0
water,person2,water_27.mp4,/content/drive/MyDrive/all dataset/water/person2/water_27.mp4,0
water,person2,water_31.mp4,/content/drive/MyDrive/all dataset/water/person2/water_31.mp4,0
water,person2,water_30.mp4,/content/drive/MyDrive/all dataset/water/person2/water_30.mp4,0
water,person2,water_26.mp4,/content/drive/MyDrive/all dataset/water/person2/water_26.mp4,0
water,person2,water_29.mp4,/content/drive/MyDrive/all dataset/water/person2/water_29.mp4,0
water,person2,water_32.mp4,/content/drive/MyDrive/all dataset/water/person2/water_32.mp4,0
water,person2,water_23_aug1.mp4,/content/drive/MyDrive/all dataset/water/person2/water_23_aug1.mp4,0
water,person2,water_25_aug1.mp4,/content/drive/MyDrive/all dataset/water/person2/water_25_aug1.mp4,0
water,person2,water_26_aug1.mp4,/content/drive/MyDrive/all dataset/water/person2/water_26_aug1.mp4,0
water,person2,water_27_aug1.mp4,/content/drive/MyDrive/all dataset/water/person2/water_27_aug1.mp4,0
water,person2,water_28_aug1.mp4,/content/drive/MyDrive/all dataset/water/person2/water_28_aug1.mp4,0
water,person2,water_29_aug1.mp4,/content/drive/MyDrive/all dataset/water/person2/water_29_aug1.mp4,0
water,person2,water_30_aug1.mp4,/content/drive/MyDrive/all dataset/water/person2/water_30_aug1.mp4,0
water,person2,water_31_aug1.mp4,/content/drive/MyDrive/all dataset/water/person2/water_31_aug1.mp4,0
water,person2,water_32_aug1.mp4,/content/drive/MyDrive/all dataset/water/person2/water_32_aug1.mp4,0
water,person2,water_33_aug1.mp4,/content/drive/MyDrive/all dataset/water/person2/water_33_aug1.mp4,0
water,person3,water_42.mp4,/content/drive/MyDrive/all dataset/water/person3/water_42.mp4,0
water,person3,water_43.mp4,/content/drive/MyDrive/all dataset/water/person3/water_43.mp4,0
water,person3,water_39.mp4,/content/drive/MyDrive/all dataset/water/person3/water_39.mp4,0
water,person3,water_44.mp4,/content/drive/MyDrive/all dataset/water/person3/water_44.mp4,0
water,person3,water_45.mp4,/content/drive/MyDrive/all dataset/water/person3/water_45.mp4,0
water,person3,water_36.mp4,/content/drive/MyDrive/all dataset/water/person3/water_36.mp4,0
water,person3,water_47.mp4,/content/drive/MyDrive/all dataset/water/person3/water_47.mp4,0
water,person3,water_37.mp4,/content/drive/MyDrive/all dataset/water/person3/water_37.mp4,0
water,person3,water_46.mp4,/content/drive/MyDrive/all dataset/water/person3/water_46.mp4,0
water,person3,water_41.mp4,/content/drive/MyDrive/all dataset/water/person3/water_41.mp4,0
water,person3,water_36_aug1.mp4,/content/drive/MyDrive/all dataset/water/person3/water_36_aug1.mp4,0
water,person3,water_37_aug1.mp4,/content/drive/MyDrive/all dataset/water/person3/water_37_aug1.mp4,0
water,person3,water_39_aug1.mp4,/content/drive/MyDrive/all dataset/water/person3/water_39_aug1.mp4,0
water,person3,water_41_aug1.mp4,/content/drive/MyDrive/all dataset/water/person3/water_41_aug1.mp4,0
water,person3,water_42_aug1.mp4,/content/drive/MyDrive/all dataset/water/person3/water_42_aug1.mp4,0
water,person3,water_43_aug1.mp4,/content/drive/MyDrive/all dataset/water/person3/water_43_aug1.mp4,0
water,person3,water_44_aug1.mp4,/content/drive/MyDrive/all dataset/water/person3/water_44_aug1.mp4,0
water,person3,water_45_aug1.mp4,/content/drive/MyDrive/all dataset/water/person3/water_45_aug1.mp4,0
water,person3,water_46_aug1.mp4,/content/drive/MyDrive/all dataset/water/person3/water_46_aug1.mp4,0
water,person3,water_47_aug1.mp4,/content/drive/MyDrive/all dataset/water/person3/water_47_aug1.mp4,0
water,person5,water_69.mp4,/content/drive/MyDrive/all dataset/water/person5/water_69.mp4,0
water,person5,water_62.mp4,/content/drive/MyDrive/all dataset/water/person5/water_62.mp4,0
water,person5,water_68.mp4,/content/drive/MyDrive/all dataset/water/person5/water_68.mp4,0
water,person5,water_74.mp4,/content/drive/MyDrive/all dataset/water/person5/water_74.mp4,0
water,person5,water_70.mp4,/content/drive/MyDrive/all dataset/water/person5/water_70.mp4,0
water,person5,water_63.mp4,/content/drive/MyDrive/all dataset/water/person5/water_63.mp4,0
water,person5,water_73.mp4,/content/drive/MyDrive/all dataset/water/person5/water_73.mp4,0
water,person5,water_67.mp4,/content/drive/MyDrive/all dataset/water/person5/water_67.mp4,0
water,person5,water_65.mp4,/content/drive/MyDrive/all dataset/water/person5/water_65.mp4,0
water,person5,water_64.mp4,/content/drive/MyDrive/all dataset/water/person5/water_64.mp4,0
water,person5,water_62_aug1.mp4,/content/drive/MyDrive/all dataset/water/person5/water_62_aug1.mp4,0
water,person5,water_63_aug1.mp4,/content/drive/MyDrive/all dataset/water/person5/water_63_aug1.mp4,0
water,person5,water_64_aug1.mp4,/content/drive/MyDrive/all dataset/water/person5/water_64_aug1.mp4,0
water,person5,water_65_aug1.mp4,/content/drive/MyDrive/all dataset/water/person5/water_65_aug1.mp4,0
water,person5,water_67_aug1.mp4,/content/drive/MyDrive/all dataset/water/person5/water_67_aug1.mp4,0
water,person5,water_68_aug1.mp4,/content/drive/MyDrive/all dataset/water/person5/water_68_aug1.mp4,0
water,person5,water_69_aug1.mp4,/content/drive/MyDrive/all dataset/water/person5/water_69_aug1.mp4,0
water,person5,water_70_aug1.mp4,/content/drive/MyDrive/all dataset/water/person5/water_70_aug1.mp4,0
water,person5,water_73_aug1.mp4,/content/drive/MyDrive/all dataset/water/person5/water_73_aug1.mp4,0
water,person5,water_74_aug1.mp4,/content/drive/MyDrive/all dataset/water/person5/water_74_aug1.mp4,0
water,person6,water_79.mp4,/content/drive/MyDrive/all dataset/water/person6/water_79.mp4,0
water,person6,water_85.mp4,/content/drive/MyDrive/all dataset/water/person6/water_85.mp4,0
water,person6,water_83.mp4,/content/drive/MyDrive/all dataset/water/person6/water_83.mp4,0
water,person6,water_76.mp4,/content/drive/MyDrive/all dataset/water/person6/water_76.mp4,0
water,person6,water_82.mp4,/content/drive/MyDrive/all dataset/water/person6/water_82.mp4,0
water,person6,water_84.mp4,/content/drive/MyDrive/all dataset/water/person6/water_84.mp4,0
water,person6,water_80.mp4,/content/drive/MyDrive/all dataset/water/person6/water_80.mp4,0
water,person6,water_77.mp4,/content/drive/MyDrive/all dataset/water/person6/water_77.mp4,0
water,person6,water_75.mp4,/content/drive/MyDrive/all dataset/water/person6/water_75.mp4,0
water,person6,water_86.mp4,/content/drive/MyDrive/all dataset/water/person6/water_86.mp4,0
water,person6,water_75_aug1.mp4,/content/drive/MyDrive/all dataset/water/person6/water_75_aug1.mp4,0
water,person6,water_76_aug1.mp4,/content/drive/MyDrive/all dataset/water/person6/water_76_aug1.mp4,0
water,person6,water_77_aug1.mp4,/content/drive/MyDrive/all dataset/water/person6/water_77_aug1.mp4,0
water,person6,water_79_aug1.mp4,/content/drive/MyDrive/all dataset/water/person6/water_79_aug1.mp4,0
water,person6,water_80_aug1.mp4,/content/drive/MyDrive/all dataset/water/person6/water_80_aug1.mp4,0
water,person6,water_82_aug1.mp4,/content/drive/MyDrive/all dataset/water/person6/water_82_aug1.mp4,0
water,person6,water_83_aug1.mp4,/content/drive/MyDrive/all dataset/water/person6/water_83_aug1.mp4,0
water,person6,water_84_aug1.mp4,/content/drive/MyDrive/all dataset/water/person6/water_84_aug1.mp4,0
water,person6,water_85_aug1.mp4,/content/drive/MyDrive/all dataset/water/person6/water_85_aug1.mp4,0
water,person6,water_86_aug1.mp4,/content/drive/MyDrive/all dataset/water/person6/water_86_aug1.mp4,0
water,person7,water_92.mp4,/content/drive/MyDrive/all dataset/water/person7/water_92.mp4,0
water,person7,water_89.mp4,/content/drive/MyDrive/all dataset/water/person7/water_89.mp4,0
water,person7,water_91.mp4,/content/drive/MyDrive/all dataset/water/person7/water_91.mp4,0
water,person7,water_95.mp4,/content/drive/MyDrive/all dataset/water/person7/water_95.mp4,0
water,person7,water_90.mp4,/content/drive/MyDrive/all dataset/water/person7/water_90.mp4,0
water,person7,water_94.mp4,/content/drive/MyDrive/all dataset/water/person7/water_94.mp4,0
water,person7,water_99.mp4,/content/drive/MyDrive/all dataset/water/person7/water_99.mp4,0
water,person7,water_100.mp4,/content/drive/MyDrive/all dataset/water/person7/water_100.mp4,0
water,person7,water_93.mp4,/content/drive/MyDrive/all dataset/water/person7/water_93.mp4,0
water,person7,water_98.mp4,/content/drive/MyDrive/all dataset/water/person7/water_98.mp4,0
water,person7,water_100_aug1.mp4,/content/drive/MyDrive/all dataset/water/person7/water_100_aug1.mp4,0
water,person7,water_89_aug1.mp4,/content/drive/MyDrive/all dataset/water/person7/water_89_aug1.mp4,0
water,person7,water_90_aug1.mp4,/content/drive/MyDrive/all dataset/water/person7/water_90_aug1.mp4,0
water,person7,water_91_aug1.mp4,/content/drive/MyDrive/all dataset/water/person7/water_91_aug1.mp4,0
water,person7,water_92_aug1.mp4,/content/drive/MyDrive/all dataset/water/person7/water_92_aug1.mp4,0
water,person7,water_93_aug1.mp4,/content/drive/MyDrive/all dataset/water/person7/water_93_aug1.mp4,0
water,person7,water_94_aug1.mp4,/content/drive/MyDrive/all dataset/water/person7/water_94_aug1.mp4,0
water,person7,water_95_aug1.mp4,/content/drive/MyDrive/all dataset/water/person7/water_95_aug1.mp4,0
water,person7,water_98_aug1.mp4,/content/drive/MyDrive/all dataset/water/person7/water_98_aug1.mp4,0
water,person7,water_99_aug1.mp4,/content/drive/MyDrive/all dataset/water/person7/water_99_aug1.mp4,0
yoga,person1,yoga_1.mp4,/content/drive/MyDrive/all dataset/yoga/person1/yoga_1.mp4,0
yoga,person1,yoga_1_aug_1.mp4,/content/drive/MyDrive/all dataset/yoga/person1/yoga_1_aug_1.mp4,0
yoga,person1,yoga_1_aug_2.mp4,/content/drive/MyDrive/all dataset/yoga/person1/yoga_1_aug_2.mp4,0
yoga,person1,yoga_1_aug_3.mp4,/content/drive/MyDrive/all dataset/yoga/person1/yoga_1_aug_3.mp4,0
yoga,person1,yoga_1_aug_4.mp4,/content/drive/MyDrive/all dataset/yoga/person1/yoga_1_aug_4.mp4,0
yoga,person1,yoga_1_aug_6.mp4,/content/drive/MyDrive/all dataset/yoga/person1/yoga_1_aug_6.mp4,0
yoga,person1,yoga_1_aug_7.mp4,/content/drive/MyDrive/all dataset/yoga/person1/yoga_1_aug_7.mp4,0
yoga,person1,yoga_1_aug_9.mp4,/content/drive/MyDrive/all dataset/yoga/person1/yoga_1_aug_9.mp4,0
yoga,person1,yoga_1_aug_10.mp4,/content/drive/MyDrive/all dataset/yoga/person1/yoga_1_aug_10.mp4,0
yoga,person1,yoga_1_aug_11.mp4,/content/drive/MyDrive/all dataset/yoga/person1/yoga_1_aug_11.mp4,0
yoga,person1,yoga_1_aug1.mp4,/content/drive/MyDrive/all dataset/yoga/person1/yoga_1_aug1.mp4,0
yoga,person1,yoga_1_aug_55332c44.mp4,/content/drive/MyDrive/all dataset/yoga/person1/yoga_1_aug_55332c44.mp4,0
yoga,person1,yoga_1_aug_8326b0aa.mp4,/content/drive/MyDrive/all dataset/yoga/person1/yoga_1_aug_8326b0aa.mp4,0
yoga,person1,yoga_1_aug_a7edf297.mp4,/content/drive/MyDrive/all dataset/yoga/person1/yoga_1_aug_a7edf297.mp4,0
yoga,person1,yoga_1_aug_c0bbd795.mp4,/content/drive/MyDrive/all dataset/yoga/person1/yoga_1_aug_c0bbd795.mp4,0
yoga,person1,yoga_1_aug_5c73be9d.mp4,/content/drive/MyDrive/all dataset/yoga/person1/yoga_1_aug_5c73be9d.mp4,0
yoga,person1,yoga_1_aug_cfafb653.mp4,/content/drive/MyDrive/all dataset/yoga/person1/yoga_1_aug_cfafb653.mp4,0
yoga,person1,yoga_1_aug_20b4843b.mp4,/content/drive/MyDrive/all dataset/yoga/person1/yoga_1_aug_20b4843b.mp4,0
yoga,person1,yoga_1_aug_c3d291f0.mp4,/content/drive/MyDrive/all dataset/yoga/person1/yoga_1_aug_c3d291f0.mp4,0
yoga,person1,yoga_1_aug_f555fa84.mp4,/content/drive/MyDrive/all dataset/yoga/person1/yoga_1_aug_f555fa84.mp4,0
yoga,person2,yoga_2.mp4,/content/drive/MyDrive/all dataset/yoga/person2/yoga_2.mp4,0
yoga,person2,yoga_2_aug_1.mp4,/content/drive/MyDrive/all dataset/yoga/person2/yoga_2_aug_1.mp4,0
yoga,person2,yoga_2_aug_2.mp4,/content/drive/MyDrive/all dataset/yoga/person2/yoga_2_aug_2.mp4,0
yoga,person2,yoga_2_aug_3.mp4,/content/drive/MyDrive/all dataset/yoga/person2/yoga_2_aug_3.mp4,0
yoga,person2,yoga_2_aug_4.mp4,/content/drive/MyDrive/all dataset/yoga/person2/yoga_2_aug_4.mp4,0
yoga,person2,yoga_2_aug_6.mp4,/content/drive/MyDrive/all dataset/yoga/person2/yoga_2_aug_6.mp4,0
yoga,person2,yoga_2_aug_7.mp4,/content/drive/MyDrive/all dataset/yoga/person2/yoga_2_aug_7.mp4,0
yoga,person2,yoga_2_aug_8.mp4,/content/drive/MyDrive/all dataset/yoga/person2/yoga_2_aug_8.mp4,0
yoga,person2,yoga_2_aug_9.mp4,/content/drive/MyDrive/all dataset/yoga/person2/yoga_2_aug_9.mp4,0
yoga,person2,yoga_2_aug_10.mp4,/content/drive/MyDrive/all dataset/yoga/person2/yoga_2_aug_10.mp4,0
yoga,person2,yoga_2_aug1.mp4,/content/drive/MyDrive/all dataset/yoga/person2/yoga_2_aug1.mp4,0
yoga,person2,yoga_2_aug_56144de6.mp4,/content/drive/MyDrive/all dataset/yoga/person2/yoga_2_aug_56144de6.mp4,0
yoga,person2,yoga_2_aug_1a1b7412.mp4,/content/drive/MyDrive/all dataset/yoga/person2/yoga_2_aug_1a1b7412.mp4,0
yoga,person2,yoga_2_aug_a4634d01.mp4,/content/drive/MyDrive/all dataset/yoga/person2/yoga_2_aug_a4634d01.mp4,0
yoga,person2,yoga_2_aug_c2cec466.mp4,/content/drive/MyDrive/all dataset/yoga/person2/yoga_2_aug_c2cec466.mp4,0
yoga,person2,yoga_2_aug_7355ff50.mp4,/content/drive/MyDrive/all dataset/yoga/person2/yoga_2_aug_7355ff50.mp4,0
yoga,person2,yoga_2_aug_c08bc8d6.mp4,/content/drive/MyDrive/all dataset/yoga/person2/yoga_2_aug_c08bc8d6.mp4,0
yoga,person2,yoga_2_aug_2af82cf7.mp4,/content/drive/MyDrive/all dataset/yoga/person2/yoga_2_aug_2af82cf7.mp4,0
yoga,person2,yoga_2_aug_37e1453e.mp4,/content/drive/MyDrive/all dataset/yoga/person2/yoga_2_aug_37e1453e.mp4,0
yoga,person2,yoga_2_aug_c571c566.mp4,/content/drive/MyDrive/all dataset/yoga/person2/yoga_2_aug_c571c566.mp4,0
yoga,person3,yoga_3.mp4,/content/drive/MyDrive/all dataset/yoga/person3/yoga_3.mp4,0
yoga,person3,yoga_3_aug_1.mp4,/content/drive/MyDrive/all dataset/yoga/person3/yoga_3_aug_1.mp4,0
yoga,person3,yoga_3_aug_2.mp4,/content/drive/MyDrive/all dataset/yoga/person3/yoga_3_aug_2.mp4,0
yoga,person3,yoga_3_aug_3.mp4,/content/drive/MyDrive/all dataset/yoga/person3/yoga_3_aug_3.mp4,0
yoga,person3,yoga_3_aug_4.mp4,/content/drive/MyDrive/all dataset/yoga/person3/yoga_3_aug_4.mp4,0
yoga,person3,yoga_3_aug_5.mp4,/content/drive/MyDrive/all dataset/yoga/person3/yoga_3_aug_5.mp4,0
yoga,person3,yoga_3_aug_6.mp4,/content/drive/MyDrive/all dataset/yoga/person3/yoga_3_aug_6.mp4,0
yoga,person3,yoga_3_aug_8.mp4,/content/drive/MyDrive/all dataset/yoga/person3/yoga_3_aug_8.mp4,0
yoga,person3,yoga_3_aug_10.mp4,/content/drive/MyDrive/all dataset/yoga/person3/yoga_3_aug_10.mp4,0
yoga,person3,yoga_3_aug_11.mp4,/content/drive/MyDrive/all dataset/yoga/person3/yoga_3_aug_11.mp4,0
yoga,person3,yoga_3_aug1.mp4,/content/drive/MyDrive/all dataset/yoga/person3/yoga_3_aug1.mp4,0
yoga,person3,yoga_3_aug_5519ef97.mp4,/content/drive/MyDrive/all dataset/yoga/person3/yoga_3_aug_5519ef97.mp4,0
yoga,person3,yoga_3_aug_94560615.mp4,/content/drive/MyDrive/all dataset/yoga/person3/yoga_3_aug_94560615.mp4,0
yoga,person3,yoga_3_aug_efeee071.mp4,/content/drive/MyDrive/all dataset/yoga/person3/yoga_3_aug_efeee071.mp4,0
yoga,person3,yoga_3_aug_fc9edd90.mp4,/content/drive/MyDrive/all dataset/yoga/person3/yoga_3_aug_fc9edd90.mp4,0
yoga,person3,yoga_3_aug_e0927b86.mp4,/content/drive/MyDrive/all dataset/yoga/person3/yoga_3_aug_e0927b86.mp4,0
yoga,person3,yoga_3_aug_c7487747.mp4,/content/drive/MyDrive/all dataset/yoga/person3/yoga_3_aug_c7487747.mp4,0
yoga,person3,yoga_3_aug_034e550e.mp4,/content/drive/MyDrive/all dataset/yoga/person3/yoga_3_aug_034e550e.mp4,0
yoga,person3,yoga_3_aug_f379b909.mp4,/content/drive/MyDrive/all dataset/yoga/person3/yoga_3_aug_f379b909.mp4,0
yoga,person3,yoga_3_aug_b32b30a7.mp4,/content/drive/MyDrive/all dataset/yoga/person3/yoga_3_aug_b32b30a7.mp4,0
yoga,person4,yoga_4.mp4,/content/drive/MyDrive/all dataset/yoga/person4/yoga_4.mp4,0
yoga,person4,yoga_4_aug_1.mp4,/content/drive/MyDrive/all dataset/yoga/person4/yoga_4_aug_1.mp4,0
yoga,person4,yoga_4_aug_2.mp4,/content/drive/MyDrive/all dataset/yoga/person4/yoga_4_aug_2.mp4,0
yoga,person4,yoga_4_aug_3.mp4,/content/drive/MyDrive/all dataset/yoga/person4/yoga_4_aug_3.mp4,0
yoga,person4,yoga_4_aug_4.mp4,/content/drive/MyDrive/all dataset/yoga/person4/yoga_4_aug_4.mp4,0
yoga,person4,yoga_4_aug_5.mp4,/content/drive/MyDrive/all dataset/yoga/person4/yoga_4_aug_5.mp4,0
yoga,person4,yoga_4_aug_6.mp4,/content/drive/MyDrive/all dataset/yoga/person4/yoga_4_aug_6.mp4,0
yoga,person4,yoga_4_aug_7.mp4,/content/drive/MyDrive/all dataset/yoga/person4/yoga_4_aug_7.mp4,0
yoga,person4,yoga_4_aug_10.mp4,/content/drive/MyDrive/all dataset/yoga/person4/yoga_4_aug_10.mp4,0
yoga,person4,yoga_4_aug_11.mp4,/content/drive/MyDrive/all dataset/yoga/person4/yoga_4_aug_11.mp4,0
yoga,person4,yoga_4_aug1.mp4,/content/drive/MyDrive/all dataset/yoga/person4/yoga_4_aug1.mp4,0
yoga,person4,yoga_4_aug_a4d336d6.mp4,/content/drive/MyDrive/all dataset/yoga/person4/yoga_4_aug_a4d336d6.mp4,0
yoga,person4,yoga_4_aug_e7e6f3f1.mp4,/content/drive/MyDrive/all dataset/yoga/person4/yoga_4_aug_e7e6f3f1.mp4,0
yoga,person4,yoga_4_aug_51e77b76.mp4,/content/drive/MyDrive/all dataset/yoga/person4/yoga_4_aug_51e77b76.mp4,0
yoga,person4,yoga_4_aug_fd8c2fe6.mp4,/content/drive/MyDrive/all dataset/yoga/person4/yoga_4_aug_fd8c2fe6.mp4,0
yoga,person4,yoga_4_aug_63702730.mp4,/content/drive/MyDrive/all dataset/yoga/person4/yoga_4_aug_63702730.mp4,0
yoga,person4,yoga_4_aug_d45fc72f.mp4,/content/drive/MyDrive/all dataset/yoga/person4/yoga_4_aug_d45fc72f.mp4,0
yoga,person4,yoga_4_aug_7322d9af.mp4,/content/drive/MyDrive/all dataset/yoga/person4/yoga_4_aug_7322d9af.mp4,0
yoga,person4,yoga_4_aug_dbc1e2a7.mp4,/content/drive/MyDrive/all dataset/yoga/person4/yoga_4_aug_dbc1e2a7.mp4,0
yoga,person4,yoga_4_aug_4d9204b0.mp4,/content/drive/MyDrive/all dataset/yoga/person4/yoga_4_aug_4d9204b0.mp4,0
yoga,person5,yoga_5.mp4,/content/drive/MyDrive/all dataset/yoga/person5/yoga_5.mp4,0
yoga,person5,yoga_5_aug_1.mp4,/content/drive/MyDrive/all dataset/yoga/person5/yoga_5_aug_1.mp4,0
yoga,person5,yoga_5_aug_2.mp4,/content/drive/MyDrive/all dataset/yoga/person5/yoga_5_aug_2.mp4,0
yoga,person5,yoga_5_aug_3.mp4,/content/drive/MyDrive/all dataset/yoga/person5/yoga_5_aug_3.mp4,0
yoga,person5,yoga_5_aug_4.mp4,/content/drive/MyDrive/all dataset/yoga/person5/yoga_5_aug_4.mp4,0
yoga,person5,yoga_5_aug_6.mp4,/content/drive/MyDrive/all dataset/yoga/person5/yoga_5_aug_6.mp4,0
yoga,person5,yoga_5_aug_7.mp4,/content/drive/MyDrive/all dataset/yoga/person5/yoga_5_aug_7.mp4,0
yoga,person5,yoga_5_aug_8.mp4,/content/drive/MyDrive/all dataset/yoga/person5/yoga_5_aug_8.mp4,0
yoga,person5,yoga_5_aug_9.mp4,/content/drive/MyDrive/all dataset/yoga/person5/yoga_5_aug_9.mp4,0
yoga,person5,yoga_5_aug_10.mp4,/content/drive/MyDrive/all dataset/yoga/person5/yoga_5_aug_10.mp4,0
yoga,person5,yoga_5_aug1.mp4,/content/drive/MyDrive/all dataset/yoga/person5/yoga_5_aug1.mp4,0
yoga,person5,yoga_5_aug_30f49b84.mp4,/content/drive/MyDrive/all dataset/yoga/person5/yoga_5_aug_30f49b84.mp4,0
yoga,person5,yoga_5_aug_6d7c7a16.mp4,/content/drive/MyDrive/all dataset/yoga/person5/yoga_5_aug_6d7c7a16.mp4,0
yoga,person5,yoga_5_aug_8c85eb0a.mp4,/content/drive/MyDrive/all dataset/yoga/person5/yoga_5_aug_8c85eb0a.mp4,0
yoga,person5,yoga_5_aug_6f6f6d06.mp4,/content/drive/MyDrive/all dataset/yoga/person5/yoga_5_aug_6f6f6d06.mp4,0
yoga,person5,yoga_5_aug_d711064d.mp4,/content/drive/MyDrive/all dataset/yoga/person5/yoga_5_aug_d711064d.mp4,0
yoga,person5,yoga_5_aug_460e62c7.mp4,/content/drive/MyDrive/all dataset/yoga/person5/yoga_5_aug_460e62c7.mp4,0
yoga,person5,yoga_5_aug_e6a8271b.mp4,/content/drive/MyDrive/all dataset/yoga/person5/yoga_5_aug_e6a8271b.mp4,0
yoga,person5,yoga_5_aug_4fc90ba6.mp4,/content/drive/MyDrive/all dataset/yoga/person5/yoga_5_aug_4fc90ba6.mp4,0
yoga,person5,yoga_5_aug_0e112d2f.mp4,/content/drive/MyDrive/all dataset/yoga/person5/yoga_5_aug_0e112d2f.mp4,0
yoga,person6,yoga_6.mp4,/content/drive/MyDrive/all dataset/yoga/person6/yoga_6.mp4,0
yoga,person6,yoga_6_aug_1.mp4,/content/drive/MyDrive/all dataset/yoga/person6/yoga_6_aug_1.mp4,0
yoga,person6,yoga_6_aug_3.mp4,/content/drive/MyDrive/all dataset/yoga/person6/yoga_6_aug_3.mp4,0
yoga,person6,yoga_6_aug_5.mp4,/content/drive/MyDrive/all dataset/yoga/person6/yoga_6_aug_5.mp4,0
yoga,person6,yoga_6_aug_6.mp4,/content/drive/MyDrive/all dataset/yoga/person6/yoga_6_aug_6.mp4,0
yoga,person6,yoga_6_aug_7.mp4,/content/drive/MyDrive/all dataset/yoga/person6/yoga_6_aug_7.mp4,0
yoga,person6,yoga_6_aug_8.mp4,/content/drive/MyDrive/all dataset/yoga/person6/yoga_6_aug_8.mp4,0
yoga,person6,yoga_6_aug_9.mp4,/content/drive/MyDrive/all dataset/yoga/person6/yoga_6_aug_9.mp4,0
yoga,person6,yoga_6_aug_10.mp4,/content/drive/MyDrive/all dataset/yoga/person6/yoga_6_aug_10.mp4,0
yoga,person6,yoga_6_aug_11.mp4,/content/drive/MyDrive/all dataset/yoga/person6/yoga_6_aug_11.mp4,0
yoga,person6,yoga_6_aug1.mp4,/content/drive/MyDrive/all dataset/yoga/person6/yoga_6_aug1.mp4,0
yoga,person6,yoga_6_aug_8b226f12.mp4,/content/drive/MyDrive/all dataset/yoga/person6/yoga_6_aug_8b226f12.mp4,0
yoga,person6,yoga_6_aug_a02c7d3f.mp4,/content/drive/MyDrive/all dataset/yoga/person6/yoga_6_aug_a02c7d3f.mp4,0
yoga,person6,yoga_6_aug_4876f5d9.mp4,/content/drive/MyDrive/all dataset/yoga/person6/yoga_6_aug_4876f5d9.mp4,0
yoga,person6,yoga_6_aug_ebe998bb.mp4,/content/drive/MyDrive/all dataset/yoga/person6/yoga_6_aug_ebe998bb.mp4,0
yoga,person6,yoga_6_aug_b1c73ba6.mp4,/content/drive/MyDrive/all dataset/yoga/person6/yoga_6_aug_b1c73ba6.mp4,0
yoga,person6,yoga_6_aug_d88cc56e.mp4,/content/drive/MyDrive/all dataset/yoga/person6/yoga_6_aug_d88cc56e.mp4,0
yoga,person6,yoga_6_aug_554cf2f4.mp4,/content/drive/MyDrive/all dataset/yoga/person6/yoga_6_aug_554cf2f4.mp4,0
yoga,person6,yoga_6_aug_6e4f039b.mp4,/content/drive/MyDrive/all dataset/yoga/person6/yoga_6_aug_6e4f039b.mp4,0
yoga,person6,yoga_6_aug_1d36751b.mp4,/content/drive/MyDrive/all dataset/yoga/person6/yoga_6_aug_1d36751b.mp4,0
yoga,person7,yoga_7.mp4,/content/drive/MyDrive/all dataset/yoga/person7/yoga_7.mp4,0
yoga,person7,yoga_7_aug_3.mp4,/content/drive/MyDrive/all dataset/yoga/person7/yoga_7_aug_3.mp4,0
yoga,person7,yoga_7_aug_5.mp4,/content/drive/MyDrive/all dataset/yoga/person7/yoga_7_aug_5.mp4,0
yoga,person7,yoga_7_aug_6.mp4,/content/drive/MyDrive/all dataset/yoga/person7/yoga_7_aug_6.mp4,0
yoga,person7,yoga_7_aug_7.mp4,/content/drive/MyDrive/all dataset/yoga/person7/yoga_7_aug_7.mp4,0
yoga,person7,yoga_7_aug_8.mp4,/content/drive/MyDrive/all dataset/yoga/person7/yoga_7_aug_8.mp4,0
yoga,person7,yoga_7_aug_9.mp4,/content/drive/MyDrive/all dataset/yoga/person7/yoga_7_aug_9.mp4,0
yoga,person7,yoga_7_aug_10.mp4,/content/drive/MyDrive/all dataset/yoga/person7/yoga_7_aug_10.mp4,0
yoga,person7,yoga_7_aug_11.mp4,/content/drive/MyDrive/all dataset/yoga/person7/yoga_7_aug_11.mp4,0
yoga,person7,yoga_12.mp4,/content/drive/MyDrive/all dataset/yoga/person7/yoga_12.mp4,0
yoga,person7,yoga_12_aug1.mp4,/content/drive/MyDrive/all dataset/yoga/person7/yoga_12_aug1.mp4,0
yoga,person7,yoga_7_aug1.mp4,/content/drive/MyDrive/all dataset/yoga/person7/yoga_7_aug1.mp4,0
yoga,person7,yoga_12_aug_9b7eb670.mp4,/content/drive/MyDrive/all dataset/yoga/person7/yoga_12_aug_9b7eb670.mp4,0
yoga,person7,yoga_7_aug_870c51e7.mp4,/content/drive/MyDrive/all dataset/yoga/person7/yoga_7_aug_870c51e7.mp4,0
yoga,person7,yoga_12_aug_94a98b4f.mp4,/content/drive/MyDrive/all dataset/yoga/person7/yoga_12_aug_94a98b4f.mp4,0
yoga,person7,yoga_7_aug_cfd747c9.mp4,/content/drive/MyDrive/all dataset/yoga/person7/yoga_7_aug_cfd747c9.mp4,0
yoga,person7,yoga_12_aug_f0570f0a.mp4,/content/drive/MyDrive/all dataset/yoga/person7/yoga_12_aug_f0570f0a.mp4,0
yoga,person7,yoga_7_aug_dc28beb9.mp4,/content/drive/MyDrive/all dataset/yoga/person7/yoga_7_aug_dc28beb9.mp4,0
yoga,person7,yoga_12_aug_e515ec4b.mp4,/content/drive/MyDrive/all dataset/yoga/person7/yoga_12_aug_e515ec4b.mp4,0
yoga,person7,yoga_7_aug_d23a8f7f.mp4,/content/drive/MyDrive/all dataset/yoga/person7/yoga_7_aug_d23a8f7f.mp4,0
yoga,person8,yoga_8.mp4,/content/drive/MyDrive/all dataset/yoga/person8/yoga_8.mp4,0
yoga,person8,yoga_8_aug_1.mp4,/content/drive/MyDrive/all dataset/yoga/person8/yoga_8_aug_1.mp4,0
yoga,person8,yoga_8_aug_2.mp4,/content/drive/MyDrive/all dataset/yoga/person8/yoga_8_aug_2.mp4,0
yoga,person8,yoga_8_aug_4.mp4,/content/drive/MyDrive/all dataset/yoga/person8/yoga_8_aug_4.mp4,0
yoga,person8,yoga_8_aug_5.mp4,/content/drive/MyDrive/all dataset/yoga/person8/yoga_8_aug_5.mp4,0
yoga,person8,yoga_8_aug_6.mp4,/content/drive/MyDrive/all dataset/yoga/person8/yoga_8_aug_6.mp4,0
yoga,person8,yoga_8_aug_7.mp4,/content/drive/MyDrive/all dataset/yoga/person8/yoga_8_aug_7.mp4,0
yoga,person8,yoga_8_aug_8.mp4,/content/drive/MyDrive/all dataset/yoga/person8/yoga_8_aug_8.mp4,0
yoga,person8,yoga_8_aug_9.mp4,/content/drive/MyDrive/all dataset/yoga/person8/yoga_8_aug_9.mp4,0
yoga,person8,yoga_8_aug_10.mp4,/content/drive/MyDrive/all dataset/yoga/person8/yoga_8_aug_10.mp4,0
yoga,person8,yoga_8_aug1.mp4,/content/drive/MyDrive/all dataset/yoga/person8/yoga_8_aug1.mp4,0
yoga,person8,yoga_8_aug_cc38ec63.mp4,/content/drive/MyDrive/all dataset/yoga/person8/yoga_8_aug_cc38ec63.mp4,0
yoga,person8,yoga_8_aug_de6dd2cc.mp4,/content/drive/MyDrive/all dataset/yoga/person8/yoga_8_aug_de6dd2cc.mp4,0
yoga,person8,yoga_8_aug_8ad29c4c.mp4,/content/drive/MyDrive/all dataset/yoga/person8/yoga_8_aug_8ad29c4c.mp4,0
yoga,person8,yoga_8_aug_76707722.mp4,/content/drive/MyDrive/all dataset/yoga/person8/yoga_8_aug_76707722.mp4,0
yoga,person8,yoga_8_aug_f7279f0b.mp4,/content/drive/MyDrive/all dataset/yoga/person8/yoga_8_aug_f7279f0b.mp4,0
yoga,person8,yoga_8_aug_b68585b5.mp4,/content/drive/MyDrive/all dataset/yoga/person8/yoga_8_aug_b68585b5.mp4,0
yoga,person8,yoga_8_aug_006c33a9.mp4,/content/drive/MyDrive/all dataset/yoga/person8/yoga_8_aug_006c33a9.mp4,0
yoga,person8,yoga_8_aug_6e12cc73.mp4,/content/drive/MyDrive/all dataset/yoga/person8/yoga_8_aug_6e12cc73.mp4,0
yoga,person8,yoga_8_aug_2fe34284.mp4,/content/drive/MyDrive/all dataset/yoga/person8/yoga_8_aug_2fe34284.mp4,0
yoga,person9,yoga_9.mp4,/content/drive/MyDrive/all dataset/yoga/person9/yoga_9.mp4,0
yoga,person9,yoga_9_aug_1.mp4,/content/drive/MyDrive/all dataset/yoga/person9/yoga_9_aug_1.mp4,0
yoga,person9,yoga_9_aug_4.mp4,/content/drive/MyDrive/all dataset/yoga/person9/yoga_9_aug_4.mp4,0
yoga,person9,yoga_9_aug_5.mp4,/content/drive/MyDrive/all dataset/yoga/person9/yoga_9_aug_5.mp4,0
yoga,person9,yoga_9_aug_6.mp4,/content/drive/MyDrive/all dataset/yoga/person9/yoga_9_aug_6.mp4,0
yoga,person9,yoga_9_aug_7.mp4,/content/drive/MyDrive/all dataset/yoga/person9/yoga_9_aug_7.mp4,0
yoga,person9,yoga_9_aug_8.mp4,/content/drive/MyDrive/all dataset/yoga/person9/yoga_9_aug_8.mp4,0
yoga,person9,yoga_9_aug_9.mp4,/content/drive/MyDrive/all dataset/yoga/person9/yoga_9_aug_9.mp4,0
yoga,person9,yoga_9_aug_10.mp4,/content/drive/MyDrive/all dataset/yoga/person9/yoga_9_aug_10.mp4,0
yoga,person9,yoga_9_aug_11.mp4,/content/drive/MyDrive/all dataset/yoga/person9/yoga_9_aug_11.mp4,0
yoga,person9,yoga_9_aug1.mp4,/content/drive/MyDrive/all dataset/yoga/person9/yoga_9_aug1.mp4,0
yoga,person9,yoga_9_aug_b6472a3e.mp4,/content/drive/MyDrive/all dataset/yoga/person9/yoga_9_aug_b6472a3e.mp4,0
yoga,person9,yoga_9_aug_3b65d1b3.mp4,/content/drive/MyDrive/all dataset/yoga/person9/yoga_9_aug_3b65d1b3.mp4,0
yoga,person9,yoga_9_aug_840d296b.mp4,/content/drive/MyDrive/all dataset/yoga/person9/yoga_9_aug_840d296b.mp4,0
yoga,person9,yoga_9_aug_657c45f9.mp4,/content/drive/MyDrive/all dataset/yoga/person9/yoga_9_aug_657c45f9.mp4,0
yoga,person9,yoga_9_aug_33e2dc85.mp4,/content/drive/MyDrive/all dataset/yoga/person9/yoga_9_aug_33e2dc85.mp4,0
yoga,person9,yoga_9_aug_994a5f84.mp4,/content/drive/MyDrive/all dataset/yoga/person9/yoga_9_aug_994a5f84.mp4,0
yoga,person9,yoga_9_aug_a8a1fd23.mp4,/content/drive/MyDrive/all dataset/yoga/person9/yoga_9_aug_a8a1fd23.mp4,0
yoga,person9,yoga_9_aug_9acb21fe.mp4,/content/drive/MyDrive/all dataset/yoga/person9/yoga_9_aug_9acb21fe.mp4,0
yoga,person9,yoga_9_aug_37ca5c84.mp4,/content/drive/MyDrive/all dataset/yoga/person9/yoga_9_aug_37ca5c84.mp4,0
